afe_output_relative_time_ui,afe_output_pulse_v_per_pam_unit
-1053.875,1.5837047957430282e-06
-1053.75,3.1673934994117717e-06
-1053.625,4.751066165673298e-06
-1053.5,6.3347228491907635e-06
-1053.375,7.918363604623477e-06
-1053.25,9.501988486626907e-06
-1053.125,1.1085597549852564e-05
-1053.0,1.2669190848948167e-05
-1052.875,1.2669063642814499e-05
-1052.75,1.2668936873909108e-05
-1052.625,1.2668810542200891e-05
-1052.5,1.2668684647659302e-05
-1052.375,1.2668559190253294e-05
-1052.25,1.2668434169952596e-05
-1052.125,1.2668309586726451e-05
-1052.0,1.266818544054448e-05
-1051.875,1.266806173137659e-05
-1051.75,1.266793845919232e-05
-1051.625,1.2667815623961893e-05
-1051.5,1.2667693225655117e-05
-1051.375,1.2667571264242532e-05
-1051.25,1.2667449739694145e-05
-1051.125,1.2667328651980509e-05
-1051.0,1.266720800107204e-05
-1050.875,1.2667087786939218e-05
-1050.75,1.266696800955278e-05
-1050.625,1.266684866888339e-05
-1050.5,1.2666729764902035e-05
-1050.375,1.266661129757958e-05
-1050.25,1.2666493266887162e-05
-1050.125,1.2666375672796113e-05
-1050.0,1.2666258515277832e-05
-1049.875,1.2666141794303707e-05
-1049.75,1.2666025509845308e-05
-1049.625,1.2665909661874198e-05
-1049.5,1.2665794250361835e-05
-1049.375,1.2665679275279859e-05
-1049.25,1.2665564736599811e-05
-1049.125,1.2665450634293598e-05
-1049.0,1.2665336968333228e-05
-1048.875,1.2665223738690738e-05
-1048.75,1.2665110945338237e-05
-1048.625,1.2664998588248737e-05
-1048.5,1.266488666739464e-05
-1048.375,1.2664775182748979e-05
-1048.25,1.2664664134284464e-05
-1048.125,1.266455352197395e-05
-1048.0,1.2664443345790194e-05
-1047.875,1.266433360570632e-05
-1047.75,1.2664224301695393e-05
-1047.625,1.2664115433730013e-05
-1047.5,1.2664007001783869e-05
-1047.375,1.2663899005830133e-05
-1047.25,1.2663791445842564e-05
-1047.125,1.2663684321794788e-05
-1047.0,1.2663577633660546e-05
-1046.875,1.266347138141368e-05
-1046.75,1.2663365565028017e-05
-1046.625,1.2663260184477735e-05
-1046.5,1.2663155239736636e-05
-1046.375,1.2663050730778857e-05
-1046.25,1.2662946657578534e-05
-1046.125,1.2662843020109971e-05
-1046.0,1.2662739818347563e-05
-1045.875,1.2662637052265837e-05
-1045.75,1.266253472183947e-05
-1045.625,1.2662432827043283e-05
-1045.5,1.2662331367852068e-05
-1045.375,1.2662230344241057e-05
-1045.25,1.2662129756185389e-05
-1045.125,1.2662029603660398e-05
-1045.0,1.2661929886641562e-05
-1044.875,1.2661830605104534e-05
-1044.75,1.2661731759024883e-05
-1044.625,1.2661633348378278e-05
-1044.5,1.2661535373140632e-05
-1044.375,1.2661437833287515e-05
-1044.25,1.2661340728794905e-05
-1044.125,1.266124405963881e-05
-1044.0,1.2661147825795231e-05
-1043.875,1.2661052027240193e-05
-1043.75,1.2660956663950177e-05
-1043.625,1.2660861735901372e-05
-1043.5,1.2660767243070362e-05
-1043.375,1.2660673185433718e-05
-1043.25,1.2660579562968107e-05
-1043.125,1.2660486375650166e-05
-1043.0,1.266039362345692e-05
-1042.875,1.266030130636527e-05
-1042.75,1.266020942435235e-05
-1042.625,1.2660117977395315e-05
-1042.5,1.2660026965471618e-05
-1042.375,1.2659936388558732e-05
-1042.25,1.265984624663433e-05
-1042.125,1.2659756539676082e-05
-1042.0,1.265966726766174e-05
-1041.875,1.2659578430569334e-05
-1041.75,1.2659490028376661e-05
-1041.625,1.2659402061061975e-05
-1041.5,1.2659314528603263e-05
-1041.375,1.2659227430978988e-05
-1041.25,1.2659140768167324e-05
-1041.125,1.2659054540146864e-05
-1041.0,1.2658968746896164e-05
-1040.875,1.2658883388393858e-05
-1040.75,1.2658798464618689e-05
-1040.625,1.265871397554904e-05
-1040.5,1.2658629921164284e-05
-1040.375,1.2658546301443022e-05
-1040.25,1.2658463116363982e-05
-1040.125,1.2658380365906545e-05
-1040.0,1.2658298050049967e-05
-1039.875,1.2658216168773333e-05
-1039.75,1.2658134722056344e-05
-1039.625,1.265805370987904e-05
-1039.5,1.2657973132220983e-05
-1039.375,1.2657892989062349e-05
-1039.25,1.2657813280383482e-05
-1039.125,1.2657734006164391e-05
-1039.0,1.2657655166385141e-05
-1038.875,1.2657576761026264e-05
-1038.75,1.2657498790067938e-05
-1038.625,1.2657421253490558e-05
-1038.5,1.2657344151274398e-05
-1038.375,1.2657267483399878e-05
-1038.25,1.2657191249847638e-05
-1038.125,1.2657115450598288e-05
-1038.0,1.2657040085632815e-05
-1037.875,1.2656965154931994e-05
-1037.75,1.2656890658477116e-05
-1037.625,1.2656816596249274e-05
-1037.5,1.2656742968229913e-05
-1037.375,1.2656669774400584e-05
-1037.25,1.2656597014742914e-05
-1037.125,1.2656524689238684e-05
-1037.0,1.2656452797869814e-05
-1036.875,1.2656381340618277e-05
-1036.75,1.2656310317465982e-05
-1036.625,1.2656239728395301e-05
-1036.5,1.2656169573388235e-05
-1036.375,1.2656099852427134e-05
-1036.25,1.2656030565494385e-05
-1036.125,1.265596171257225e-05
-1036.0,1.2655893293643422e-05
-1035.875,1.2655825308690365e-05
-1035.75,1.265575775769584e-05
-1035.625,1.2655690640642403e-05
-1035.5,1.2655623957512967e-05
-1035.375,1.265555770829036e-05
-1035.25,1.265549189295768e-05
-1035.125,1.265542651149812e-05
-1035.0,1.2655361563894792e-05
-1034.875,1.2655297050131368e-05
-1034.75,1.2655232970191398e-05
-1034.625,1.2655169324058731e-05
-1034.5,1.2655106111717264e-05
-1034.375,1.2655043333151047e-05
-1034.25,1.2654980988344254e-05
-1034.125,1.2654919077280855e-05
-1034.0,1.2654857599945177e-05
-1033.875,1.2654796556321279e-05
-1033.75,1.2654735946393575e-05
-1033.625,1.2654675770146255e-05
-1033.5,1.265461602756389e-05
-1033.375,1.2654556718630944e-05
-1033.25,1.2654497843332032e-05
-1033.125,1.2654439401651938e-05
-1033.0,1.2654381393575695e-05
-1032.875,1.2654323819087971e-05
-1032.75,1.2654266678174158e-05
-1032.625,1.2654209970819375e-05
-1032.5,1.2654153697008823e-05
-1032.375,1.2654097856727881e-05
-1032.25,1.2654042449962082e-05
-1032.125,1.265398747669731e-05
-1032.0,1.2653932936919221e-05
-1031.875,1.2653878830614031e-05
-1031.75,1.265382515776748e-05
-1031.625,1.2653771918366086e-05
-1031.5,1.2653719112395896e-05
-1031.375,1.265366673984339e-05
-1031.25,1.265361480069483e-05
-1031.125,1.2653563294936758e-05
-1031.0,1.265351222255554e-05
-1030.875,1.2653461583537897e-05
-1030.75,1.2653411377870463e-05
-1030.625,1.2653361605539717e-05
-1030.5,1.2653312266532706e-05
-1030.375,1.2653263360836263e-05
-1030.25,1.2653214888437386e-05
-1030.125,1.2653166849323282e-05
-1030.0,1.26531192434811e-05
-1029.875,1.2653072070898309e-05
-1029.75,1.2653025331562393e-05
-1029.625,1.2652979025461128e-05
-1029.5,1.265293315258222e-05
-1029.375,1.2652887712913616e-05
-1029.25,1.2652842706443423e-05
-1029.125,1.2652798133159552e-05
-1029.0,1.2652753993050231e-05
-1028.875,1.2652710286103774e-05
-1028.75,1.2652667012308486e-05
-1028.625,1.2652624171652776e-05
-1028.5,1.2652581764125235e-05
-1028.375,1.2652539789714593e-05
-1028.25,1.2652498248409834e-05
-1028.125,1.2652457140199813e-05
-1028.0,1.2652416465073717e-05
-1027.875,1.2652376223020457e-05
-1027.75,1.2652336414029197e-05
-1027.625,1.2652297038088985e-05
-1027.5,1.2652258095189148e-05
-1027.375,1.2652219585318812e-05
-1027.25,1.265218150846718e-05
-1027.125,1.2652143864623738e-05
-1027.0,1.265210665377813e-05
-1026.875,1.2652069875919617e-05
-1026.75,1.2652033531020139e-05
-1026.625,1.265199761849954e-05
-1026.5,1.265196212663496e-05
-1026.375,1.2651926895064492e-05
-1026.25,1.2651890410769318e-05
-1026.125,1.2651842466526324e-05
-1026.0,1.2651731994924011e-05
-1025.875,1.2651362989521163e-05
-1025.75,1.2650140714404783e-05
-1025.625,1.2646601118203178e-05
-1025.5,1.2637755245847735e-05
-1025.375,1.2618448714328057e-05
-1025.25,1.258106233278791e-05
-1025.125,1.2515840634226005e-05
-1025.0,1.2411921005230745e-05
-1024.875,1.2258877632466175e-05
-1024.75,1.2048446500388948e-05
-1024.625,1.1776101047540317e-05
-1024.5,1.1442217482980806e-05
-1024.375,1.105261508147189e-05
-1024.25,1.0618294904949331e-05
-1024.125,1.0154313705709912e-05
-1024.0,9.677944145895096e-06
-1023.875,9.20649893353248e-06
-1023.75,8.755303913590694e-06
-1023.625,8.336232230904752e-06
-1023.5000000000001,7.957005877932098e-06
-1023.3749999999999,7.621239137318297e-06
-1023.2499999999999,7.32903239232651e-06
-1023.1249999999999,7.077860527576144e-06
-1023.0,6.863522419956868e-06
-1022.875,6.680987555658223e-06
-1022.75,6.525054764697094e-06
-1022.625,6.390802636475684e-06
-1022.5,6.273852581192189e-06
-1022.375,6.17048515781384e-06
-1022.25,6.077654233299515e-06
-1022.1250000000001,5.992938417121677e-06
-1021.9999999999999,5.914460303395536e-06
-1021.8749999999999,5.840794730680668e-06
-1021.7499999999999,5.770879277464851e-06
-1021.625,5.703934158097839e-06
-1021.5,5.639394529589545e-06
-1021.375,5.576855630251998e-06
-1021.25,5.516029736155753e-06
-1021.125,5.456713265552995e-06
-1021.0,5.398762187983769e-06
-1020.875,5.3420739907134465e-06
-1020.7500000000001,5.28657467928394e-06
-1020.6249999999999,5.232209554765425e-06
-1020.4999999999999,5.1789367694581165e-06
-1020.3749999999999,5.126722891831033e-06
-1020.25,5.075539901970766e-06
-1020.125,5.0253631907232805e-06
-1020.0,4.9761702531148436e-06
-1019.875,4.927939855149253e-06
-1019.75,4.8806515184891906e-06
-1019.625,4.834285215025405e-06
-1019.5000000000001,4.788821197320293e-06
-1019.3750000000001,4.7442399148897064e-06
-1019.2499999999999,4.700521982986582e-06
-1019.1249999999999,4.657648182044226e-06
-1018.9999999999999,4.615599473735735e-06
-1018.875,4.574357024846629e-06
-1018.75,4.533902233607042e-06
-1018.625,4.4942167553857574e-06
-1018.5,4.4552825260774864e-06
-1018.375,4.417081782404466e-06
-1018.25,4.379597078893764e-06
-1018.1250000000001,4.342811301596061e-06
-1018.0000000000001,4.3067076787754035e-06
-1017.8749999999999,4.271269788871327e-06
-1017.7499999999999,4.236481566062956e-06
-1017.625,4.202327303745134e-06
-1017.5,4.1687916562141825e-06
-1017.375,4.135859638822788e-06
-1017.25,4.103516626837301e-06
-1017.125,4.071748353195645e-06
-1017.0,4.040540905339996e-06
-1016.875,4.009880721273776e-06
-1016.7500000000001,3.979754584967996e-06
-1016.6250000000001,3.950149621229689e-06
-1016.4999999999999,3.9210532901214715e-06
-1016.3749999999999,3.892453381020467e-06
-1016.25,3.864338006379021e-06
-1016.125,3.836695595252543e-06
-1016.0,3.809514886646877e-06
-1015.875,3.782784922728066e-06
-1015.75,3.75649504193782e-06
-1015.625,3.7306348720478677e-06
-1015.5,3.705194323184774e-06
-1015.3750000000001,3.680163580849422e-06
-1015.2500000000001,3.6555330989571544e-06
-1015.1249999999999,3.6312935929180117e-06
-1014.9999999999999,3.6074360327729546e-06
-1014.875,3.583951636404079e-06
-1014.75,3.5608318628288806e-06
-1014.625,3.5380684055917708e-06
-1014.5,3.515653186262019e-06
-1014.375,3.493578348045211e-06
-1014.25,3.471836249515638e-06
-1014.125,3.4504194584744347e-06
-1014.0000000000001,3.4293207459384326e-06
-1013.8750000000001,3.4085330802625415e-06
-1013.7499999999999,3.388049621397954e-06
-1013.6249999999999,3.3678637152889786e-06
-1013.5,3.347968888408042e-06
-1013.375,3.3283588424301307e-06
-1013.25,3.309027449047326e-06
-1013.125,3.2899687449208205e-06
-1013.0,3.271176926771728e-06
-1012.875,3.2526463466076557e-06
-1012.75,3.2343715070848125e-06
-1012.6250000000001,3.216347057002108e-06
-1012.5000000000001,3.198567786926983e-06
-1012.3749999999999,3.1810286249498778e-06
-1012.2499999999999,3.1637246325637994e-06
-1012.125,3.146651000668756e-06
-1012.0,3.129803045696499e-06
-1011.875,3.113176205853411e-06
-1011.75,3.0967660374789807e-06
-1011.625,3.080568211517051e-06
-1011.5,3.0645785100961933e-06
-1011.3750000000001,3.0487928232171837e-06
-1011.2500000000001,3.0332071455443766e-06
-1011.1249999999999,3.0178175732982266e-06
-1010.9999999999999,3.0026203012455533e-06
-1010.8749999999999,2.987611619785697e-06
-1010.75,2.9727879121289446e-06
-1010.625,2.9581456515645367e-06
-1010.5,2.9436813988163635e-06
-1010.375,2.92939179948235e-06
-1010.25,2.9152735815560996e-06
-1010.125,2.9013235530276424e-06
-1010.0000000000001,2.8875385995608453e-06
-1009.8750000000001,2.8739156822450814e-06
-1009.7499999999999,2.8604518354190406e-06
-1009.6249999999999,2.8471441645640324e-06
-1009.4999999999999,2.8339898442642115e-06
-1009.375,2.820986116232603e-06
-1009.25,2.8081302873997586e-06
-1009.125,2.795419728063265e-06
-1009.0,2.7828518700962583e-06
-1008.875,2.7704242052129075e-06
-1008.75,2.758134283288913e-06
-1008.6250000000001,2.745979710734863e-06
-1008.5000000000001,2.733958148922296e-06
-1008.3749999999999,2.7220673126567506e-06
-1008.2499999999999,2.710304968702462e-06
-1008.125,2.6986689343504208e-06
-1008.0,2.687157076033004e-06
-1007.875,2.675767307981446e-06
-1007.75,2.664497590924343e-06
-1007.625,2.653345930828728e-06
-1007.5,2.6423103776774527e-06
-1007.375,2.6313890242877548e-06
-1007.2500000000001,2.6205800051622616e-06
-1007.1250000000001,2.6098814953792824e-06
-1006.9999999999999,2.599291709514355e-06
-1006.8749999999999,2.588808900596195e-06
-1006.75,2.5784313590942867e-06
-1006.625,2.568157411936647e-06
-1006.5,2.557985421558159e-06
-1006.375,2.5479137849769646e-06
-1006.25,2.5379409328998663e-06
-1006.125,2.5280653288523837e-06
-1006.0,2.518285468337242e-06
-1005.8750000000001,2.5085998780160786e-06
-1005.7500000000001,2.499007114917012e-06
-1005.6249999999999,2.489505765664344e-06
-1005.4999999999999,2.4800944457318075e-06
-1005.375,2.4707717987173845e-06
-1005.25,2.461536495639504e-06
-1005.125,2.452387234254226e-06
-1005.0,2.443322738391202e-06
-1004.875,2.4343417573104425e-06
-1004.75,2.4254430650755536e-06
-1004.625,2.416625459947518e-06
-1004.5000000000001,2.4078877637933705e-06
-1004.3749999999999,2.3992288215138683e-06
-1004.2499999999999,2.390647500485996e-06
-1004.1249999999999,2.382142690022105e-06
-1004.0,2.3737133008439512e-06
-1003.875,2.365358264571612e-06
-1003.75,2.3570765332270423e-06
-1003.625,2.3488670787508658e-06
-1003.5,2.340728892533236e-06
-1003.375,2.3326609849574484e-06
-1003.25,2.3246623849559236e-06
-1003.1250000000001,2.31673213957885e-06
-1002.9999999999999,2.308869313574367e-06
-1002.8749999999999,2.3010729889802362e-06
-1002.7499999999999,2.293342264726776e-06
-1002.625,2.2856762562502913e-06
-1002.5,2.278074095117446e-06
-1002.375,2.27053492865884e-06
-1002.25,2.2630579196135326e-06
-1002.125,2.2556422457819722e-06
-1002.0,2.2482870996889296e-06
-1001.8750000000001,2.2409916882550007e-06
-1001.7500000000001,2.2337552324770705e-06
-1001.6249999999999,2.2265769671167935e-06
-1001.4999999999999,2.219456140397421e-06
-1001.3749999999999,2.2123920137087213e-06
-1001.25,2.20538386131929e-06
-1001.125,2.1984309700964808e-06
-1001.0,2.191532639233564e-06
-1000.875,2.184688179983514e-06
-1000.75,2.1778969153997795e-06
-1000.625,2.17115818008435e-06
-1000.5000000000001,2.1644713199412095e-06
-1000.3750000000001,2.157835691936726e-06
-1000.2499999999999,2.151250663865299e-06
-1000.1249999999999,2.1447156141222413e-06
-1000.0,2.1382299314806628e-06
-999.875,2.131793014875752e-06
-999.75,2.1254042731927544e-06
-999.625,2.119063125060748e-06
-999.5,2.11276899865213e-06
-999.375,2.1065213314862236e-06
-999.25,2.100319570238121e-06
-999.1250000000001,2.09416317055188e-06
-999.0000000000001,2.0880515968586705e-06
-998.8749999999999,2.0819843221989374e-06
-998.7499999999999,2.075960828049289e-06
-998.625,2.0699806041530043e-06
-998.5,2.064043148354669e-06
-998.375,2.058147966439361e-06
-998.25,2.0522945719750265e-06
-998.125,2.0464824861584947e-06
-998.0,2.0407112376655246e-06
-997.875,2.034980362504153e-06
-997.7500000000001,2.029289403871742e-06
-997.6250000000001,2.0236379120150203e-06
-997.4999999999999,2.0180254440937e-06
-997.3749999999999,2.012451564046788e-06
-997.25,2.006915842462585e-06
-997.125,2.0014178564509912e-06
-997.0,1.995957189519548e-06
-996.875,1.9905334314515055e-06
-996.75,1.985146178187013e-06
-996.625,1.9797950317069773e-06
-996.5,1.974479599919579e-06
-996.3750000000001,1.9691994965496668e-06
-996.2500000000001,1.963954341029699e-06
-996.1249999999999,1.9587437583941305e-06
-995.9999999999999,1.9535673791757434e-06
-995.875,1.9484248393039894e-06
-995.75,1.9433157800058138e-06
-995.625,1.9382398477090082e-06
-995.5,1.9331966939469635e-06
-995.375,1.928185975265826e-06
-995.25,1.9232073531340734e-06
-995.125,1.9182604938535077e-06
-995.0000000000001,1.913345068472216e-06
-994.8750000000001,1.9084607526997915e-06
-994.7499999999999,1.9036072268242279e-06
-994.6249999999999,1.8987841756304591e-06
-994.5,1.8939912883203616e-06
-994.375,1.8892282584351704e-06
-994.25,1.8844947837789143e-06
-994.125,1.8797905663440024e-06
-994.0,1.875115312237701e-06
-993.875,1.8704687316106238e-06
-993.75,1.865850538586801e-06
-993.6250000000001,1.8612604511948545e-06
-993.5000000000001,1.8566981913009936e-06
-993.3749999999999,1.8521634845428824e-06
-993.2499999999999,1.8476560602653915e-06
-993.125,1.8431756514572706e-06
-993.0,1.8387219946885518e-06
-992.875,1.834294830051531e-06
-992.75,1.8298939010997166e-06
-992.625,1.8255189547903475e-06
-992.5,1.8211697414277822e-06
-992.3750000000001,1.8168460146069677e-06
-992.2500000000001,1.812547531158739e-06
-992.1250000000001,1.8082740510968998e-06
-991.9999999999999,1.8040253375661635e-06
-991.8749999999999,1.799801156788234e-06
-991.75,1.795601278013951e-06
-991.625,1.7914254734719243e-06
-991.5,1.7872735183207194e-06
-991.375,1.7831451906012068e-06
-991.25,1.7790402711902539e-06
-991.125,1.7749585437535697e-06
-991.0000000000001,1.7708997947021202e-06
-990.8750000000001,1.766863813147974e-06
-990.7499999999999,1.7628503908608228e-06
-990.6249999999999,1.7588593222258203e-06
-990.5,1.7548904042022328e-06
-990.375,1.7509434362821315e-06
-990.25,1.7470182204510764e-06
-990.125,1.7431145611487592e-06
-990.0,1.7392322652301683e-06
-989.875,1.7353711419284114e-06
-989.75,1.7315310028173983e-06
-989.6250000000001,1.7277116617756904e-06
-989.5000000000001,1.7239129349505662e-06
-989.3749999999999,1.7201346407236094e-06
-989.2499999999999,1.7163765996756527e-06
-989.125,1.712638634553587e-06
-989.0,1.7089205702371666e-06
-988.875,1.7052222337064516e-06
-988.75,1.701543454009908e-06
-988.625,1.6978840622332552e-06
-988.5,1.694243891468738e-06
-988.375,1.690622776784811e-06
-988.2500000000001,1.6870205551969238e-06
-988.1249999999999,1.6834370656379282e-06
-987.9999999999999,1.679872148929994e-06
-987.8749999999999,1.6763256477562294e-06
-987.75,1.672797406633073e-06
-987.625,1.6692872718834464e-06
-987.5,1.6657950916102018e-06
-987.375,1.6623207156699652e-06
-987.25,1.6588639956472035e-06
-987.125,1.6554247848296768e-06
-987.0,1.652002938183034e-06
-986.8750000000001,1.64859831232694e-06
-986.7499999999999,1.6452107655109406e-06
-986.6249999999999,1.6418401575912637e-06
-986.4999999999999,1.6384863500073187e-06
-986.375,1.6351492057595142e-06
-986.25,1.6318285893865143e-06
-986.125,1.6285243669438925e-06
-986.0,1.6252364059821332e-06
-985.875,1.6219645755257563e-06
-985.75,1.618708746052771e-06
-985.625,1.615468789473695e-06
-985.5000000000001,1.6122445791119452e-06
-985.3749999999999,1.6090359896836077e-06
-985.2499999999999,1.6058428972784987e-06
-985.1249999999999,1.602665179340527e-06
-985.0,1.5995027146493249e-06
-984.875,1.5963553833017569e-06
-984.75,1.5932230666936773e-06
-984.625,1.5901056475018207e-06
-984.5,1.5870030096667666e-06
-984.375,1.5839150383759896e-06
-984.2500000000001,1.5808416200458763e-06
-984.1250000000001,1.5777826423056e-06
-983.9999999999999,1.5747379939809239e-06
-983.8749999999999,1.571707565077396e-06
-983.7499999999999,1.5686912467648273e-06
-983.625,1.5656889313621007e-06
-983.5,1.5627005123211375e-06
-983.375,1.559725884211478e-06
-983.25,1.5567649427066791e-06
-983.125,1.5538175845688554e-06
-983.0,1.5508837076340142e-06
-982.8750000000001,1.5479632107985005e-06
-982.7500000000001,1.5450559940045186e-06
-982.6249999999999,1.5421619582264957e-06
-982.4999999999999,1.5392810054574895e-06
-982.3749999999999,1.5364130386963376e-06
-982.25,1.5335579619338651e-06
-982.125,1.5307156801406557e-06
-982.0,1.5278860992542925e-06
-981.875,1.5250691261664952e-06
-981.75,1.5222646687114134e-06
-981.625,1.5194726356529669e-06
-981.5000000000001,1.516692936673217e-06
-981.3750000000001,1.5139254823600755e-06
-981.2499999999999,1.5111701841964791e-06
-981.1249999999999,1.5084269545485317e-06
-981.0,1.5056957066545357e-06
-980.875,1.5029763546141902e-06
-980.75,1.5002688133775958e-06
-980.625,1.4975729987347856e-06
-980.5,1.494888827305245e-06
-980.375,1.4922162165267857e-06
-980.25,1.4895550846457896e-06
-980.1250000000001,1.4869053507068035e-06
-980.0000000000001,1.4842669345427288e-06
-979.8749999999999,1.4816397567653158e-06
-979.7499999999999,1.4790237387555683e-06
-979.625,1.476418802654584e-06
-979.5,1.4738248713538202e-06
-979.375,1.4712418684864057e-06
-979.25,1.4686697184172333e-06
-979.125,1.466108346234424e-06
-979.0,1.4635576777404819e-06
-978.875,1.4610176394437913e-06
-978.7500000000001,1.4584881585498228e-06
-978.6250000000001,1.4559691629529371e-06
-978.4999999999999,1.4534605812278468e-06
-978.3749999999999,1.450962342622184e-06
-978.25,1.4484743770478316e-06
-978.125,1.445996615073578e-06
-978.0,1.4435289879168092e-06
-977.875,1.4410714274356505e-06
-977.75,1.438623866121375e-06
-977.625,1.436186237090798e-06
-977.5,1.433758474079266e-06
-977.3750000000001,1.4313405114332782e-06
-977.2500000000001,1.428932284103709e-06
-977.1249999999999,1.4265337276385625e-06
-976.9999999999999,1.4241447781758816e-06
-976.875,1.421765372436959e-06
-976.75,1.4193954477190946e-06
-976.625,1.4170349418897714e-06
-976.5,1.4146837933789246e-06
-976.375,1.4123419411734374e-06
-976.25,1.410009324810286e-06
-976.125,1.4076858843707136e-06
-976.0000000000001,1.4053715604732977e-06
-975.8750000000001,1.4030662942685394e-06
-975.7499999999999,1.4007700274326782e-06
-975.6249999999999,1.3984827021608591e-06
-975.5,1.3962042611624963e-06
-975.375,1.3939346476543206e-06
-975.25,1.3916738053554164e-06
-975.125,1.38942167848098e-06
-975.0,1.387178211737335e-06
-974.875,1.3849433503160813e-06
-974.7500000000001,1.3827170398892332e-06
-974.6250000000001,1.380499226603116e-06
-974.5000000000001,1.3782898570735938e-06
-974.3749999999999,1.3760888783807948e-06
-974.2499999999999,1.373896238063823e-06
-974.125,1.37171188411559e-06
-974.0,1.3695357649781152e-06
-973.875,1.3673678295372807e-06
-973.75,1.365208027118103e-06
-973.625,1.3630563074802485e-06
-973.5,1.3609126208128581e-06
-973.3750000000001,1.3587769177300008e-06
-973.2500000000001,1.3566491492662186e-06
-973.1249999999999,1.3545292668718463e-06
-972.9999999999999,1.3524172224085024e-06
-972.875,1.3503129681446377e-06
-972.75,1.3482164567510582e-06
-972.625,1.3461276412968195e-06
-972.5,1.3440464752446726e-06
-972.375,1.3419729124474367e-06
-972.25,1.3399069071428492e-06
-972.125,1.3378484139507353e-06
-972.0000000000001,1.335797387867974e-06
-971.8750000000001,1.333753784265019e-06
-971.7499999999999,1.3317175588816932e-06
-971.6249999999999,1.3296886678232589e-06
-971.5,1.327667067556936e-06
-971.375,1.325652714907463e-06
-971.25,1.3236455670542348e-06
-971.125,1.3216455815266055e-06
-971.0,1.3196527162011458e-06
-970.875,1.3176669292975924e-06
-970.75,1.3156881793752173e-06
-970.6250000000001,1.3137164253296855e-06
-970.4999999999999,1.3117516263892167e-06
-970.3749999999999,1.3097937421113566e-06
-970.2499999999999,1.3078427323792656e-06
-970.125,1.305898557398799e-06
-970.0,1.3039611776949584e-06
-969.875,1.3020305541084993e-06
-969.75,1.3001066477929653e-06
-969.625,1.298189420211649e-06
-969.5,1.2962788331339296e-06
-969.375,1.2943748486326467e-06
-969.2500000000001,1.2924774290808877e-06
-969.1249999999999,1.2905865371488334e-06
-968.9999999999999,1.288702135800903e-06
-968.8749999999999,1.2868241882927951e-06
-968.75,1.284952658168666e-06
-968.625,1.2830875092582258e-06
-968.5,1.281228705673511e-06
-968.375,1.279376211806474e-06
-968.25,1.2775299923265013e-06
-968.125,1.2756900121768216e-06
-968.0,1.2738562365722267e-06
-967.8750000000001,1.2720286309967638e-06
-967.7499999999999,1.27020716120036e-06
-967.6249999999999,1.2683917931963757e-06
-967.4999999999999,1.2665824932594688e-06
-967.375,1.2647792279228431e-06
-967.25,1.2629819639751826e-06
-967.125,1.2611906684591263e-06
-967.0,1.2594053086681664e-06
-966.875,1.257625852144356e-06
-966.75,1.255852266675872e-06
-966.625,1.2540845202946137e-06
-966.5000000000001,1.2523225812741284e-06
-966.3749999999999,1.250566418126847e-06
-966.2499999999999,1.248815999602105e-06
-966.1249999999999,1.247071294683664e-06
-966.0,1.245332272587575e-06
-965.875,1.2435989027599875e-06
-965.75,1.2418711548750288e-06
-965.625,1.2401489988325255e-06
-965.5,1.2384324047557784e-06
-965.375,1.236721342989611e-06
-965.2500000000001,1.2350157840981498e-06
-965.1250000000001,1.233315698862836e-06
-964.9999999999999,1.2316210582803604e-06
-964.8749999999999,1.229931833560618e-06
-964.7499999999999,1.2282479961247398e-06
-964.625,1.2265695176030408e-06
-964.5,1.2248963698332542e-06
-964.375,1.2232285248584994e-06
-964.25,1.2215659549252688e-06
-964.125,1.2199086324817529e-06
-964.0,1.2182565301758935e-06
-963.8750000000001,1.216609620853195e-06
-963.7500000000001,1.214967877555323e-06
-963.6249999999999,1.213331273518237e-06
-963.4999999999999,1.2116997821702742e-06
-963.375,1.2100733771302937e-06
-963.25,1.208452032206354e-06
-963.125,1.2068357213935873e-06
-963.0,1.205224418872596e-06
-962.875,1.203618099008094e-06
-962.75,1.2020167363465748e-06
-962.625,1.2004203056153532e-06
-962.5000000000001,1.1988287817203075e-06
-962.3750000000001,1.197242139744858e-06
-962.2499999999999,1.195660354947898e-06
-962.1249999999999,1.1940834027622922e-06
-962.0,1.1925112587937717e-06
-961.875,1.1909438988186043e-06
-961.75,1.1893812987829845e-06
-961.625,1.1878234348006803e-06
-961.5,1.1862702831522585e-06
-961.375,1.1847218202829825e-06
-961.25,1.1831780228016007e-06
-961.1250000000001,1.1816388674791823e-06
-961.0000000000001,1.1801043312469737e-06
-960.8749999999999,1.1785743911948138e-06
-960.7499999999999,1.177049024571228e-06
-960.625,1.175528208781199e-06
-960.5,1.1740119213834305e-06
-960.375,1.1725001400917155e-06
-960.25,1.1709928427711968e-06
-960.125,1.1694900074389558e-06
-960.0,1.1679916122606968e-06
-959.875,1.1664976355523917e-06
-959.7500000000001,1.1650080557754978e-06
-959.6250000000001,1.1635228515377234e-06
-959.4999999999999,1.1620420015923882e-06
-959.3749999999999,1.1605654848345607e-06
-959.25,1.1590932803025538e-06
-959.125,1.157625367174691e-06
-959.0,1.1561617247699708e-06
-958.875,1.1547023325447988e-06
-958.75,1.1532471700934026e-06
-958.625,1.1517962171456141e-06
-958.5,1.1503494535666258e-06
-958.3750000000001,1.148906859355481e-06
-958.2500000000001,1.1474684146436923e-06
-958.1249999999999,1.146034099694266e-06
-957.9999999999999,1.1446038949008134e-06
-957.875,1.1431777807862795e-06
-957.75,1.1417557380018065e-06
-957.625,1.1403377473256915e-06
-957.5,1.1389237896624365e-06
-957.375,1.1375138460414864e-06
-957.25,1.1361078976165622e-06
-957.1250000000001,1.1347059256639897e-06
-957.0000000000001,1.1333079115822077e-06
-956.8750000000001,1.1319138368905117e-06
-956.7499999999999,1.13052368322819e-06
-956.6249999999999,1.1291374323536479e-06
-956.5,1.1277550661428145e-06
-956.375,1.1263765665887642e-06
-956.25,1.125001915800718e-06
-956.125,1.1236310960028436e-06
-956.0,1.1222640895333577e-06
-955.875,1.1209008788436837e-06
-955.7500000000001,1.1195414464974375e-06
-955.6250000000001,1.1181857751694723e-06
-955.4999999999999,1.116833847645334e-06
-955.3749999999999,1.115485646819918e-06
-955.2499999999999,1.1141411556967006e-06
-955.125,1.1128003573871693e-06
-955.0,1.1114632351097221e-06
-954.875,1.1101297721888328e-06
-954.75,1.1087999520540876e-06
-954.625,1.107473758239497e-06
-954.5,1.1061511743824583e-06
-954.3750000000001,1.1048321842230512e-06
-954.2500000000001,1.1035167716032148e-06
-954.1249999999999,1.1022049204656581e-06
-953.9999999999999,1.100896614853307e-06
-953.875,1.099591838908536e-06
-953.75,1.0982905768723525e-06
-953.625,1.0969928130834987e-06
-953.5,1.0956985319778216e-06
-953.375,1.094407718087494e-06
-953.25,1.0931203560401628e-06
-953.125,1.0918364305583047e-06
-953.0000000000001,1.0905559264583337e-06
-952.8750000000001,1.089278828650345e-06
-952.7499999999999,1.0880051221365234e-06
-952.6249999999999,1.0867347920111526e-06
-952.5,1.0854678234597446e-06
-952.375,1.0842042017581845e-06
-952.25,1.082943912271764e-06
-952.125,1.0816869404552838e-06
-952.0,1.080433271851142e-06
-951.875,1.0791828920898655e-06
-951.75,1.0779357868889624e-06
-951.6250000000001,1.0766919420519377e-06
-951.4999999999999,1.0754513434680756e-06
-951.3749999999999,1.0742139771113844e-06
-951.2499999999999,1.072979829040585e-06
-951.125,1.0717488853974755e-06
-951.0,1.070521132407918e-06
-950.875,1.0692965563789533e-06
-950.75,1.0680751436999212e-06
-950.625,1.0668568808413387e-06
-950.5,1.065641754353861e-06
-950.375,1.06442975086846e-06
-950.2500000000001,1.0632208570951114e-06
-950.1249999999999,1.0620150598226505e-06
-949.9999999999999,1.0608123459178553e-06
-949.8749999999999,1.0596127023250844e-06
-949.75,1.058416116065476e-06
-949.625,1.057222574236674e-06
-949.5,1.0560320640120005e-06
-949.375,1.0548445726399041e-06
-949.25,1.0536600874435705e-06
-949.125,1.0524785958203593e-06
-949.0,1.0513000852408311e-06
-948.8750000000001,1.0501245432489592e-06
-948.7499999999999,1.0489519574610048e-06
-948.6249999999999,1.0477823155651817e-06
-948.4999999999999,1.0466156053206812e-06
-948.375,1.0454518145580042e-06
-948.25,1.0442909311775683e-06
-948.125,1.043132943149846e-06
-948.0,1.041977838514432e-06
-947.875,1.0408256053796993e-06
-947.75,1.0396762319223622e-06
-947.6250000000001,1.0385297063866977e-06
-947.5000000000001,1.0373860170847001e-06
-947.3749999999999,1.0362451523947212e-06
-947.2499999999999,1.0351071007616198e-06
-947.1249999999999,1.0339718506957426e-06
-947.0,1.0328393907730368e-06
-946.875,1.0317097096340749e-06
-946.75,1.0305827959838212e-06
-946.625,1.029458638591137e-06
-946.5,1.0283372262882876e-06
-946.375,1.0272185479705832e-06
-946.2500000000001,1.0261025925958844e-06
-946.1250000000001,1.024989349184408e-06
-945.9999999999999,1.023878806817786e-06
-945.8749999999999,1.0227709546389155e-06
-945.75,1.0216657818514299e-06
-945.625,1.0205632777193003e-06
-945.5,1.019463431566403e-06
-945.375,1.0183662327761104e-06
-945.25,1.0172716707906059e-06
-945.125,1.016179735110734e-06
-945.0,1.0150904152957639e-06
-944.8750000000001,1.0140037009623976e-06
-944.7500000000001,1.0129195817849413e-06
-944.6249999999999,1.0118380474947168e-06
-944.4999999999999,1.010759087879971e-06
-944.375,1.009682692784214e-06
-944.25,1.008608852107621e-06
-944.125,1.0075375558051428e-06
-944.0,1.0064687938870574e-06
-943.875,1.0054025564184405e-06
-943.75,1.0043388335184145e-06
-943.625,1.0032776153598444e-06
-943.5000000000001,1.0022188921689103e-06
-943.3750000000001,1.001162654225545e-06
-943.2499999999999,1.0001088918619267e-06
-943.1249999999999,9.990575954627486e-07
-943.0,9.980087554646403e-07
-942.875,9.969623623558358e-07
-942.75,9.959184066757668e-07
-942.625,9.948768790150173e-07
-942.5,9.938377700145877e-07
-942.375,9.928010703658353e-07
-942.25,9.917667708101041e-07
-942.1250000000001,9.907348621382243e-07
-942.0000000000001,9.897053351900767e-07
-941.8749999999999,9.88678180854607e-07
-941.7499999999999,9.876533900693659e-07
-941.625,9.866309538201695e-07
-941.5,9.856108631405224e-07
-941.375,9.84593109111845e-07
-941.25,9.835776828624129e-07
-941.125,9.825645755677686e-07
-941.0,9.815537784499523e-07
-940.875,9.80545282777291e-07
-940.7500000000001,9.795390798639676e-07
-940.6250000000001,9.785351610697049e-07
-940.4999999999999,9.77533517799531e-07
-940.3749999999999,9.765341415035835e-07
-940.25,9.755370236767314e-07
-940.125,9.74542155858333e-07
-940.0,9.735495296318526e-07
-939.875,9.725591366247738e-07
-939.75,9.715709685082834e-07
-939.625,9.705850169968823e-07
-939.5,9.696012738481672e-07
-939.3750000000001,9.686197308621278e-07
-939.2500000000001,9.676403798812413e-07
-939.1249999999999,9.66663212790051e-07
-938.9999999999999,9.656882215150003e-07
-938.875,9.64715398024021e-07
-938.75,9.637447343262803e-07
-938.625,9.627762224721091e-07
-938.5,9.618098545527134e-07
-938.375,9.60845622699804e-07
-938.25,9.598835190855098e-07
-938.1250000000001,9.58923535921796e-07
-938.0000000000001,9.579656654603235e-07
-937.8750000000001,9.57009899992181e-07
-937.7499999999999,9.56056231847739e-07
-937.6249999999999,9.551046533960222e-07
-937.5,9.541551570450124e-07
-937.375,9.532077352409778e-07
-937.25,9.522623804685194e-07
-937.125,9.513190852499882e-07
-937.0,9.503778421458985e-07
-936.875,9.494386437538382e-07
-936.7500000000001,9.485014827085992e-07
-936.6249999999999,9.475663516821218e-07
-936.5000000000001,9.466332433825442e-07
-936.3749999999999,9.457021505549763e-07
-936.25,9.447730659805261e-07
-936.125,9.438459824762738e-07
-936.0,9.429208928952976e-07
-935.875,9.419977901265578e-07
-935.75,9.41076667094245e-07
-935.625,9.401575167578115e-07
-935.5,9.392403321115255e-07
-935.3750000000001,9.383251061842642e-07
-935.2499999999999,9.374118320392446e-07
-935.1250000000001,9.365005027743381e-07
-934.9999999999999,9.355911115209667e-07
-934.875,9.346836514443774e-07
-934.75,9.337781157438215e-07
-934.625,9.328744976515049e-07
-934.5,9.319727904331438e-07
-934.375,9.310729873872668e-07
-934.25,9.301750818449064e-07
-934.125,9.292790671697716e-07
-934.0000000000001,9.283849367575952e-07
-933.8749999999999,9.27492684036675e-07
-933.7499999999999,9.266023024669765e-07
-933.6249999999999,9.257137855406766e-07
-933.5,9.248271267814333e-07
-933.375,9.239423197445115e-07
-933.25,9.230593580166435e-07
-933.125,9.221782352149263e-07
-933.0,9.212989449872674e-07
-932.875,9.204214810115491e-07
-932.75,9.195458369961286e-07
-932.6250000000001,9.186720066794822e-07
-932.4999999999999,9.177999838306241e-07
-932.3749999999999,9.16929762248712e-07
-932.2499999999999,9.160613357625168e-07
-932.125,9.151946982306028e-07
-932.0,9.143298435405318e-07
-931.875,9.13466765609399e-07
-931.75,9.126054583826438e-07
-931.625,9.117459158348475e-07
-931.5,9.108881319689171e-07
-931.375,9.100321008162587e-07
-931.2500000000001,9.091778164365902e-07
-931.1249999999999,9.08325272917661e-07
-930.9999999999999,9.074744643752782e-07
-930.8749999999999,9.066253849526784e-07
-930.75,9.057780288208861e-07
-930.625,9.049323901776474e-07
-930.5,9.040884632476668e-07
-930.375,9.032462422827125e-07
-930.25,9.024057215614699e-07
-930.125,9.015668953896658e-07
-930.0,9.00729758100042e-07
-929.8750000000001,8.998943040520989e-07
-929.7499999999999,8.990605276319781e-07
-929.6249999999999,8.982284232518011e-07
-929.4999999999999,8.973979853498222e-07
-929.375,8.965692083896173e-07
-929.25,8.957420868601792e-07
-929.125,8.949166152763224e-07
-929.0,8.940927881777196e-07
-928.875,8.932706001291901e-07
-928.75,8.924500457208441e-07
-928.6250000000001,8.916311195682884e-07
-928.5000000000001,8.908138163106806e-07
-928.3749999999999,8.899981306127256e-07
-928.2499999999999,8.891840571631953e-07
-928.1249999999999,8.88371590674929e-07
-928.0,8.875607258855572e-07
-927.875,8.86751457556765e-07
-927.75,8.859437804735042e-07
-927.625,8.851376894444866e-07
-927.5,8.843331793033596e-07
-927.375,8.835302449060272e-07
-927.2500000000001,8.827288811323338e-07
-927.1250000000001,8.819290828853629e-07
-926.9999999999999,8.811308450906598e-07
-926.8749999999999,8.803341626970344e-07
-926.75,8.795390306761838e-07
-926.625,8.787454440223952e-07
-926.5,8.779533977521367e-07
-926.375,8.771628869051601e-07
-926.25,8.763739065428153e-07
-926.125,8.755864517489006e-07
-926.0,8.748005176291607e-07
-925.8750000000001,8.740160993112146e-07
-925.7500000000001,8.732331919444634e-07
-925.6249999999999,8.724517906997347e-07
-925.4999999999999,8.716718907696772e-07
-925.375,8.708934873677693e-07
-925.25,8.701165757294558e-07
-925.125,8.69341151111e-07
-925.0,8.685672087902102e-07
-924.875,8.677947440652623e-07
-924.75,8.67023752255609e-07
-924.625,8.662542287013366e-07
-924.5000000000001,8.654861687632196e-07
-924.3750000000001,8.647195678221219e-07
-924.2499999999999,8.639544212792888e-07
-924.1249999999999,8.631907245562133e-07
-924.0,8.624284730944057e-07
-923.875,8.616676623557512e-07
-923.75,8.609082878216458e-07
-923.625,8.601503449935808e-07
-923.5,8.593938293923674e-07
-923.375,8.586387365588633e-07
-923.25,8.578850620530184e-07
-923.1250000000001,8.571328014541971e-07
-923.0000000000001,8.563819503609272e-07
-922.8749999999999,8.556325043907771e-07
-922.7499999999999,8.548844591803263e-07
-922.625,8.541378103849291e-07
-922.5,8.53392553678954e-07
-922.375,8.526486847554562e-07
-922.25,8.519061993260925e-07
-922.125,8.511650931209935e-07
-922.0,8.504253618887189e-07
-921.875,8.49687001396238e-07
-921.7500000000001,8.489500074285959e-07
-921.6250000000001,8.482143757888993e-07
-921.4999999999999,8.47480102298234e-07
-921.3749999999999,8.467471827954031e-07
-921.25,8.460156131373282e-07
-921.125,8.452853891984457e-07
-921.0,8.445565068709015e-07
-920.875,8.438289620642515e-07
-920.75,8.431027507052501e-07
-920.625,8.42377868738813e-07
-920.5000000000001,8.416543121260668e-07
-920.3750000000001,8.409320768458588e-07
-920.2500000000001,8.402111588936003e-07
-920.1249999999999,8.394915542820977e-07
-919.9999999999999,8.387732590405436e-07
-919.875,8.380562692152219e-07
-919.75,8.373405808691392e-07
-919.625,8.36626190081395e-07
-919.5,8.359130929481177e-07
-919.375,8.35201285581554e-07
-919.25,8.344907641104507e-07
-919.1250000000001,8.33781524679669e-07
-918.9999999999999,8.330735634502908e-07
-918.8750000000001,8.323668765990843e-07
-918.7499999999999,8.31661460319154e-07
-918.625,8.309573108193567e-07
-918.5,8.302544243243732e-07
-918.375,8.295527970745781e-07
-918.25,8.288524253258774e-07
-918.125,8.281533053497485e-07
-918.0,8.27455433433346e-07
-917.875,8.267588058790408e-07
-917.7500000000001,8.260634190045235e-07
-917.6249999999999,8.253692691425077e-07
-917.5000000000001,8.246763526411792e-07
-917.3749999999999,8.239846658635233e-07
-917.25,8.232942051876508e-07
-917.125,8.226049670064819e-07
-917.0,8.219169477277417e-07
-916.875,8.212301437737183e-07
-916.75,8.205445515817313e-07
-916.625,8.198601676033697e-07
-916.5,8.191769883046647e-07
-916.3750000000001,8.184950101661576e-07
-916.2499999999999,8.178142296828974e-07
-916.1249999999999,8.171346433641262e-07
-915.9999999999999,8.164562477331874e-07
-915.875,8.157790393279275e-07
-915.75,8.151030146997756e-07
-915.625,8.144281704144476e-07
-915.5,8.137545030516053e-07
-915.375,8.130820092046333e-07
-915.25,8.124106854806391e-07
-915.125,8.117405285003759e-07
-915.0000000000001,8.110715348985374e-07
-914.8749999999999,8.104037013230353e-07
-914.7499999999999,8.097370244354114e-07
-914.6249999999999,8.090715009107659e-07
-914.5,8.084071274373904e-07
-914.375,8.077439007170352e-07
-914.25,8.070818174645687e-07
-914.125,8.064208744078577e-07
-914.0,8.05761068287831e-07
-913.875,8.051023958584371e-07
-913.75,8.044448538866798e-07
-913.6250000000001,8.037884391522222e-07
-913.4999999999999,8.03133148447709e-07
-913.3749999999999,8.02478978578254e-07
-913.2499999999999,8.018259263619674e-07
-913.125,8.011739886294456e-07
-913.0,8.005231622238244e-07
-912.875,7.998734440008518e-07
-912.75,7.992248308284264e-07
-912.625,7.98577319586963e-07
-912.5,7.979309071693575e-07
-912.375,7.972855904802992e-07
-912.2500000000001,7.966413664372058e-07
-912.1249999999999,7.959982319696186e-07
-911.9999999999999,7.953561840186106e-07
-911.8749999999999,7.947152195376504e-07
-911.75,7.940753354918261e-07
-911.625,7.934365288586768e-07
-911.5,7.927987966265814e-07
-911.375,7.921621357966358e-07
-911.25,7.915265433809753e-07
-911.125,7.908920164034852e-07
-911.0000000000001,7.902585518999493e-07
-910.8750000000001,7.896261469174958e-07
-910.7499999999999,7.88994798515167e-07
-910.6249999999999,7.883645037625543e-07
-910.4999999999999,7.877352597413142e-07
-910.375,7.871070635440652e-07
-910.25,7.864799122744615e-07
-910.125,7.858538030475215e-07
-910.0,7.852287329893835e-07
-909.875,7.846046992371192e-07
-909.75,7.839816989387367e-07
-909.6250000000001,7.833597292534268e-07
-909.5000000000001,7.827387873512813e-07
-909.3749999999999,7.821188704132634e-07
-909.2499999999999,7.814999756310886e-07
-909.125,7.808821002072634e-07
-909.0,7.802652413549496e-07
-908.875,7.796493962979516e-07
-908.75,7.790345622707654e-07
-908.625,7.784207365185125e-07
-908.5,7.778079162966068e-07
-908.375,7.771960988710375e-07
-908.2500000000001,7.765852815181786e-07
-908.1250000000001,7.759754615248033e-07
-907.9999999999999,7.753666361878482e-07
-907.8749999999999,7.747588028144988e-07
-907.75,7.741519587219664e-07
-907.625,7.735461012377012e-07
-907.5,7.729412276991775e-07
-907.375,7.723373354538499e-07
-907.25,7.717344218592794e-07
-907.125,7.711324842827802e-07
-907.0,7.705315201016005e-07
-906.8750000000001,7.699315267030233e-07
-906.7500000000001,7.693325014839195e-07
-906.6249999999999,7.687344418507999e-07
-906.4999999999999,7.681373452199878e-07
-906.375,7.6754120901732e-07
-906.25,7.669460306784118e-07
-906.125,7.663518076485166e-07
-906.0,7.6575853738242e-07
-905.875,7.651662173443686e-07
-905.75,7.645748450081841e-07
-905.625,7.63984417857229e-07
-905.5000000000001,7.63394933384187e-07
-905.3750000000001,7.628063890908479e-07
-905.2499999999999,7.622187824883863e-07
-905.1249999999999,7.61632111096955e-07
-905.0,7.610463724458568e-07
-904.875,7.604615640734227e-07
-904.75,7.598776835272634e-07
-904.625,7.592947283639507e-07
-904.5,7.587126961488936e-07
-904.375,7.581315844565777e-07
-904.25,7.575513908702154e-07
-904.1250000000001,7.569721129822724e-07
-904.0000000000001,7.563937483936962e-07
-903.8749999999999,7.558162947144572e-07
-903.7499999999999,7.55239749562998e-07
-903.625,7.546641105664405e-07
-903.5,7.54089375360655e-07
-903.375,7.535155415902778e-07
-903.25,7.529426069083885e-07
-903.125,7.523705689765655e-07
-903.0,7.517994254650946e-07
-902.875,7.512291740524606e-07
-902.7500000000001,7.506598124257767e-07
-902.6250000000001,7.500913382804154e-07
-902.4999999999999,7.49523749320365e-07
-902.3749999999999,7.48957043257499e-07
-902.25,7.483912178121197e-07
-902.125,7.478262707127863e-07
-902.0,7.472621996962601e-07
-901.875,7.46699002507391e-07
-901.75,7.461366768992145e-07
-901.625,7.455752206328151e-07
-901.5000000000001,7.450146314770756e-07
-901.3749999999999,7.444549072092865e-07
-901.2500000000001,7.438960456145834e-07
-901.1249999999999,7.43338044485766e-07
-900.9999999999999,7.427809016236471e-07
-900.875,7.42224614837014e-07
-900.75,7.416691819422162e-07
-900.625,7.411146007636053e-07
-900.5,7.405608691331921e-07
-900.375,7.400079848906167e-07
-900.25,7.394559458831883e-07
-900.1250000000001,7.389047499662182e-07
-899.9999999999999,7.383543950022676e-07
-899.8750000000001,7.378048788615833e-07
-899.7499999999999,7.372561994219535e-07
-899.625,7.367083545687826e-07
-899.5,7.361613421947128e-07
-899.375,7.356151602001733e-07
-899.25,7.350698064927767e-07
-899.125,7.345252789872942e-07
-899.0,7.339815756060847e-07
-898.875,7.334386942786803e-07
-898.7500000000001,7.328966329419821e-07
-898.6249999999999,7.323553895398843e-07
-898.5000000000001,7.318149620237318e-07
-898.3749999999999,7.312753483521379e-07
-898.25,7.307365464904557e-07
-898.125,7.30198554411461e-07
-898.0,7.296613700950662e-07
-897.875,7.291249915282163e-07
-897.75,7.285894167047143e-07
-897.625,7.280546436254617e-07
-897.5,7.275206702982879e-07
-897.3750000000001,7.26987494737748e-07
-897.2499999999999,7.264551149655842e-07
-897.1249999999999,7.25923529009971e-07
-896.9999999999999,7.253927349065901e-07
-896.875,7.24862730696963e-07
-896.75,7.243335144297125e-07
-896.625,7.238050841606452e-07
-896.5,7.232774379516495e-07
-896.375,7.227505738708348e-07
-896.25,7.22224489994204e-07
-896.125,7.216991844043406e-07
-896.0000000000001,7.211746551893095e-07
-895.8749999999999,7.206509004448947e-07
-895.7499999999999,7.20127918273135e-07
-895.6249999999999,7.19605706781901e-07
-895.5,7.190842640863518e-07
-895.375,7.18563588308517e-07
-895.25,7.180436775755668e-07
-895.125,7.175245300213449e-07
-895.0,7.170061437862638e-07
-894.875,7.164885170171713e-07
-894.75,7.159716478668248e-07
-894.6250000000001,7.154555344948609e-07
-894.4999999999999,7.149401750667496e-07
-894.3749999999999,7.144255677540562e-07
-894.2499999999999,7.139117107349087e-07
-894.125,7.133986021936247e-07
-894.0,7.128862403206258e-07
-893.875,7.123746233121882e-07
-893.75,7.118637493710342e-07
-893.625,7.11353616705483e-07
-893.5,7.108442235302631e-07
-893.3750000000001,7.103355680659651e-07
-893.2500000000001,7.098276485391296e-07
-893.1249999999999,7.093204631822403e-07
-892.9999999999999,7.088140102337447e-07
-892.8749999999999,7.083082879380543e-07
-892.75,7.078032945454449e-07
-892.625,7.072990283121187e-07
-892.5,7.06795487500018e-07
-892.375,7.062926703768232e-07
-892.25,7.057905752160442e-07
-892.125,7.052892002969202e-07
-892.0000000000001,7.047885439043865e-07
-891.8750000000001,7.0428860432919e-07
-891.7499999999999,7.037893798677211e-07
-891.6249999999999,7.03290868822146e-07
-891.4999999999999,7.027930695001686e-07
-891.375,7.022959802151827e-07
-891.25,7.017995992860795e-07
-891.125,7.013039250373264e-07
-891.0,7.008089557989277e-07
-890.875,7.003146899063528e-07
-890.75,6.998211257005527e-07
-890.6250000000001,6.993282615280142e-07
-890.5000000000001,6.988360957405684e-07
-890.3749999999999,6.983446266957342e-07
-890.2499999999999,6.978538527562665e-07
-890.125,6.973637722903245e-07
-890.0,6.968743836714139e-07
-889.875,6.963856852782921e-07
-889.75,6.958976754948428e-07
-889.625,6.954103527103334e-07
-889.5,6.949237153193557e-07
-889.375,6.944377617217473e-07
-889.2500000000001,6.939524903225518e-07
-889.1250000000001,6.934678995323018e-07
-888.9999999999999,6.92983987766362e-07
-888.8749999999999,6.925007534456446e-07
-888.75,6.92018194995689e-07
-888.625,6.915363108476562e-07
-888.5,6.910550994371991e-07
-888.375,6.905745592055478e-07
-888.25,6.900946885987053e-07
-888.125,6.896154860678466e-07
-888.0,6.891369500690751e-07
-887.8750000000001,6.886590790637282e-07
-887.7500000000001,6.881818715180981e-07
-887.6249999999999,6.877053259026548e-07
-887.4999999999999,6.872294406937534e-07
-887.375,6.867542143719701e-07
-887.25,6.862796454231387e-07
-887.125,6.858057323374659e-07
-887.0,6.85332473610663e-07
-886.875,6.84859867742503e-07
-886.75,6.843879132383562e-07
-886.625,6.839166086082594e-07
-886.5000000000001,6.834459523668915e-07
-886.3750000000001,6.829759430335392e-07
-886.2499999999999,6.825065791322832e-07
-886.1249999999999,6.820378591919637e-07
-886.0,6.815697817460474e-07
-885.875,6.811023453327743e-07
-885.75,6.806355484948304e-07
-885.625,6.801693897798353e-07
-885.5,6.797038677396574e-07
-885.375,6.792389809310849e-07
-885.25,6.787747279151829e-07
-885.1250000000001,6.783111072576432e-07
-885.0000000000001,6.778481175286903e-07
-884.8749999999999,6.773857573029731e-07
-884.7499999999999,6.769240251596919e-07
-884.625,6.764629196825512e-07
-884.5,6.760024394597408e-07
-884.375,6.75542583083924e-07
-884.25,6.750833491524488e-07
-884.125,6.746247362666902e-07
-884.0,6.741667430327428e-07
-883.8750000000001,6.737093680608145e-07
-883.7500000000001,6.732526099658276e-07
-883.6250000000001,6.7279646736671e-07
-883.4999999999999,6.723409388867942e-07
-883.3749999999999,6.71886023153723e-07
-883.25,6.714317187993017e-07
-883.125,6.709780244599736e-07
-883.0,6.7052493877582e-07
-882.875,6.700724603916596e-07
-882.75,6.696205879562132e-07
-882.625,6.691693201225948e-07
-882.5000000000001,6.68718655547858e-07
-882.3749999999999,6.682685928933012e-07
-882.2500000000001,6.678191308245141e-07
-882.1249999999999,6.673702680109721e-07
-882.0,6.66922003126664e-07
-881.875,6.664743348493931e-07
-881.75,6.660272618611897e-07
-881.625,6.65580782847886e-07
-881.5,6.651348964998995e-07
-881.375,6.646896015113034e-07
-881.25,6.642448965802318e-07
-881.1250000000001,6.638007804089263e-07
-880.9999999999999,6.633572517036148e-07
-880.8750000000001,6.629143091744946e-07
-880.7499999999999,6.624719515355306e-07
-880.625,6.620301775050547e-07
-880.5,6.61588985804947e-07
-880.375,6.6114837516131e-07
-880.25,6.607083443037405e-07
-880.125,6.602688919659369e-07
-880.0,6.598300168852007e-07
-879.875,6.593917178030203e-07
-879.7500000000001,6.589539934649465e-07
-879.6249999999999,6.585168426195857e-07
-879.4999999999999,6.580802640198673e-07
-879.3749999999999,6.576442564224145e-07
-879.25,6.572088185876516e-07
-879.125,6.567739492796472e-07
-879.0,6.563396472661361e-07
-878.875,6.559059113187021e-07
-878.75,6.554727402124687e-07
-878.625,6.550401327266382e-07
-878.5,6.546080876438675e-07
-878.3750000000001,6.5417660375053e-07
-878.2499999999999,6.537456798367536e-07
-878.1249999999999,6.533153146964595e-07
-877.9999999999999,6.52885507127078e-07
-877.875,6.524562559297509e-07
-877.75,6.52027559908925e-07
-877.625,6.515994178728644e-07
-877.5,6.511718286333514e-07
-877.375,6.507447910055305e-07
-877.25,6.50318303808357e-07
-877.125,6.498923658640648e-07
-877.0000000000001,6.494669759985549e-07
-876.8749999999999,6.490421330409872e-07
-876.7499999999999,6.486178358243144e-07
-876.6249999999999,6.48194083184878e-07
-876.5,6.477708739625645e-07
-876.375,6.473482070006669e-07
-876.25,6.469260811458261e-07
-876.125,6.465044952481096e-07
-876.0,6.460834481612661e-07
-875.875,6.456629387423046e-07
-875.75,6.452429658516893e-07
-875.6250000000001,6.448235283531387e-07
-875.4999999999999,6.444046251136924e-07
-875.3749999999999,6.439862550039358e-07
-875.2499999999999,6.435684168977099e-07
-875.125,6.43151109672172e-07
-875.0,6.427343322077102e-07
-874.875,6.42318083388052e-07
-874.75,6.419023621000966e-07
-874.625,6.414871672341685e-07
-874.5,6.410724976836506e-07
-874.3750000000001,6.406583523453443e-07
-874.2500000000001,6.402447301192139e-07
-874.1249999999999,6.398316299084775e-07
-873.9999999999999,6.394190506195467e-07
-873.8749999999999,6.390069911621581e-07
-873.75,6.385954504491309e-07
-873.625,6.381844273965401e-07
-873.5,6.377739209236716e-07
-873.375,6.373639299527468e-07
-873.25,6.369544534093221e-07
-873.125,6.365454902221076e-07
-873.0000000000001,6.36137039322661e-07
-872.8750000000001,6.357290996456966e-07
-872.7499999999999,6.353216701293735e-07
-872.6249999999999,6.349147497148006e-07
-872.5,6.345083373458709e-07
-872.375,6.341024319699583e-07
-872.25,6.33697032537438e-07
-872.125,6.332921380014876e-07
-872.0,6.328877473186428e-07
-871.875,6.32483859448171e-07
-871.75,6.320804733523739e-07
-871.6250000000001,6.316775879963594e-07
-871.5000000000001,6.312752023484324e-07
-871.3749999999999,6.308733153798065e-07
-871.2499999999999,6.304719260645295e-07
-871.125,6.300710333798191e-07
-871.0,6.29670636305532e-07
-870.875,6.292707338247243e-07
-870.75,6.288713249231074e-07
-870.625,6.284724085896757e-07
-870.5,6.280739838161343e-07
-870.375,6.276760495968993e-07
-870.2500000000001,6.272786049293161e-07
-870.1250000000001,6.268816488137854e-07
-869.9999999999999,6.264851802534801e-07
-869.8749999999999,6.26089198254503e-07
-869.75,6.256937018257313e-07
-869.625,6.252986899787902e-07
-869.5,6.249041617283432e-07
-869.375,6.245101160918888e-07
-869.25,6.241165520894692e-07
-869.125,6.237234687440537e-07
-869.0,6.233308650813288e-07
-868.8750000000001,6.229387401296393e-07
-868.7500000000001,6.225470929201649e-07
-868.6249999999999,6.221559224867088e-07
-868.4999999999999,6.21765227865992e-07
-868.375,6.213750080970553e-07
-868.25,6.20985262221923e-07
-868.125,6.20595989285153e-07
-868.0,6.202071883341807e-07
-867.875,6.198188584190196e-07
-867.75,6.194309985925073e-07
-867.625,6.190436079100699e-07
-867.5000000000001,6.186566854296936e-07
-867.3750000000001,6.182702302123221e-07
-867.2499999999999,6.178842413215288e-07
-867.1249999999999,6.174987178234227e-07
-867.0,6.171136587867229e-07
-866.875,6.167290632826748e-07
-866.75,6.163449303851088e-07
-866.625,6.159612591703465e-07
-866.5,6.155780487172906e-07
-866.375,6.151952981073509e-07
-866.2500000000001,6.148130064246256e-07
-866.1250000000001,6.144311727554875e-07
-866.0000000000001,6.140497961890823e-07
-865.8749999999999,6.136688758171897e-07
-865.7499999999999,6.132884107338028e-07
-865.625,6.129084000357742e-07
-865.5,6.125288428223207e-07
-865.375,6.121497381952041e-07
-865.25,6.117710852583147e-07
-865.125,6.113928831184703e-07
-865.0,6.110151308846978e-07
-864.8750000000001,6.106378276687091e-07
-864.7499999999999,6.102609725847279e-07
-864.6250000000001,6.098845647493101e-07
-864.4999999999999,6.095086032817815e-07
-864.3749999999999,6.091330873033759e-07
-864.25,6.087580159383619e-07
-864.125,6.083833883128841e-07
-864.0,6.080092035555122e-07
-863.875,6.076354607973018e-07
-863.75,6.072621591717789e-07
-863.625,6.068892978145219e-07
-863.4999999999999,6.065168758630618e-07
-863.3750000000001,6.061448924582627e-07
-863.2499999999999,6.05773346742527e-07
-863.1250000000001,6.054022378610033e-07
-863.0,6.05031564961451e-07
-862.875,6.046613271933783e-07
-862.75,6.042915237085408e-07
-862.625,6.039221536616756e-07
-862.5,6.035532162097646e-07
-862.375,6.031847105116135e-07
-862.25,6.028166357284784e-07
-862.1249999999999,6.024489910243207e-07
-862.0000000000001,6.020817755648319e-07
-861.8749999999999,6.01714988518295e-07
-861.7500000000001,6.013486290551468e-07
-861.625,6.009826963478787e-07
-861.5,6.006171895713012e-07
-861.375,6.00252107902506e-07
-861.25,5.998874505208156e-07
-861.125,5.995232166074098e-07
-861.0,5.991594053459463e-07
-860.875,5.987960159223029e-07
-860.7499999999999,5.984330475246903e-07
-860.6250000000001,5.980704993432819e-07
-860.4999999999999,5.977083705704862e-07
-860.3750000000001,5.973466604008941e-07
-860.25,5.969853680316538e-07
-860.125,5.96624492661656e-07
-860.0,5.962640334921466e-07
-859.875,5.959039897263618e-07
-859.75,5.95544360569779e-07
-859.625,5.951851452297983e-07
-859.5,5.948263429161995e-07
-859.3749999999999,5.944679528406899e-07
-859.2500000000001,5.941099742169302e-07
-859.1249999999999,5.93752406260805e-07
-859.0000000000001,5.933952481903244e-07
-858.875,5.930384992253589e-07
-858.75,5.926821585879086e-07
-858.625,5.923262255022485e-07
-858.5,5.919706991944225e-07
-858.375,5.916155788926968e-07
-858.25,5.912608638272216e-07
-858.125,5.909065532306811e-07
-857.9999999999999,5.905526463373555e-07
-857.8750000000001,5.901991423837628e-07
-857.7499999999999,5.898460406083531e-07
-857.6249999999999,5.894933402518195e-07
-857.5,5.891410405565756e-07
-857.375,5.887891407672271e-07
-857.25,5.884376401302011e-07
-857.125,5.880865378938724e-07
-857.0,5.87735833308386e-07
-856.875,5.873855256263814e-07
-856.7500000000001,5.870356141022483e-07
-856.6249999999999,5.866860979921294e-07
-856.5000000000001,5.863369765543032e-07
-856.3749999999999,5.859882490489131e-07
-856.2499999999999,5.85639914738393e-07
-856.125,5.852919728866029e-07
-856.0,5.84944422759877e-07
-855.875,5.845972636258672e-07
-855.75,5.842504947545134e-07
-855.625,5.839041154173271e-07
-855.5,5.835581248881349e-07
-855.3750000000001,5.83212522442392e-07
-855.2499999999999,5.828673073574285e-07
-855.1250000000001,5.825224789125409e-07
-854.9999999999999,5.821780363888237e-07
-854.875,5.818339790694336e-07
-854.75,5.814903062389727e-07
-854.625,5.811470171844818e-07
-854.5,5.808041111944165e-07
-854.375,5.804615875592392e-07
-854.25,5.801194455711034e-07
-854.125,5.79777684524204e-07
-854.0000000000001,5.794363037144768e-07
-853.8749999999999,5.790953024395637e-07
-853.7500000000001,5.787546799990412e-07
-853.6249999999999,5.784144356941223e-07
-853.5,5.780745688279906e-07
-853.375,5.777350787054435e-07
-853.25,5.773959646331611e-07
-853.125,5.770572259195934e-07
-853.0,5.767188618749175e-07
-852.875,5.763808718112245e-07
-852.75,5.76043255042328e-07
-852.6250000000001,5.757060108840222e-07
-852.4999999999999,5.753691386534801e-07
-852.3750000000001,5.75032637669986e-07
-852.2499999999999,5.746965072542907e-07
-852.125,5.74360746728936e-07
-852.0,5.7402535541831e-07
-851.875,5.736903326484317e-07
-851.75,5.733556777468858e-07
-851.625,5.730213900429992e-07
-851.5,5.726874688679988e-07
-851.375,5.723539135546404e-07
-851.2500000000001,5.720207234375233e-07
-851.1249999999999,5.716878978528447e-07
-851.0000000000001,5.713554361384438e-07
-850.8749999999999,5.710233376339532e-07
-850.75,5.706916016805228e-07
-850.625,5.703602276210306e-07
-850.5,5.700292148000169e-07
-850.375,5.696985625636412e-07
-850.25,5.693682702598083e-07
-850.125,5.690383372380751e-07
-849.9999999999999,5.687087628495979e-07
-849.8750000000001,5.683795464471209e-07
-849.7499999999999,5.680506873852911e-07
-849.6250000000001,5.677221850201541e-07
-849.4999999999999,5.673940387094298e-07
-849.375,5.670662478124967e-07
-849.25,5.667388116902696e-07
-849.125,5.664117297052227e-07
-849.0,5.660850012213971e-07
-848.875,5.657586256047261e-07
-848.75,5.654326022222857e-07
-848.6249999999999,5.651069304428906e-07
-848.5000000000001,5.647816096371437e-07
-848.3749999999999,5.644566391771064e-07
-848.2500000000001,5.641320184361185e-07
-848.1249999999999,5.638077467899265e-07
-848.0,5.634838236147266e-07
-847.875,5.631602482886703e-07
-847.75,5.628370201918005e-07
-847.625,5.625141387058336e-07
-847.5,5.621916032133986e-07
-847.375,5.618694130989228e-07
-847.2499999999999,5.615475677486686e-07
-847.1250000000001,5.612260665495949e-07
-846.9999999999999,5.609049088913232e-07
-846.8750000000001,5.605840941641686e-07
-846.7499999999999,5.602636217602603e-07
-846.625,5.599434910726601e-07
-846.5,5.596237014965339e-07
-846.375,5.593042524282857e-07
-846.25,5.589851432658444e-07
-846.125,5.58666373408548e-07
-846.0,5.583479422573697e-07
-845.8749999999999,5.580298492147825e-07
-845.7500000000001,5.57712093684583e-07
-845.6249999999999,5.573946750724318e-07
-845.5000000000001,5.570775927852316e-07
-845.375,5.56760846231426e-07
-845.25,5.564444348208301e-07
-845.125,5.561283579649007e-07
-845.0,5.558126150761549e-07
-844.875,5.554972055689568e-07
-844.75,5.551821288586978e-07
-844.625,5.548673843624294e-07
-844.5000000000001,5.545529714985581e-07
-844.3750000000001,5.542388896869979e-07
-844.2499999999999,5.539251383491526e-07
-844.1249999999999,5.536117169073904e-07
-844.0,5.532986247857977e-07
-843.875,5.529858614098701e-07
-843.75,5.526734262063663e-07
-843.625,5.523613186033686e-07
-843.5,5.520495380304087e-07
-843.375,5.517380839184678e-07
-843.25,5.514269556996805e-07
-843.1249999999999,5.511161528079886e-07
-843.0000000000001,5.508056746786995e-07
-842.8749999999999,5.504955207480585e-07
-842.7499999999999,5.501856904542453e-07
-842.625,5.498761832365325e-07
-842.5,5.495669985356967e-07
-842.375,5.492581357934985e-07
-842.25,5.489495944535278e-07
-842.125,5.486413739603439e-07
-842.0,5.483334737598254e-07
-841.875,5.480258932993924e-07
-841.7499999999999,5.47718632027596e-07
-841.6250000000001,5.474116893941923e-07
-841.4999999999999,5.47105064850381e-07
-841.3749999999999,5.467987578486949e-07
-841.25,5.464927678427964e-07
-841.125,5.461870942880865e-07
-841.0,5.458817366411385e-07
-840.875,5.455766943598628e-07
-840.75,5.452719669035863e-07
-840.625,5.449675537328123e-07
-840.5,5.44663454309452e-07
-840.3749999999999,5.443596680969116e-07
-840.2500000000001,5.440561945595139e-07
-840.1249999999999,5.437530331627367e-07
-839.9999999999999,5.434501833732759e-07
-839.875,5.431476446595424e-07
-839.75,5.428454164905227e-07
-839.625,5.425434983370031e-07
-839.5,5.42241889670693e-07
-839.375,5.419405899645356e-07
-839.25,5.416395986928005e-07
-839.1250000000001,5.413389153312248e-07
-838.9999999999999,5.410385393568499e-07
-838.8750000000001,5.407384702473805e-07
-838.7499999999999,5.404387074826636e-07
-838.6249999999999,5.401392505431712e-07
-838.5,5.398400989109282e-07
-838.375,5.39541252068941e-07
-838.25,5.39242709501682e-07
-838.125,5.389444706944619e-07
-838.0,5.386465351340962e-07
-837.875,5.383489023085039e-07
-837.7500000000001,5.38051571706711e-07
-837.6249999999999,5.377545428190939e-07
-837.5000000000001,5.374578151371711e-07
-837.3749999999999,5.371613881537097e-07
-837.2499999999999,5.368652613627145e-07
-837.125,5.36569434259531e-07
-837.0,5.362739063403949e-07
-836.875,5.359786771028028e-07
-836.75,5.356837460453375e-07
-836.625,5.35389112667766e-07
-836.5,5.350947764709702e-07
-836.3750000000001,5.348007369569419e-07
-836.2499999999999,5.345069936289533e-07
-836.1250000000001,5.34213545991183e-07
-835.9999999999999,5.339203935493332e-07
-835.875,5.336275358102877e-07
-835.75,5.333349722820064e-07
-835.625,5.330427024735501e-07
-835.5,5.327507258952247e-07
-835.375,5.324590420583579e-07
-835.25,5.321676504756087e-07
-835.125,5.318765506607339e-07
-835.0000000000001,5.315857421285309e-07
-834.8749999999999,5.312952243948051e-07
-834.7500000000001,5.310049969766469e-07
-834.6249999999999,5.307150593922834e-07
-834.5,5.304254111608578e-07
-834.375,5.301360518029101e-07
-834.25,5.298469808397669e-07
-834.125,5.295581977941096e-07
-834.0,5.292697021894615e-07
-833.875,5.289814935507422e-07
-833.75,5.286935714036134e-07
-833.625,5.284059352751578e-07
-833.5,5.281185846933115e-07
-833.375,5.278315191874142e-07
-833.2499999999999,5.275447382874287e-07
-833.125,5.272582415245647e-07
-833.0,5.269720284316771e-07
-832.875,5.266860985420933e-07
-832.75,5.26400451390024e-07
-832.625,5.2611508651146e-07
-832.5,5.258300034426384e-07
-832.375,5.255452017215382e-07
-832.25,5.252606808871014e-07
-832.125,5.249764404788692e-07
-832.0,5.246924800376305e-07
-831.8749999999999,5.244087991052028e-07
-831.75,5.241253972247967e-07
-831.625,5.238422739399348e-07
-831.5,5.235594287965175e-07
-831.375,5.232768613399181e-07
-831.25,5.229945711174126e-07
-831.125,5.22712557677395e-07
-831.0,5.224308205687467e-07
-830.875,5.221493593417729e-07
-830.75,5.218681735479944e-07
-830.625,5.215872627394802e-07
-830.4999999999999,5.213066264691311e-07
-830.375,5.210262642914379e-07
-830.25,5.207461757615027e-07
-830.125,5.204663604357455e-07
-830.0,5.20186817871072e-07
-829.875,5.199075476258585e-07
-829.75,5.196285492591856e-07
-829.6250000000001,5.19349822331636e-07
-829.5,5.190713664043282e-07
-829.375,5.187931810398671e-07
-829.25,5.185152658015182e-07
-829.1249999999999,5.182376202536026e-07
-829.0,5.179602439616836e-07
-828.875,5.176831364920165e-07
-828.75,5.174062974116397e-07
-828.625,5.171297262885022e-07
-828.5,5.168534226916975e-07
-828.375,5.165773861910041e-07
-828.2500000000001,5.163016163573001e-07
-828.125,5.160261127623731e-07
-828.0,5.157508749788939e-07
-827.8749999999999,5.1547590258068e-07
-827.75,5.152011951426974e-07
-827.625,5.149267522406955e-07
-827.5,5.146525734516317e-07
-827.375,5.143786583530456e-07
-827.25,5.141050065237153e-07
-827.125,5.138316175431741e-07
-827.0,5.135584909921835e-07
-826.8750000000001,5.132856264520643e-07
-826.75,5.130130235052871e-07
-826.625,5.127406817351361e-07
-826.4999999999999,5.12468600725913e-07
-826.375,5.1219678006286e-07
-826.25,5.119252193321089e-07
-826.125,5.116539181207358e-07
-826.0,5.113828760166897e-07
-825.875,5.111120926086406e-07
-825.75,5.108415674862952e-07
-825.625,5.105713002403189e-07
-825.5,5.103012904619302e-07
-825.375,5.100315377436854e-07
-825.25,5.097620416785421e-07
-825.1249999999999,5.094928018608084e-07
-825.0,5.092238178853755e-07
-824.875,5.089550893485018e-07
-824.75,5.086866158468172e-07
-824.625,5.084183969784502e-07
-824.5,5.081504323419071e-07
-824.375,5.078827215367158e-07
-824.25,5.076152641633962e-07
-824.125,5.073480598230167e-07
-824.0,5.070811081178968e-07
-823.875,5.068144086509429e-07
-823.7499999999999,5.065479610261369e-07
-823.625,5.06281764847975e-07
-823.5,5.060158197222321e-07
-823.375,5.057501252554416e-07
-823.25,5.054846810550796e-07
-823.125,5.052194867296313e-07
-823.0,5.049545418879344e-07
-822.875,5.046898461399852e-07
-822.75,5.044253990965071e-07
-822.625,5.041612003691616e-07
-822.5,5.038972495704604e-07
-822.3749999999999,5.036335463135169e-07
-822.25,5.033700902125826e-07
-822.125,5.031068808825843e-07
-822.0,5.028439179394605e-07
-821.875,5.025812010000489e-07
-821.75,5.023187296818614e-07
-821.625,5.020565036033815e-07
-821.5,5.017945223836343e-07
-821.375,5.015327856427089e-07
-821.25,5.012712930012025e-07
-821.125,5.010100440806894e-07
-820.9999999999999,5.007490385034943e-07
-820.875,5.004882758925273e-07
-820.75,5.002277558719788e-07
-820.625,4.999674780664566e-07
-820.5,4.99707442101695e-07
-820.375,4.994476476042442e-07
-820.25,4.991880942014549e-07
-820.1250000000001,4.989287815212446e-07
-820.0,4.986697091928366e-07
-819.875,4.984108768461407e-07
-819.75,4.981522841115643e-07
-819.6249999999999,4.978939306204517e-07
-819.5,4.976358160048768e-07
-819.375,4.973779398976016e-07
-819.25,4.971203019320058e-07
-819.125,4.968629017426283e-07
-819.0,4.966057389642713e-07
-818.875,4.963488132327579e-07
-818.7500000000001,4.960921241847592e-07
-818.625,4.958356714578459e-07
-818.5,4.955794546901873e-07
-818.3749999999999,4.953234735209932e-07
-818.25,4.950677275903078e-07
-818.125,4.948122165388898e-07
-818.0,4.945569400082176e-07
-817.875,4.943018976405696e-07
-817.75,4.940470890788283e-07
-817.625,4.937925139667393e-07
-817.5,4.935381719488228e-07
-817.3750000000001,4.932840626701635e-07
-817.25,4.930301857767201e-07
-817.125,4.927765409151138e-07
-816.9999999999999,4.92523127732635e-07
-816.875,4.922699458773309e-07
-816.75,4.920169949983777e-07
-816.625,4.917642747446557e-07
-816.5,4.91511784766784e-07
-816.375,4.912595247155862e-07
-816.25,4.910074942427606e-07
-816.125,4.907556930005679e-07
-816.0,4.905041206425754e-07
-815.875,4.902527768228778e-07
-815.75,4.900016611960922e-07
-815.6249999999999,4.897507734182664e-07
-815.5,4.895001131453761e-07
-815.375,4.892496800347176e-07
-815.25,4.889994737440959e-07
-815.125,4.887494939321478e-07
-815.0,4.884997402578936e-07
-814.875,4.882502123811002e-07
-814.75,4.880009099622166e-07
-814.625,4.877518326625116e-07
-814.5,4.875029801438738e-07
-814.375,4.872543520688138e-07
-814.2499999999999,4.870059481008091e-07
-814.125,4.867577679037067e-07
-814.0,4.865098111422439e-07
-813.875,4.862620774819511e-07
-813.75,4.860145665889038e-07
-813.625,4.857672781299648e-07
-813.5,4.855202117727018e-07
-813.375,4.852733671853578e-07
-813.25,4.85026744036767e-07
-813.125,4.847803419967696e-07
-813.0,4.845341607356946e-07
-812.8749999999999,4.842881999243746e-07
-812.75,4.840424592346701e-07
-812.625,4.837969383387932e-07
-812.5,4.835516369098526e-07
-812.375,4.83306554621579e-07
-812.25,4.830616911482311e-07
-812.125,4.828170461649399e-07
-812.0000000000001,4.825726193472216e-07
-811.875,4.823284103717551e-07
-811.75,4.820844189154883e-07
-811.625,4.818406446563126e-07
-811.4999999999999,4.815970872725305e-07
-811.375,4.813537464433141e-07
-811.25,4.811106218483643e-07
-811.125,4.808677131679683e-07
-811.0,4.806250200832304e-07
-810.875,4.803825422756518e-07
-810.75,4.801402794273767e-07
-810.6250000000001,4.798982312215802e-07
-810.5,4.796563973417884e-07
-810.375,4.794147774720877e-07
-810.2499999999999,4.791733712976205e-07
-810.1249999999999,4.78932178503868e-07
-810.0,4.786911987771175e-07
-809.875,4.78450431804179e-07
-809.75,4.782098772727506e-07
-809.625,4.779695348707563e-07
-809.5,4.777294042871477e-07
-809.375,4.774894852113403e-07
-809.2500000000001,4.77249777333304e-07
-809.125,4.770102803438679e-07
-809.0,4.767709939343075e-07
-808.8749999999999,4.76531917796364e-07
-808.75,4.762930516232444e-07
-808.625,4.760543951076537e-07
-808.5,4.7581594794372133e-07
-808.375,4.7557770982571956e-07
-808.25,4.753396804489274e-07
-808.125,4.7510185950877995e-07
-808.0,4.748642467015651e-07
-807.875,4.746268417247096e-07
-807.75,4.743896442751188e-07
-807.625,4.741526540511339e-07
-807.4999999999999,4.739158707514429e-07
-807.375,4.736792940755472e-07
-807.25,4.7344292372316115e-07
-807.125,4.73206759394957e-07
-807.0,4.729708007921767e-07
-806.875,4.727350476163682e-07
-806.75,4.724994995698835e-07
-806.625,4.72264156356031e-07
-806.5,4.720290176780571e-07
-806.375,4.7179408324031606e-07
-806.25,4.7155935274748905e-07
-806.1249999999999,4.713248259050826e-07
-806.0,4.710905024189827e-07
-805.875,4.7085638199574183e-07
-805.75,4.70622464342356e-07
-805.625,4.703887491665861e-07
-805.5,4.7015523617678573e-07
-805.375,4.6992192508188417e-07
-805.25,4.696888155912361e-07
-805.125,4.6945590741501856e-07
-805.0,4.692232002637445e-07
-804.875,4.689906938486119e-07
-804.7499999999999,4.6875838788143323e-07
-804.625,4.685262820746186e-07
-804.5,4.6829437614101115e-07
-804.375,4.6806266979418737e-07
-804.25,4.6783116274829496e-07
-804.125,4.6759985471796654e-07
-804.0,4.673687454184155e-07
-803.875,4.671378345654988e-07
-803.75,4.6690712187567243e-07
-803.625,4.666766070658178e-07
-803.5,4.6644628985341564e-07
-803.3749999999999,4.6621616995643644e-07
-803.25,4.659862470934174e-07
-803.125,4.6575652098352605e-07
-803.0,4.655269913463982e-07
-802.875,4.6529765790230935e-07
-802.75,4.650685203720155e-07
-802.625,4.6483957847685925e-07
-802.5000000000001,4.6461083193880735e-07
-802.375,4.64382280480169e-07
-802.25,4.641539238241621e-07
-802.125,4.63925761694217e-07
-801.9999999999999,4.636977938146184e-07
-801.875,4.634700199099875e-07
-801.75,4.632424397055409e-07
-801.625,4.6301505292695736e-07
-801.5,4.6278785930074915e-07
-801.375,4.625608585537258e-07
-801.25,4.623340504132954e-07
-801.1250000000001,4.621074346071605e-07
-801.0,4.618810108641604e-07
-800.875,4.616547789127568e-07
-800.7499999999999,4.6142873848307496e-07
-800.625,4.6120288930430625e-07
-800.5,4.6097723110741045e-07
-800.375,4.6075176362318907e-07
-800.25,4.605264865833407e-07
-800.125,4.6030139972000104e-07
-800.0,4.6007650276532957e-07
-799.875,4.598517954530344e-07
-799.7500000000001,4.5962727751598607e-07
-799.625,4.594029486893462e-07
-799.5,4.5917880870688434e-07
-799.3749999999999,4.5895485730441417e-07
-799.25,4.587310942173819e-07
-799.125,4.5850751918220943e-07
-799.0,4.5828413193577876e-07
-798.875,4.5806093221536814e-07
-798.75,4.578379197589548e-07
-798.625,4.576150943048894e-07
-798.5,4.5739245559232146e-07
-798.375,4.571700033603529e-07
-798.25,4.569477373489901e-07
-798.125,4.5672565729854905e-07
-797.9999999999999,4.5650376294984425e-07
-797.875,4.5628205404431236e-07
-797.75,4.5606053032381274e-07
-797.625,4.5583919153054736e-07
-797.5,4.5561803740754506e-07
-797.375,4.553970676979409e-07
-797.25,4.5517628214551543e-07
-797.125,4.5495568049467623e-07
-797.0,4.547352624902833e-07
-796.875,4.5451502787736063e-07
-796.75,4.542949764019001e-07
-796.6249999999999,4.5407510781020346e-07
-796.5,4.5385542184914013e-07
-796.375,4.536359182659105e-07
-796.25,4.534165968081894e-07
-796.125,4.531974572242176e-07
-796.0,4.52978499262624e-07
-795.875,4.527597226727195e-07
-795.75,4.5254112720406306e-07
-795.625,4.523227126069729e-07
-795.5,4.521044786319192e-07
-795.375,4.518864250303836e-07
-795.2499999999999,4.5166855155399804e-07
-795.125,4.514508579547619e-07
-795.0,4.5123334398530277e-07
-794.875,4.510160093985715e-07
-794.75,4.507988539480282e-07
-794.625,4.5058187738725625e-07
-794.5,4.5036507947087204e-07
-794.375,4.5014845995364476e-07
-794.25,4.4993201859095394e-07
-794.125,4.49715755138656e-07
-794.0,4.494996693530798e-07
-793.8749999999999,4.4928376099101017e-07
-793.75,4.490680298096543e-07
-793.625,4.488524755669299e-07
-793.5,4.486370980208149e-07
-793.375,4.4842189692990605e-07
-793.25,4.4820687205341395e-07
-793.125,4.4799202315079707e-07
-793.0000000000001,4.477773499821544e-07
-792.875,4.4756285230809864e-07
-792.75,4.4734852988937115e-07
-792.625,4.471343824875309e-07
-792.4999999999999,4.4692040986400583e-07
-792.375,4.467066117811951e-07
-792.25,4.464929880016503e-07
-792.125,4.462795382884886e-07
-792.0,4.460662624048502e-07
-791.875,4.458531601147346e-07
-791.75,4.456402311827999e-07
-791.6250000000001,4.4542747537380796e-07
-791.5,4.452148924533435e-07
-791.375,4.450024821871146e-07
-791.2499999999999,4.447902443414149e-07
-791.125,4.44578178683036e-07
-791.0,4.4436628497943036e-07
-790.875,4.441545629979878e-07
-790.75,4.439430125067212e-07
-790.625,4.437316332739159e-07
-790.5,4.4352042506856726e-07
-790.375,4.4330938765981687e-07
-790.2500000000001,4.430985208173833e-07
-790.125,4.4288782431130527e-07
-790.0,4.426772979120833e-07
-789.8749999999999,4.4246694139080473e-07
-789.75,4.422567545187476e-07
-789.625,4.4204673706791096e-07
-789.5,4.418368888104725e-07
-789.375,4.4162720951926514e-07
-789.25,4.414176989673814e-07
-789.125,4.4120835692841453e-07
-789.0,4.4099918317638253e-07
-788.875,4.407901774857354e-07
-788.75,4.4058133963133953e-07
-788.625,4.403726693883965e-07
-788.4999999999999,4.4016416653241856e-07
-788.375,4.3995583083955676e-07
-788.25,4.397476620863306e-07
-788.125,4.395396600496402e-07
-788.0,4.393318245067797e-07
-787.875,4.391241552353388e-07
-787.75,4.3891665201365755e-07
-787.625,4.3870931462025516e-07
-787.5,4.385021428342981e-07
-787.375,4.3829513643513807e-07
-787.25,4.380882952024736e-07
-787.1249999999999,4.378816189165513e-07
-787.0,4.3767510735802216e-07
-786.875,4.374687603079913e-07
-786.75,4.372625775476589e-07
-786.625,4.370565588587746e-07
-786.5,4.368507040236389e-07
-786.375,4.366450128248297e-07
-786.25,4.3643948504524585e-07
-786.125,4.362341204682026e-07
-786.0,4.3602891887755013e-07
-785.875,4.358238800574673e-07
-785.7499999999999,4.3561900379253036e-07
-785.625,4.354142898678295e-07
-785.5,4.352097380685301e-07
-785.375,4.3500534818045655e-07
-785.25,4.3480111998993756e-07
-785.125,4.3459705328331753e-07
-785.0,4.343931478478155e-07
-784.8750000000001,4.3418940347064497e-07
-784.75,4.3398581993953224e-07
-784.625,4.33782397042517e-07
-784.5,4.335791345681485e-07
-784.3749999999999,4.3337603230529935e-07
-784.25,4.331730900430707e-07
-784.125,4.329703075714884e-07
-784.0,4.327676846800581e-07
-783.875,4.3256522115951053e-07
-783.75,4.3236291680079514e-07
-783.625,4.3216077139501833e-07
-783.5000000000001,4.319587847339808e-07
-783.375,4.3175695660949184e-07
-783.25,4.3155528681412914e-07
-783.1249999999999,4.313537751404384e-07
-782.9999999999999,4.3115242138176176e-07
-782.875,4.3095122533130966e-07
-782.75,4.307501867827789e-07
-782.625,4.3054930553051936e-07
-782.5,4.303485813688226e-07
-782.375,4.3014801409265986e-07
-782.25,4.299476034973107e-07
-782.1250000000001,4.297473493783808e-07
-782.0,4.29547251531889e-07
-781.875,4.2934730975437056e-07
-781.7499999999999,4.2914752384263263e-07
-781.625,4.2894789359377504e-07
-781.5,4.287484188054684e-07
-781.375,4.285490992758494e-07
-781.25,4.283499348030296e-07
-781.125,4.281509251858009e-07
-781.0,4.279520702231882e-07
-780.875,4.27753369714554e-07
-780.75,4.2755482345952354e-07
-780.625,4.273564312582358e-07
-780.5,4.271581929109731e-07
-780.3749999999999,4.2696010821846354e-07
-780.25,4.2676217698169276e-07
-780.125,4.2656439900227264e-07
-780.0,4.2636677408182573e-07
-779.875,4.2616930202266514e-07
-779.75,4.2597198262739173e-07
-779.625,4.257748156989972e-07
-779.5,4.255778010407415e-07
-779.375,4.253809384562444e-07
-779.25,4.2518422774947294e-07
-779.125,4.249876687246715e-07
-778.9999999999999,4.247912611865545e-07
-778.875,4.245950049399627e-07
-778.75,4.243988997902975e-07
-778.625,4.2420294554313864e-07
-778.5,4.240071420045452e-07
-778.375,4.2381148898073157e-07
-778.25,4.236159862787328e-07
-778.125,4.2342063370558637e-07
-778.0,4.232254310687178e-07
-777.875,4.230303781759803e-07
-777.75,4.2283547483533795e-07
-777.6249999999999,4.226407208553408e-07
-777.5,4.2244611604487434e-07
-777.375,4.222516602131676e-07
-777.25,4.220573531697261e-07
-777.125,4.218631947243069e-07
-777.0,4.216691846874193e-07
-776.875,4.214753228694256e-07
-776.75,4.212816090810704e-07
-776.625,4.210880431336877e-07
-776.5,4.2089462483854663e-07
-776.375,4.207013540074549e-07
-776.2499999999999,4.2050823045259023e-07
-776.125,4.2031525398647747e-07
-776.0,4.2012242442138834e-07
-775.875,4.1992974157072793e-07
-775.75,4.197372052480686e-07
-775.625,4.19544815266862e-07
-775.5,4.1935257144139317e-07
-775.3750000000001,4.191604735861267e-07
-775.25,4.1896852151554664e-07
-775.125,4.1877671504482714e-07
-775.0,4.18585053989577e-07
-774.8749999999999,4.183935381654445e-07
-774.75,4.182021673886376e-07
-774.625,4.180109414757154e-07
-774.5,4.178198602433305e-07
-774.375,4.1762892350870006e-07
-774.25,4.1743813108900326e-07
-774.125,4.172474828019463e-07
-774.0000000000001,4.170569784655082e-07
-773.875,4.1686661789794895e-07
-773.75,4.1667640091779616e-07
-773.6249999999999,4.164863273440945e-07
-773.5,4.162963969962552e-07
-773.375,4.161066096937398e-07
-773.25,4.159169652567997e-07
-773.125,4.157274635054528e-07
-773.0,4.155381042603515e-07
-772.875,4.1534888734211905e-07
-772.75,4.1515981257195e-07
-772.6250000000001,4.149708797711005e-07
-772.5,4.14782088761253e-07
-772.375,4.1459343936434544e-07
-772.2499999999999,4.1440493140294067e-07
-772.125,4.14216564699765e-07
-772.0,4.1402833907787554e-07
-771.875,4.138402543608952e-07
-771.75,4.1365231037242696e-07
-771.625,4.1346450693652975e-07
-771.5,4.1327684387756884e-07
-771.375,4.1308932102004845e-07
-771.25,4.1290193818854724e-07
-771.125,4.1271469520817977e-07
-771.0,4.125275919042617e-07
-770.8749999999999,4.123406281024585e-07
-770.75,4.1215380362875655e-07
-770.625,4.1196711830946177e-07
-770.5,4.117805719711649e-07
-770.375,4.1159416444088574e-07
-770.25,4.1140789554582956e-07
-770.125,4.112217651137663e-07
-770.0,4.110357729725131e-07
-769.875,4.1084991895021805e-07
-769.75,4.106642028752959e-07
-769.625,4.104786245767069e-07
-769.4999999999999,4.102931838833852e-07
-769.375,4.101078806250498e-07
-769.25,4.09922714631659e-07
-769.125,4.097376857328031e-07
-769.0,4.095527937590585e-07
-768.875,4.0936803854016085e-07
-768.75,4.091834199073776e-07
-768.625,4.089989376910381e-07
-768.5,4.088145917213161e-07
-768.375,4.086303818295665e-07
-768.25,4.0844630784742685e-07
-768.1249999999999,4.082623696075281e-07
-768.0,4.0807856694114077e-07
-767.875,4.078948996819418e-07
-767.75,4.0771136766286927e-07
-767.625,4.075279707177942e-07
-767.5,4.073447086814725e-07
-767.375,4.071615813877138e-07
-767.25,4.0697858867064577e-07
-767.125,4.067957303647296e-07
-767.0,4.0661300630560447e-07
-766.875,4.0643041632808677e-07
-766.7499999999999,4.0624796026734095e-07
-766.625,4.060656379588543e-07
-766.5,4.058834492386319e-07
-766.375,4.05701393942813e-07
-766.25,4.055194719080914e-07
-766.125,4.0533768297067955e-07
-766.0,4.051560269678566e-07
-765.8750000000001,4.049745037367356e-07
-765.75,4.047931131149703e-07
-765.625,4.0461185494022115e-07
-765.5,4.044307290507222e-07
-765.3749999999999,4.0424973528466705e-07
-765.25,4.040688734803808e-07
-765.125,4.038881434769717e-07
-765.0,4.037075451132782e-07
-764.875,4.035270782288315e-07
-764.75,4.0334674266321294e-07
-764.625,4.0316653825653205e-07
-764.5000000000001,4.029864648488882e-07
-764.375,4.028065222812466e-07
-764.25,4.0262671039433484e-07
-764.1249999999999,4.02447029029443e-07
-764.0,4.02267478027978e-07
-763.875,4.0208805723153234e-07
-763.75,4.0190876648179404e-07
-763.625,4.017296056210843e-07
-763.5,4.015505744916406e-07
-763.375,4.013716729358076e-07
-763.25,4.011929007966759e-07
-763.1250000000001,4.010142579171142e-07
-763.0,4.008357441406288e-07
-762.875,4.0065735931095807e-07
-762.7499999999999,4.004791032720906e-07
-762.625,4.0030097586808224e-07
-762.5,4.001229769435987e-07
-762.375,3.99945106343392e-07
-762.25,3.997673639126508e-07
-762.125,3.995897494965429e-07
-762.0,3.9941226294074534e-07
-761.875,3.992349040908843e-07
-761.75,3.990576727932427e-07
-761.625,3.9888056889400366e-07
-761.5,3.9870359223969904e-07
-761.3749999999999,3.985267426771413e-07
-761.25,3.9835002005321197e-07
-761.125,3.981734242154262e-07
-761.0,3.9799695501115453e-07
-760.875,3.9782061228839094e-07
-760.75,3.976443958949897e-07
-760.625,3.9746830567968467e-07
-760.5,3.972923414908974e-07
-760.375,3.971165031777821e-07
-760.25,3.9694079058928623e-07
-760.125,3.967652035748786e-07
-759.9999999999999,3.965897419839992e-07
-759.875,3.964144056665879e-07
-759.75,3.9623919447258276e-07
-759.625,3.960641082522639e-07
-759.5,3.9588914685619907e-07
-759.375,3.95714310134952e-07
-759.25,3.9553959793980283e-07
-759.125,3.9536501012192026e-07
-759.0,3.9519054653311576e-07
-758.875,3.950162070250755e-07
-758.75,3.94841991449961e-07
-758.6249999999999,3.94667899659838e-07
-758.5,3.9449393150729814e-07
-758.375,3.943200868451654e-07
-758.25,3.941463655262658e-07
-758.125,3.9397276740385536e-07
-758.0,3.9379929233130896e-07
-757.875,3.9362594016245483e-07
-757.7500000000001,3.934527107513131e-07
-757.625,3.932796039522004e-07
-757.5,3.9310661961957874e-07
-757.375,3.9293375760808414e-07
-757.2499999999999,3.927610177727461e-07
-757.125,3.925883999688117e-07
-757.0,3.9241590405157523e-07
-756.875,3.922435298766127e-07
-756.75,3.920712772998243e-07
-756.625,3.9189914617736164e-07
-756.5,3.9172713636552327e-07
-756.3750000000001,3.9155524772126736e-07
-756.25,3.9138348010108917e-07
-756.125,3.912118333622728e-07
-756.0,3.910403073621243e-07
-755.8749999999999,3.9086890195823947e-07
-755.75,3.906976170081542e-07
-755.625,3.905264523698281e-07
-755.5,3.9035540790149105e-07
-755.375,3.90184483461385e-07
-755.25,3.9001367890839645e-07
-755.125,3.8984299410125163e-07
-755.0000000000001,3.8967242889912525e-07
-754.875,3.8950198316136484e-07
-754.75,3.893316567476838e-07
-754.6249999999999,3.891614495178353e-07
-754.5,3.889913613319056e-07
-754.375,3.888213920500469e-07
-754.25,3.886515415327885e-07
-754.125,3.8848180964088984e-07
-754.0,3.8831219623532e-07
-753.875,3.881427011771848e-07
-753.75,3.8797332432793393e-07
-753.625,3.878040655490889e-07
-753.5,3.8763492470235374e-07
-753.375,3.874659016497508e-07
-753.2499999999999,3.8729699625349053e-07
-753.125,3.871282083761171e-07
-753.0,3.8695953788043493e-07
-752.875,3.8679098462960415e-07
-752.75,3.866225484867121e-07
-752.625,3.8645422931543905e-07
-752.5,3.8628602697961884e-07
-752.375,3.861179413428944e-07
-752.25,3.8594997226957235e-07
-752.125,3.857821196238294e-07
-752.0,3.8561438327015966e-07
-751.8749999999999,3.854467630730557e-07
-751.75,3.8527925889751487e-07
-751.625,3.851118706085496e-07
-751.5,3.84944598071204e-07
-751.375,3.847774411514599e-07
-751.25,3.846103997148109e-07
-751.125,3.8444347362724173e-07
-751.0,3.842766627547061e-07
-750.875,3.841099669637336e-07
-750.75,3.8394338612085835e-07
-750.625,3.837769200928154e-07
-750.4999999999999,3.8361056874691167e-07
-750.375,3.8344433195038646e-07
-750.25,3.8327820957077833e-07
-750.125,3.831122014759003e-07
-750.0,3.829463075338334e-07
-749.875,3.827805276128106e-07
-749.75,3.82614861581216e-07
-749.625,3.8244930930763614e-07
-749.5,3.8228387066087005e-07
-749.375,3.821185455097512e-07
-749.25,3.8195333372349396e-07
-749.1249999999999,3.8178823517145443e-07
-749.0,3.816232497231905e-07
-748.875,3.814583772484988e-07
-748.75,3.812936176175154e-07
-748.625,3.811289707005487e-07
-748.5,3.809644363679809e-07
-748.375,3.8080001449066895e-07
-748.2500000000001,3.806357049392918e-07
-748.125,3.80471507584722e-07
-748.0,3.803074222980496e-07
-747.875,3.8014344895055464e-07
-747.7499999999999,3.799795874135064e-07
-747.625,3.798158375585596e-07
-747.5,3.796521992575747e-07
-747.375,3.7948867238261174e-07
-747.25,3.7932525680614994e-07
-747.125,3.791619524009415e-07
-747.0,3.789987590397508e-07
-746.8750000000001,3.7883567659567243e-07
-746.75,3.786727049423491e-07
-746.625,3.7850984395336166e-07
-746.4999999999999,3.7834709350260917e-07
-746.375,3.7818445346420526e-07
-746.25,3.7802192371227205e-07
-746.125,3.778595041208476e-07
-746.0,3.7769719456432044e-07
-745.875,3.7753499491699213e-07
-745.75,3.7737290505346737e-07
-745.625,3.77210924848679e-07
-745.5000000000001,3.7704905417780456e-07
-745.375,3.7688729291596036e-07
-745.25,3.7672564093888247e-07
-745.1249999999999,3.765640981225827e-07
-745.0,3.7640266434337714e-07
-744.875,3.7624133947784593e-07
-744.75,3.7608012340265504e-07
-744.625,3.759190159946321e-07
-744.5,3.7575801713082856e-07
-744.375,3.755971266886191e-07
-744.25,3.754363445449996e-07
-744.125,3.7527567057759677e-07
-744.0,3.7511510466352994e-07
-743.875,3.7495464668017616e-07
-743.7499999999999,3.7479429650497436e-07
-743.625,3.7463405401561135e-07
-743.5,3.744739190896533e-07
-743.375,3.743138916050456e-07
-743.25,3.741539714404961e-07
-743.125,3.7399415847471514e-07
-743.0,3.738344525872183e-07
-742.875,3.736748536575951e-07
-742.75,3.735153615657281e-07
-742.625,3.7335597619153735e-07
-742.5,3.7319669741520143e-07
-742.3749999999999,3.7303752511678046e-07
-742.25,3.728784591766238e-07
-742.125,3.7271949947502354e-07
-742.0,3.7256064589229675e-07
-741.875,3.7240189830929893e-07
-741.75,3.72243256606806e-07
-741.625,3.720847206660376e-07
-741.5,3.71926290368097e-07
-741.375,3.717679655947627e-07
-741.25,3.716097462274639e-07
-741.125,3.714516321479795e-07
-740.9999999999999,3.712936232383167e-07
-740.875,3.711357193805349e-07
-740.75,3.7097792045686827e-07
-740.625,3.7082022634963917e-07
-740.5,3.7066263694171285e-07
-740.375,3.705051521157051e-07
-740.25,3.703477717546712e-07
-740.125,3.7019049574190483e-07
-740.0,3.7003332396092433e-07
-739.875,3.6987625629529787e-07
-739.75,3.697192926287769e-07
-739.6249999999999,3.6956243284550015e-07
-739.5,3.694056768296697e-07
-739.375,3.69249024465679e-07
-739.25,3.6909247563814103e-07
-739.125,3.6893603023187703e-07
-739.0,3.6877968813173075e-07
-738.875,3.686234492228925e-07
-738.7500000000001,3.684673133906532e-07
-738.625,3.683112805205586e-07
-738.5,3.68155350498111e-07
-738.375,3.679995232091991e-07
-738.2499999999999,3.678437985396742e-07
-738.125,3.6768817637565846e-07
-738.0,3.675326566034235e-07
-737.875,3.673772391095041e-07
-737.75,3.6722192378045554e-07
-737.625,3.670667105030218e-07
-737.5,3.669115991640616e-07
-737.3750000000001,3.667565896507544e-07
-737.25,3.666016818502753e-07
-737.125,3.6644687565023405e-07
-736.9999999999999,3.662921709383827e-07
-736.875,3.6613756760237853e-07
-736.75,3.659830655303247e-07
-736.625,3.658286646105575e-07
-736.5,3.6567436473183426e-07
-736.375,3.655201657820475e-07
-736.25,3.6536606765018167e-07
-736.125,3.6521207022493105e-07
-736.0000000000001,3.650581733952522e-07
-735.875,3.6490437705059237e-07
-735.75,3.647506810799128e-07
-735.6249999999999,3.64597085372764e-07
-735.5,3.644435898183519e-07
-735.375,3.6429019430707385e-07
-735.25,3.6413689872890007e-07
-735.125,3.6398370297392673e-07
-735.0,3.638306069325486e-07
-734.875,3.6367761049500346e-07
-734.75,3.6352471355240753e-07
-734.625,3.633719159952381e-07
-734.5,3.6321921771471815e-07
-734.375,3.6306661860194205e-07
-734.2499999999999,3.6291411854815554e-07
-734.125,3.6276171744494316e-07
-734.0,3.6260941518407576e-07
-733.875,3.6245721165731236e-07
-733.75,3.6230510675671854e-07
-733.625,3.6215310037455254e-07
-733.5,3.620011924030676e-07
-733.375,3.618493827347971e-07
-733.25,3.616976712624511e-07
-733.125,3.615460578788084e-07
-733.0,3.613945424766727e-07
-732.8749999999999,3.612431249493609e-07
-732.75,3.6109180519014036e-07
-732.625,3.6094058309241235e-07
-732.5,3.607894585499597e-07
-732.375,3.606384314565895e-07
-732.25,3.604875017060629e-07
-732.125,3.6033666919233826e-07
-732.0,3.601859338098402e-07
-731.875,3.60035295452773e-07
-731.75,3.5988475401554555e-07
-731.625,3.59734309392842e-07
-731.4999999999999,3.5958396147940875e-07
-731.375,3.594337101701214e-07
-731.25,3.5928355536024947e-07
-731.125,3.5913349694514217e-07
-731.0,3.589835348201779e-07
-730.875,3.588336688809482e-07
-730.75,3.586838990233413e-07
-730.625,3.5853422514333745e-07
-730.5,3.583846471370388e-07
-730.375,3.5823516490075097e-07
-730.25,3.5808577833105074e-07
-730.1249999999999,3.5793648732439853e-07
-730.0,3.57787291777601e-07
-729.875,3.576381915877239e-07
-729.75,3.5748918665188033e-07
-729.625,3.5734027686744283e-07
-729.5,3.5719146213184867e-07
-729.375,3.570427423427626e-07
-729.2500000000001,3.568941173978423e-07
-729.125,3.567455871951361e-07
-729.0,3.5659715163228166e-07
-728.875,3.5644881060754716e-07
-728.7499999999999,3.563005640187242e-07
-728.625,3.561524117640708e-07
-728.5,3.560043537415557e-07
-728.375,3.5585638984983487e-07
-728.25,3.5570851998732016e-07
-728.125,3.555607440529836e-07
-728.0,3.554130619461014e-07
-727.8750000000001,3.5526547356574545e-07
-727.75,3.551179788117759e-07
-727.625,3.549705775838703e-07
-727.4999999999999,3.5482326978224154e-07
-727.375,3.5467605530673147e-07
-727.25,3.5452893405772644e-07
-727.125,3.543819059353748e-07
-727.0,3.542349708399886e-07
-726.875,3.5408812867218105e-07
-726.75,3.53941379332387e-07
-726.625,3.537947227213292e-07
-726.5,3.536481587397301e-07
-726.375,3.5350168728882295e-07
-726.25,3.5335530826944797e-07
-726.1249999999999,3.5320902158301693e-07
-726.0,3.5306282713100534e-07
-725.875,3.529167248150365e-07
-725.75,3.527707145368543e-07
-725.625,3.526247961983233e-07
-725.5,3.524789697016643e-07
-725.375,3.5233323494888666e-07
-725.25,3.5218759184257435e-07
-725.125,3.5204204028514275e-07
-725.0,3.518965801792673e-07
-724.875,3.517512114277017e-07
-724.7499999999999,3.5160593393318184e-07
-724.625,3.51460747598859e-07
-724.5,3.5131565232786226e-07
-724.375,3.511706480233871e-07
-724.25,3.5102573458913865e-07
-724.125,3.508809119284314e-07
-724.0,3.507361799451386e-07
-723.875,3.5059153854316405e-07
-723.75,3.5044698762665567e-07
-723.625,3.5030252709969945e-07
-723.5,3.5015815686667896e-07
-723.3749999999999,3.500138768321465e-07
-723.25,3.498696869004039e-07
-723.125,3.497255869765806e-07
-723.0,3.495815769652507e-07
-722.875,3.4943765677146655e-07
-722.75,3.492938263003819e-07
-722.625,3.4915008545742867e-07
-722.5,3.490064341477978e-07
-722.375,3.4886287227727243e-07
-722.25,3.487193997514319e-07
-722.125,3.4857601647610284e-07
-721.9999999999999,3.484327223572811e-07
-721.875,3.4828951730103323e-07
-721.75,3.481464012135749e-07
-721.625,3.4800337400124774e-07
-721.5,3.4786043557064126e-07
-721.375,3.477175858282306e-07
-721.25,3.47574824680832e-07
-721.1250000000001,3.474321520355558e-07
-721.0,3.472895677993141e-07
-720.875,3.471470718793778e-07
-720.75,3.4700466418290586e-07
-720.6249999999999,3.4686234461764097e-07
-720.5,3.467201130909437e-07
-720.375,3.465779695107944e-07
-720.25,3.464359137848171e-07
-720.125,3.462939458211738e-07
-720.0,3.4615206552768685e-07
-719.875,3.460102728126653e-07
-719.7500000000001,3.458685675845343e-07
-719.625,3.457269497515142e-07
-719.5,3.455854192224217e-07
-719.3749999999999,3.4544397590564897e-07
-719.25,3.453026197103905e-07
-719.125,3.4516135054520676e-07
-719.0,3.450201683197847e-07
-718.875,3.448790729432006e-07
-718.75,3.4473806432499274e-07
-718.625,3.44597142374583e-07
-718.5,3.444563070018091e-07
-718.3750000000001,3.44315558116463e-07
-718.25,3.441748956285454e-07
-718.125,3.4403431944787263e-07
-717.9999999999999,3.438938294847272e-07
-717.875,3.437534256492655e-07
-717.75,3.4361310785203366e-07
-717.625,3.434728760036268e-07
-717.5,3.433327300147666e-07
-717.375,3.4319266979632684e-07
-717.25,3.430526952592276e-07
-717.125,3.4291280631476306e-07
-717.0,3.4277300287389244e-07
-716.875,3.4263328484818173e-07
-716.75,3.424936521489528e-07
-716.6249999999999,3.4235410468778006e-07
-716.5,3.4221464237625695e-07
-716.375,3.420752651263013e-07
-716.25,3.419359728497814e-07
-716.125,3.417967654589047e-07
-716.0,3.4165764286575415e-07
-715.875,3.4151860498269874e-07
-715.75,3.4137965172223446e-07
-715.625,3.412407829969053e-07
-715.5,3.4110199871922176e-07
-715.375,3.409632988020755e-07
-715.2499999999999,3.408246831583962e-07
-715.125,3.406861517010931e-07
-715.0,3.4054770434351093e-07
-714.875,3.4040934099888637e-07
-714.75,3.402710615806856e-07
-714.625,3.401328660023959e-07
-714.5,3.3999475417779836e-07
-714.375,3.3985672602057047e-07
-714.25,3.3971878144471135e-07
-714.125,3.3958092036440096e-07
-714.0,3.394431426936546e-07
-713.8749999999999,3.3930544834666014e-07
-713.75,3.3916783723792205e-07
-713.625,3.3903030928197763e-07
-713.5,3.388928643936037e-07
-713.375,3.3875550248750424e-07
-713.25,3.386182234787115e-07
-713.125,3.3848102728197263e-07
-713.0,3.3834391381275035e-07
-712.875,3.3820688298618625e-07
-712.75,3.380699347175803e-07
-712.625,3.3793306892209883e-07
-712.4999999999999,3.377962855157116e-07
-712.375,3.376595844140192e-07
-712.25,3.375229655323689e-07
-712.125,3.3738642878689106e-07
-712.0,3.37249974093524e-07
-711.875,3.3711360136849895e-07
-711.75,3.3697731052797255e-07
-711.6250000000001,3.3684110148885317e-07
-711.5,3.367049741670973e-07
-711.375,3.365689284795919e-07
-711.25,3.364329643434027e-07
-711.1249999999999,3.3629708167536373e-07
-711.0,3.3616128039243783e-07
-710.875,3.3602556041186285e-07
-710.75,3.3588992165085345e-07
-710.625,3.3575436402678347e-07
-710.5,3.356188874571805e-07
-710.375,3.3548349185961387e-07
-710.2500000000001,3.353481771517484e-07
-710.125,3.352129432514568e-07
-710.0,3.3507779007654746e-07
-709.8749999999999,3.3494271754490483e-07
-709.75,3.348077255748546e-07
-709.625,3.346728140843252e-07
-709.5,3.3453798299172726e-07
-709.375,3.344032322153411e-07
-709.25,3.342685616738106e-07
-709.125,3.3413397128570675e-07
-709.0,3.339994609699083e-07
-708.8750000000001,3.33865030645357e-07
-708.75,3.337306802311122e-07
-708.625,3.335964096464737e-07
-708.4999999999999,3.334622188107035e-07
-708.375,3.333281076433427e-07
-708.25,3.3319407606402626e-07
-708.125,3.3306012399242193e-07
-708.0,3.329262513480135e-07
-707.875,3.327924580508793e-07
-707.75,3.326587440208197e-07
-707.625,3.325251091778577e-07
-707.5,3.323915534420293e-07
-707.375,3.3225807673368135e-07
-707.25,3.32124678972917e-07
-707.1249999999999,3.319913600801708e-07
-707.0,3.3185811997625726e-07
-706.875,3.3172495858183296e-07
-706.75,3.315918758177037e-07
-706.625,3.314588716048444e-07
-706.5,3.3132594586437706e-07
-706.375,3.3119309851737567e-07
-706.25,3.310603294851909e-07
-706.125,3.3092763868914195e-07
-706.0,3.3079502605067e-07
-705.875,3.3066249149106704e-07
-705.7499999999999,3.3053003493212064e-07
-705.625,3.3039765629548714e-07
-705.5,3.302653555030931e-07
-705.375,3.3013313247680653e-07
-705.25,3.300009871386384e-07
-705.125,3.298689194111209e-07
-705.0,3.297369292159708e-07
-704.875,3.2960501647583084e-07
-704.75,3.2947318111393853e-07
-704.625,3.293414230524824e-07
-704.5,3.292097422142351e-07
-704.3749999999999,3.2907813852198257e-07
-704.25,3.2894661189953505e-07
-704.125,3.288151622690602e-07
-704.0,3.286837895550678e-07
-703.875,3.285524936802699e-07
-703.75,3.284212745675438e-07
-703.625,3.2829013214040147e-07
-703.5,3.281590663227199e-07
-703.375,3.280280770381229e-07
-703.25,3.278971642095135e-07
-703.125,3.2776632776135646e-07
-702.9999999999999,3.2763556761709214e-07
-702.875,3.275048837009695e-07
-702.75,3.2737427593698917e-07
-702.625,3.272437442498414e-07
-702.5,3.271132885634616e-07
-702.375,3.269829088024857e-07
-702.25,3.2685260489169076e-07
-702.1250000000001,3.2672237675590146e-07
-702.0,3.2659222431963623e-07
-701.875,3.2646214750819714e-07
-701.75,3.263321462465337e-07
-701.6249999999999,3.262022204598419e-07
-701.5,3.2607237007340623e-07
-701.375,3.259425950126273e-07
-701.25,3.2581289520278514e-07
-701.125,3.2568327056937395e-07
-701.0,3.255537210380369e-07
-700.875,3.2542424653433957e-07
-700.7500000000001,3.2529484698403743e-07
-700.625,3.251655223130422e-07
-700.5,3.2503627244731236e-07
-700.3749999999999,3.2490709731294005e-07
-700.25,3.247779968361656e-07
-700.125,3.246489709432947e-07
-700.0,3.245200195607127e-07
-699.875,3.2439114261500275e-07
-699.75,3.242623400328222e-07
-699.625,3.2413361174084133e-07
-699.5,3.240049576659552e-07
-699.3750000000001,3.2387637773513825e-07
-699.25,3.2374787187544114e-07
-699.125,3.236194400140339e-07
-698.9999999999999,3.2349108207824806e-07
-698.875,3.2336279799519054e-07
-698.75,3.2323458769228615e-07
-698.625,3.2310645109706037e-07
-698.5,3.2297838813714197e-07
-698.375,3.228503987398668e-07
-698.25,3.2272248283306646e-07
-698.125,3.2259464034428345e-07
-698.0,3.2246687120149837e-07
-697.875,3.2233917533293057e-07
-697.75,3.2221155266665187e-07
-697.6249999999999,3.220840031309297e-07
-697.5,3.2195652665417975e-07
-697.375,3.2182912316509494e-07
-697.25,3.2170179259231893e-07
-697.125,3.2157453486475205e-07
-697.0,3.2144734991102827e-07
-696.875,3.2132023766004416e-07
-696.75,3.2119319804091184e-07
-696.625,3.2106623098218006e-07
-696.5,3.2093933641336424e-07
-696.375,3.208125142633177e-07
-696.2499999999999,3.2068576446138116e-07
-696.125,3.2055908693664265e-07
-696.0,3.2043248161867616e-07
-695.875,3.203059484369929e-07
-695.75,3.2017948732112204e-07
-695.625,3.2005309820135617e-07
-695.5,3.1992678100698395e-07
-695.375,3.198005356683149e-07
-695.25,3.196743621152315e-07
-695.125,3.195482602780929e-07
-695.0,3.194222300871752e-07
-694.8749999999999,3.1929627147274924e-07
-694.75,3.1917038436530443e-07
-694.625,3.190445686953005e-07
-694.5,3.1891882439342083e-07
-694.375,3.1879315139050814e-07
-694.25,3.186675496171018e-07
-694.125,3.1854201900431003e-07
-694.0000000000001,3.184165594830223e-07
-693.875,3.182911709843807e-07
-693.75,3.1816585343945413e-07
-693.625,3.1804060677949084e-07
-693.4999999999999,3.1791543093592e-07
-693.375,3.1779032584001925e-07
-693.25,3.1766529142345504e-07
-693.125,3.175403276177903e-07
-693.0,3.1741543435466836e-07
-692.875,3.172906115658125e-07
-692.75,3.171658591832521e-07
-692.6250000000001,3.170411771386863e-07
-692.5,3.169165653641158e-07
-692.375,3.167920237917072e-07
-692.2499999999999,3.166675523537488e-07
-692.1249999999999,3.1654315098237176e-07
-692.0,3.16418819610103e-07
-691.875,3.1629455816954344e-07
-691.75,3.1617036659311784e-07
-691.625,3.16046244813862e-07
-691.5,3.1592219276428656e-07
-691.375,3.1579821037747624e-07
-691.2500000000001,3.1567429758616717e-07
-691.125,3.1555045432367553e-07
-691.0,3.1542668052282694e-07
-690.8749999999999,3.1530297611698565e-07
-690.75,3.1517934103927923e-07
-690.625,3.1505577522320927e-07
-690.5,3.1493227860227646e-07
-690.375,3.148088511100389e-07
-690.25,3.1468549267987314e-07
-690.125,3.1456220324559893e-07
-690.0,3.1443898274111933e-07
-689.875,3.143158311000369e-07
-689.75,3.14192748256556e-07
-689.625,3.1406973414457205e-07
-689.4999999999999,3.1394678869843385e-07
-689.375,3.138239118522043e-07
-689.25,3.137011035404907e-07
-689.125,3.135783636976474e-07
-689.0,3.134556922582606e-07
-688.875,3.1333308915664646e-07
-688.75,3.1321055432764593e-07
-688.625,3.130880877058795e-07
-688.5,3.129656892260321e-07
-688.375,3.128433588229212e-07
-688.25,3.127210964317252e-07
-688.1249999999999,3.125989019873299e-07
-688.0,3.1247677542479904e-07
-687.875,3.1235471667999897e-07
-687.75,3.122327256879122e-07
-687.625,3.12110802383904e-07
-687.5,3.119889467035226e-07
-687.375,3.1186715858247567e-07
-687.25,3.117454379563632e-07
-687.125,3.1162378476089525e-07
-687.0,3.1150219893213894e-07
-686.875,3.11380680405827e-07
-686.7499999999999,3.1125922911809403e-07
-686.625,3.111378450052588e-07
-686.5,3.1101652800342307e-07
-686.375,3.108952780488157e-07
-686.25,3.107740950778351e-07
-686.125,3.106529790267786e-07
-686.0,3.105319298321093e-07
-685.875,3.1041094743047065e-07
-685.75,3.1029003175842273e-07
-685.625,3.1016918275267615e-07
-685.5,3.100484003501909e-07
-685.3749999999999,3.0992768448780615e-07
-685.25,3.0980703510235126e-07
-685.125,3.0968645213089783e-07
-685.0,3.0956593551048056e-07
-684.875,3.0944548517818083e-07
-684.75,3.09325101071513e-07
-684.625,3.0920478312786055e-07
-684.5000000000001,3.0908453128468993e-07
-684.375,3.089643454797436e-07
-684.25,3.0884422565068465e-07
-684.125,3.0872417173552706e-07
-683.9999999999999,3.0860418367195005e-07
-683.875,3.084842613978896e-07
-683.75,3.08364404851129e-07
-683.625,3.0824461396950683e-07
-683.5,3.0812488869109776e-07
-683.375,3.0800522895376563e-07
-683.25,3.078856346959883e-07
-683.1250000000001,3.077661058557656e-07
-683.0,3.0764664237172917e-07
-682.875,3.0752724418240024e-07
-682.7499999999999,3.0740791122648334e-07
-682.625,3.072886434425719e-07
-682.5,3.0716944076951863e-07
-682.375,3.070503031464292e-07
-682.25,3.069312305120214e-07
-682.125,3.0681222280540847e-07
-682.0,3.066932799655886e-07
-681.875,3.0657440193171433e-07
-681.7500000000001,3.064555886428898e-07
-681.625,3.0633684003860284e-07
-681.5,3.062181560581341e-07
-681.3749999999999,3.060995366408905e-07
-681.25,3.05980981726329e-07
-681.125,3.0586249125428516e-07
-681.0,3.0574406516404356e-07
-680.875,3.056257033955511e-07
-680.75,3.055074058884122e-07
-680.625,3.053891725826791e-07
-680.5,3.0527100341799844e-07
-680.375,3.051528983342973e-07
-680.25,3.0503485727173486e-07
-680.125,3.049168801701262e-07
-679.9999999999999,3.0479896697016616e-07
-679.875,3.046811176118439e-07
-679.75,3.045633320357904e-07
-679.625,3.044456101823875e-07
-679.5,3.043279519925602e-07
-679.375,3.0421035740713927e-07
-679.25,3.040928263668767e-07
-679.125,3.039753588127605e-07
-679.0,3.03857954685632e-07
-678.875,3.037406139265645e-07
-678.75,3.036233364765004e-07
-678.6249999999999,3.035061222763413e-07
-678.5,3.033889712673368e-07
-678.375,3.0327188339036036e-07
-678.25,3.031548585867941e-07
-678.125,3.0303789679782233e-07
-678.0,3.029209979649941e-07
-677.875,3.0280416202958426e-07
-677.75,3.026873889334574e-07
-677.625,3.025706786182895e-07
-677.5,3.024540310258714e-07
-677.375,3.0233744609817397e-07
-677.2499999999999,3.0222092377701247e-07
-677.125,3.0210446400466507e-07
-677.0,3.019880667229762e-07
-676.875,3.0187173187444274e-07
-676.75,3.017554594008749e-07
-676.625,3.016392492449185e-07
-676.5,3.0152310134861133e-07
-676.375,3.0140701565454537e-07
-676.25,3.012909921050385e-07
-676.125,3.0117503064255895e-07
-676.0,3.0105913120976225e-07
-675.8749999999999,3.0094329374921316e-07
-675.75,3.008275182038517e-07
-675.625,3.007118045164557e-07
-675.5,3.005961526299621e-07
-675.375,3.0048056248737453e-07
-675.25,3.003650340318738e-07
-675.125,3.002495672066282e-07
-675.0000000000001,3.0013416195482586e-07
-674.875,3.0001881821983793e-07
-674.75,2.999035359448368e-07
-674.625,2.997883150732281e-07
-674.4999999999999,2.9967315554840327e-07
-674.375,2.995580573139138e-07
-674.25,2.994430203133898e-07
-674.125,2.9932804449051135e-07
-674.0,2.992131297891199e-07
-673.875,2.9909827615284727e-07
-673.75,2.9898348352589547e-07
-673.6250000000001,2.9886875185212944e-07
-673.5,2.9875408107568883e-07
-673.375,2.986394711406589e-07
-673.2499999999999,2.9852492199122084e-07
-673.125,2.9841043357183535e-07
-673.0,2.982960058266841e-07
-672.875,2.981816387004442e-07
-672.75,2.9806733213700173e-07
-672.625,2.979530860813818e-07
-672.5,2.9783890047728205e-07
-672.375,2.977247752696948e-07
-672.2500000000001,2.9761071040308367e-07
-672.125,2.974967058221136e-07
-672.0,2.973827614718076e-07
-671.8749999999999,2.97268877296625e-07
-671.75,2.9715505324201065e-07
-671.625,2.9704128925266816e-07
-671.5,2.9692758527473114e-07
-671.375,2.9681394125296064e-07
-671.25,2.967003571328925e-07
-671.125,2.965868328599376e-07
-671.0,2.964733683792404e-07
-670.875,2.963599636366754e-07
-670.75,2.962466185777313e-07
-670.625,2.961333331479476e-07
-670.4999999999999,2.960201072928721e-07
-670.375,2.9590694095827677e-07
-670.25,2.957938340901817e-07
-670.125,2.9568078663419247e-07
-670.0,2.9556779853649214e-07
-669.875,2.954548697429434e-07
-669.75,2.953420001996591e-07
-669.625,2.9522918985271574e-07
-669.5,2.9511643864837657e-07
-669.375,2.9500374653290556e-07
-669.25,2.948911134524436e-07
-669.1249999999999,2.9477853935350914e-07
-669.0,2.946660241825115e-07
-668.875,2.945535678860449e-07
-668.75,2.944411704106677e-07
-668.625,2.9432883170302883e-07
-668.5,2.9421655170993387e-07
-668.375,2.9410433037811027e-07
-668.25,2.9399216765447216e-07
-668.125,2.938800634859306e-07
-668.0,2.9376801781941514e-07
-667.875,2.936560306019991e-07
-667.7499999999999,2.9354410178072665e-07
-667.625,2.934322313028848e-07
-667.5,2.933204191155068e-07
-667.375,2.9320866516604995e-07
-667.25,2.930969694018968e-07
-667.125,2.9298533177046443e-07
-667.0,2.9287375221933426e-07
-666.8750000000001,2.9276223069599117e-07
-666.75,2.926507671482842e-07
-666.625,2.9253936152385574e-07
-666.5,2.924280137705343e-07
-666.3749999999999,2.923167238361473e-07
-666.25,2.922054916685605e-07
-666.125,2.920943172157574e-07
-666.0,2.919832004257306e-07
-665.875,2.9187214124647565e-07
-665.75,2.91761139626138e-07
-665.625,2.916501955128787e-07
-665.5000000000001,2.91539308854953e-07
-665.375,2.9142847960067913e-07
-665.25,2.91317707698459e-07
-665.1249999999999,2.912069930966682e-07
-664.9999999999999,2.910963357438235e-07
-664.875,2.909857355886209e-07
-664.75,2.908751925797727e-07
-664.625,2.90764706665909e-07
-664.5,2.90654277795679e-07
-664.375,2.905439059179589e-07
-664.25,2.904335909816004e-07
-664.1250000000001,2.903233329355468e-07
-664.0,2.902131317289054e-07
-663.875,2.901029873108199e-07
-663.7499999999999,2.899928996302097e-07
-663.625,2.8988286863646095e-07
-663.5,2.897728942789575e-07
-663.375,2.89662976506906e-07
-663.25,2.895531152697351e-07
-663.125,2.8944331051701924e-07
-663.0,2.893335621980584e-07
-662.875,2.8922387026235686e-07
-662.75,2.8911423465956966e-07
-662.625,2.890046553392785e-07
-662.5,2.88895132251231e-07
-662.3749999999999,2.887856653452376e-07
-662.25,2.8867625457121015e-07
-662.125,2.8856689987881306e-07
-662.0,2.8845760121816997e-07
-661.875,2.883483585394013e-07
-661.75,2.8823917179253104e-07
-661.625,2.881300409278884e-07
-661.5,2.880209658956367e-07
-661.375,2.8791194664625285e-07
-661.25,2.8780298312987407e-07
-661.125,2.876940752971667e-07
-660.9999999999999,2.875852230983435e-07
-660.875,2.874764264841771e-07
-660.75,2.873676854052248e-07
-660.625,2.872589998120705e-07
-660.5,2.8715036965552583e-07
-660.375,2.8704179488646636e-07
-660.25,2.869332754556371e-07
-660.125,2.868248113138514e-07
-660.0,2.867164024122681e-07
-659.875,2.8660804870147913e-07
-659.75,2.8649975013249535e-07
-659.6249999999999,2.8639150665644034e-07
-659.5,2.862833182243981e-07
-659.375,2.8617518478736947e-07
-659.25,2.8606710629681305e-07
-659.125,2.8595908270406655e-07
-659.0,2.858511139604852e-07
-658.875,2.8574320001763473e-07
-658.75,2.85635340827256e-07
-658.625,2.855275363407594e-07
-658.5,2.8541978650992865e-07
-658.375,2.8531209128638805e-07
-658.2499999999999,2.8520445062195256e-07
-658.125,2.850968644685159e-07
-658.0,2.849893327778804e-07
-657.875,2.848818555018962e-07
-657.75,2.847744325924869e-07
-657.625,2.846670640016661e-07
-657.5,2.845597496813856e-07
-657.3750000000001,2.844524895837402e-07
-657.25,2.8434528366099335e-07
-657.125,2.8423813186516533e-07
-657.0,2.84131034148517e-07
-656.8749999999999,2.840239904638403e-07
-656.75,2.839170007631619e-07
-656.625,2.8381006499939847e-07
-656.5,2.8370318312505794e-07
-656.375,2.835963550928512e-07
-656.25,2.8348958085544114e-07
-656.125,2.83382860365683e-07
-656.0000000000001,2.832761935765139e-07
-655.875,2.831695804405156e-07
-655.75,2.8306302091091283e-07
-655.6249999999999,2.829565149402425e-07
-655.5,2.8285006248161085e-07
-655.375,2.827436634880538e-07
-655.25,2.8263731791243274e-07
-655.125,2.825310257078857e-07
-655.0,2.8242478682755665e-07
-654.875,2.823186012245343e-07
-654.75,2.8221246885216765e-07
-654.6250000000001,2.821063896638261e-07
-654.5,2.820003636128404e-07
-654.375,2.818943906527943e-07
-654.2499999999999,2.8178847073724143e-07
-654.125,2.8168260382000983e-07
-654.0,2.815767898546325e-07
-653.875,2.814710287950247e-07
-653.75,2.813653205947569e-07
-653.625,2.812596652078913e-07
-653.5,2.811540625881362e-07
-653.375,2.8104851268947274e-07
-653.25,2.8094301546583424e-07
-653.125,2.8083757087107676e-07
-653.0,2.807321788593859e-07
-652.8749999999999,2.8062683938486786e-07
-652.75,2.805215524016428e-07
-652.625,2.804163178639085e-07
-652.5,2.8031113572608976e-07
-652.375,2.8020600594255593e-07
-652.25,2.8010092846760147e-07
-652.125,2.7999590325581717e-07
-652.0,2.7989093026175143e-07
-651.875,2.7978600943992527e-07
-651.75,2.7968114074495074e-07
-651.625,2.7957632413158765e-07
-651.4999999999999,2.794715595544383e-07
-651.375,2.7936684696812635e-07
-651.25,2.792621863274615e-07
-651.125,2.7915757758734876e-07
-651.0,2.7905302070250827e-07
-650.875,2.7894851562805027e-07
-650.75,2.788440623190511e-07
-650.625,2.787396607306101e-07
-650.5,2.7863531081800194e-07
-650.375,2.785310125365579e-07
-650.25,2.784267658416659e-07
-650.1249999999999,2.783225706886135e-07
-650.0,2.7821842703295617e-07
-649.875,2.7811433482988063e-07
-649.75,2.780102940349667e-07
-649.625,2.7790630460343153e-07
-649.5,2.778023664908946e-07
-649.375,2.7769847965264523e-07
-649.25,2.775946440443375e-07
-649.125,2.774908596214633e-07
-649.0,2.773871263397602e-07
-648.875,2.772834441549343e-07
-648.7499999999999,2.7717981302299515e-07
-648.625,2.770762328997132e-07
-648.5,2.769727037414912e-07
-648.375,2.76869225504172e-07
-648.25,2.7676579814401525e-07
-648.125,2.766624216175361e-07
-648.0,2.7655909588078846e-07
-647.8750000000001,2.764558208902736e-07
-647.75,2.7635259660203126e-07
-647.625,2.762494229727993e-07
-647.5,2.76146299958361e-07
-647.3749999999999,2.7604322751546707e-07
-647.25,2.759402056003566e-07
-647.125,2.7583723416940774e-07
-647.0,2.757343131789362e-07
-646.875,2.7563144258560335e-07
-646.75,2.755286223461602e-07
-646.625,2.75425852417055e-07
-646.5000000000001,2.753231327550269e-07
-646.375,2.752204633171003e-07
-646.25,2.7511784406008365e-07
-646.1249999999999,2.7501527494088345e-07
-646.0,2.7491275591682556e-07
-645.875,2.748102869448284e-07
-645.75,2.7470786798188053e-07
-645.625,2.74605498985306e-07
-645.5,2.7450317991241544e-07
-645.375,2.744009107201176e-07
-645.25,2.74298691365662e-07
-645.1250000000001,2.741965218065023e-07
-645.0,2.7409440199994274e-07
-644.875,2.7399233190328776e-07
-644.7499999999999,2.738903114739422e-07
-644.625,2.737883406696254e-07
-644.5,2.736864194477258e-07
-644.375,2.735845477660699e-07
-644.25,2.734827255823925e-07
-644.125,2.7338095285409555e-07
-644.0,2.732792295389247e-07
-643.875,2.7317755559478636e-07
-643.75,2.730759309795047e-07
-643.625,2.7297435565074747e-07
-643.5,2.728728295664961e-07
-643.3749999999999,2.727713526846652e-07
-643.25,2.7266992496314847e-07
-643.125,2.7256854636029555e-07
-643.0,2.7246721683415134e-07
-642.875,2.7236593634298267e-07
-642.75,2.7226470484495184e-07
-642.625,2.7216352229857026e-07
-642.5,2.720623886622095e-07
-642.375,2.7196130389428444e-07
-642.25,2.718602679535383e-07
-642.125,2.7175928079836543e-07
-641.9999999999999,2.71658342387354e-07
-641.875,2.7155745267907526e-07
-641.75,2.714566116323042e-07
-641.625,2.713558192053416e-07
-641.5,2.712550753568128e-07
-641.375,2.711543800452372e-07
-641.25,2.710537332291326e-07
-641.125,2.7095313486718885e-07
-641.0,2.70852584918138e-07
-640.875,2.707520833409169e-07
-640.75,2.70651630094111e-07
-640.6249999999999,2.7055122513764613e-07
-640.5,2.704508684299154e-07
-640.375,2.703505599308362e-07
-640.25,2.7025029960014825e-07
-640.125,2.701500873964521e-07
-640.0,2.7004992328040803e-07
-639.875,2.6994980721012245e-07
-639.7500000000001,2.698497391458549e-07
-639.625,2.6974971904573563e-07
-639.5,2.6964974687005013e-07
-639.375,2.6954982257778147e-07
-639.2499999999999,2.6944994612798645e-07
-639.125,2.6935011748086157e-07
-639.0,2.6925033659486415e-07
-638.875,2.6915060343079165e-07
-638.75,2.6905091794800995e-07
-638.625,2.6895128010684603e-07
-638.5,2.6885168986685147e-07
-638.3750000000001,2.687521471880566e-07
-638.25,2.686526520302444e-07
-638.125,2.6855320435328313e-07
-637.9999999999999,2.6845380411700864e-07
-637.8749999999999,2.683544512814855e-07
-637.75,2.6825514580653446e-07
-637.625,2.6815588765223935e-07
-637.5,2.6805667677887135e-07
-637.375,2.6795751314652405e-07
-637.25,2.678583967155284e-07
-637.125,2.6775932744672015e-07
-637.0000000000001,2.6766030530048234e-07
-636.875,2.675613302372478e-07
-636.75,2.6746240221759945e-07
-636.625,2.6736352120188326e-07
-636.5,2.672646871507174e-07
-636.375,2.6716590002437505e-07
-636.25,2.670671597834677e-07
-636.125,2.669684663879846e-07
-636.0,2.668698197987979e-07
-635.875,2.6677121997638046e-07
-635.75,2.666726668815197e-07
-635.625,2.6657416047516625e-07
-635.5,2.664757007180672e-07
-635.375,2.663772875714652e-07
-635.25,2.662789209964861e-07
-635.125,2.6618060095439794e-07
-635.0,2.6608232740620903e-07
-634.875,2.6598410031322733e-07
-634.75,2.6588591963665567e-07
-634.625,2.657877853375872e-07
-634.5,2.656896973774867e-07
-634.375,2.655916557174228e-07
-634.25,2.6549366031875646e-07
-634.125,2.653957111426141e-07
-634.0,2.652978081503683e-07
-633.875,2.6519995130340365e-07
-633.75,2.6510214056310453e-07
-633.625,2.6500437589093143e-07
-633.5,2.6490665724827224e-07
-633.375,2.648089845968248e-07
-633.25,2.6471135789806884e-07
-633.125,2.6461377711375316e-07
-633.0,2.6451624220572727e-07
-632.875,2.644187531358559e-07
-632.75,2.6432130986600215e-07
-632.625,2.6422391235814345e-07
-632.5,2.641265605744358e-07
-632.375,2.6402925447676743e-07
-632.25,2.6393199402712955e-07
-632.125,2.6383477918776854e-07
-632.0,2.637376099207928e-07
-631.875,2.6364048618802465e-07
-631.75,2.6354340795171395e-07
-631.625,2.6344637517393745e-07
-631.5,2.6334938781672546e-07
-631.375,2.63252445842362e-07
-631.25,2.6315554921309473e-07
-631.125,2.630586978912356e-07
-631.0,2.629618918389484e-07
-630.875,2.6286513101885357e-07
-630.75,2.627684153934234e-07
-630.625,2.62671744925272e-07
-630.5,2.6257511957693435e-07
-630.375,2.6247853931124517e-07
-630.25,2.623820040909245e-07
-630.125,2.622855138787805e-07
-630.0,2.621890686375468e-07
-629.875,2.6209266833017993e-07
-629.75,2.619963129193588e-07
-629.625,2.6190000236799944e-07
-629.5,2.6180373663899327e-07
-629.375,2.617075156950935e-07
-629.25,2.616113394993347e-07
-629.125,2.6151520801472817e-07
-629.0,2.614191212043444e-07
-628.875,2.613230790312405e-07
-628.75,2.6122708145872495e-07
-628.625,2.6113112845003175e-07
-628.5,2.610352199684654e-07
-628.375,2.60939355977327e-07
-628.25,2.6084353643984384e-07
-628.125,2.607477613192794e-07
-628.0,2.606520305790957e-07
-627.875,2.605563441826868e-07
-627.75,2.6046070209335134e-07
-627.625,2.6036510427462054e-07
-627.5,2.6026955069009404e-07
-627.375,2.601740413032745e-07
-627.25,2.6007857607776605e-07
-627.125,2.5998315497742026e-07
-627.0,2.598877779658562e-07
-626.875,2.5979244500685154e-07
-626.75,2.5969715606418443e-07
-626.625,2.5960191110174207e-07
-626.5,2.595067100832579e-07
-626.375,2.5941155297280404e-07
-626.25,2.593164397343124e-07
-626.125,2.5922137033175407e-07
-626.0,2.5912634472912436e-07
-625.875,2.590313628905167e-07
-625.75,2.589364247799665e-07
-625.625,2.5884153036139836e-07
-625.5,2.587466795990783e-07
-625.375,2.5865187245699875e-07
-625.25,2.5855710889961373e-07
-625.125,2.5846238889100844e-07
-625.0,2.583677123955927e-07
-624.875,2.582730793777698e-07
-624.75,2.581784898019804e-07
-624.625,2.580839436327362e-07
-624.5,2.5798944083468885e-07
-624.375,2.5789498137250805e-07
-624.25,2.578005652107725e-07
-624.125,2.577061923142066e-07
-624.0,2.576118626474884e-07
-623.875,2.5751757617533824e-07
-623.75,2.5742333286258754e-07
-623.625,2.573291326740152e-07
-623.5,2.5723497557440743e-07
-623.375,2.571408615284079e-07
-623.25,2.570467905008203e-07
-623.125,2.5695276245636097e-07
-623.0,2.568587773600451e-07
-622.875,2.567648351765787e-07
-622.75,2.5667093587104536e-07
-622.625,2.5657707940857373e-07
-622.5,2.5648326575403865e-07
-622.375,2.5638949487276173e-07
-622.25,2.562957667299902e-07
-622.125,2.562020812910878e-07
-622.0,2.5610843852121456e-07
-621.875,2.560148383857854e-07
-621.75,2.5592128085013893e-07
-621.625,2.558277658796272e-07
-621.5,2.557342934396808e-07
-621.375,2.5564086349569537e-07
-621.25,2.555474760131021e-07
-621.125,2.554541309574254e-07
-621.0,2.55360828294271e-07
-620.875,2.5526756798919403e-07
-620.75,2.551743500077286e-07
-620.625,2.5508117431555636e-07
-620.5,2.549880408783641e-07
-620.375,2.5489494966176263e-07
-620.25,2.5480190063175173e-07
-620.125,2.547088937540005e-07
-620.0,2.546159289942546e-07
-619.875,2.545230063185312e-07
-619.75,2.5443012569288096e-07
-619.625,2.5433728708311356e-07
-619.5,2.5424449045537054e-07
-619.375,2.5415173577585563e-07
-619.25,2.5405902301031823e-07
-619.125,2.539663521249843e-07
-619.0,2.538737230860407e-07
-618.875,2.5378113585957346e-07
-618.75,2.5368859041178926e-07
-618.625,2.5359608670890515e-07
-618.5,2.5350362471722266e-07
-618.375,2.5341120440310215e-07
-618.25,2.533188257328917e-07
-618.125,2.5322648867307797e-07
-618.0,2.5313419319003635e-07
-617.875,2.530419392503265e-07
-617.75,2.52949726820176e-07
-617.625,2.5285755586633267e-07
-617.5,2.527654263551693e-07
-617.375,2.5267333825336257e-07
-617.25,2.5258129152745665e-07
-617.125,2.524892861440145e-07
-617.0,2.52397322069889e-07
-616.875,2.5230539927166544e-07
-616.75,2.5221351771617414e-07
-616.625,2.521216773704487e-07
-616.5,2.520298782011813e-07
-616.375,2.519381201752452e-07
-616.25,2.5184640325954873e-07
-616.125,2.517547274211905e-07
-616.0,2.516630926271456e-07
-615.875,2.5157149884455707e-07
-615.75,2.514799460405152e-07
-615.625,2.513884341818828e-07
-615.5,2.512969632361302e-07
-615.375,2.5120553317028897e-07
-615.25,2.511141439517235e-07
-615.125,2.5102279554770723e-07
-615.0,2.5093148792533424e-07
-614.875,2.5084022105196817e-07
-614.75,2.507489948949454e-07
-614.625,2.506578094215847e-07
-614.5,2.505666645991892e-07
-614.375,2.504755603951983e-07
-614.25,2.50384496776984e-07
-614.125,2.502934737119156e-07
-614.0,2.5020249116754723e-07
-613.875,2.501115491114874e-07
-613.75,2.5002064751138066e-07
-613.625,2.499297863349409e-07
-613.5,2.4983896554983516e-07
-613.375,2.4974818512387614e-07
-613.25,2.4965744502490745e-07
-613.125,2.4956674522081723e-07
-613.0,2.494760856796426e-07
-612.875,2.493854663690706e-07
-612.75,2.492948872571398e-07
-612.625,2.4920434831167613e-07
-612.5,2.491138495007288e-07
-612.375,2.490233907921651e-07
-612.25,2.489329721540762e-07
-612.125,2.4884259355416075e-07
-612.0,2.4875225496050675e-07
-611.875,2.486619563411505e-07
-611.75,2.4857169766422214e-07
-611.625,2.4848147889780513e-07
-611.5,2.483913000102407e-07
-611.375,2.483011609698647e-07
-611.25,2.482110617448626e-07
-611.125,2.481210023038775e-07
-611.0,2.4803098261514084e-07
-610.875,2.47941002647131e-07
-610.75,2.4785106236823124e-07
-610.625,2.4776116174719123e-07
-610.5,2.476713007522308e-07
-610.375,2.475814793519407e-07
-610.25,2.4749169751488323e-07
-610.125,2.474019552096714e-07
-610.0,2.4731225240490756e-07
-609.875,2.472225890692819e-07
-609.75,2.47132965171539e-07
-609.625,2.470433806800841e-07
-609.5,2.469538355638367e-07
-609.375,2.468643297913762e-07
-609.25,2.4677486333141407e-07
-609.125,2.4668543615275187e-07
-609.0,2.4659604822413615e-07
-608.875,2.465066995147594e-07
-608.75,2.4641738999338416e-07
-608.625,2.4632811962921124e-07
-608.5,2.462388883915407e-07
-608.375,2.4614969624977967e-07
-608.25,2.4606054317270063e-07
-608.125,2.459714291298602e-07
-608.0,2.4588235409057963e-07
-607.875,2.4579331802375996e-07
-607.75,2.457043208986705e-07
-607.625,2.456153626845478e-07
-607.5,2.455264433501975e-07
-607.375,2.454375628648975e-07
-607.25,2.4534872119810325e-07
-607.125,2.4525991831890847e-07
-607.0,2.451711541965469e-07
-606.875,2.450824288006499e-07
-606.75,2.4499374210063825e-07
-606.625,2.449050940660435e-07
-606.5,2.448164846664157e-07
-606.375,2.447279138710746e-07
-606.25,2.446393816501066e-07
-606.125,2.445508879727312e-07
-606.0,2.444624328087334e-07
-605.875,2.443740161276515e-07
-605.75,2.442856378992724e-07
-605.625,2.441972980933184e-07
-605.5,2.441089966795664e-07
-605.375,2.4402073362805915e-07
-605.25,2.439325089083848e-07
-605.125,2.4384432249072176e-07
-605.0,2.4375617434512034e-07
-604.875,2.436680644415351e-07
-604.75,2.435799927497688e-07
-604.625,2.434919592399625e-07
-604.5,2.4340396388208036e-07
-604.375,2.433160066460131e-07
-604.25,2.4322808750182577e-07
-604.125,2.4314020641945564e-07
-604.0,2.4305236336902636e-07
-603.875,2.429645583206761e-07
-603.75,2.4287679124474114e-07
-603.625,2.427890621112652e-07
-603.5,2.4270137089065617e-07
-603.375,2.4261371755334477e-07
-603.25,2.4252610206963075e-07
-603.125,2.424385244099966e-07
-603.0,2.423509845447199e-07
-602.875,2.422634824443717e-07
-602.75,2.4217601807950846e-07
-602.625,2.42088591420563e-07
-602.5,2.4200120243800856e-07
-602.375,2.4191385110235056e-07
-602.25,2.418265373843433e-07
-602.125,2.4173926125433563e-07
-602.0,2.416520226830406e-07
-601.875,2.415648216409994e-07
-601.75,2.4147765809883555e-07
-601.625,2.413905320272192e-07
-601.5,2.4130344339695894e-07
-601.375,2.412163921788731e-07
-601.25,2.411293783437126e-07
-601.125,2.410424018627556e-07
-601.0,2.409554627065945e-07
-600.875,2.408685608463124e-07
-600.75,2.4078169625302285e-07
-600.625,2.4069486889773644e-07
-600.5,2.4060807875133876e-07
-600.375,2.405213257846713e-07
-600.25,2.4043460996884426e-07
-600.125,2.403479312749211e-07
-600.0,2.4026128967403957e-07
-599.875,2.4017468513718203e-07
-599.75,2.400881176352019e-07
-599.625,2.4000158713955494e-07
-599.5,2.399150936214701e-07
-599.375,2.3982863705236287e-07
-599.25,2.3974221740345497e-07
-599.125,2.3965583464599544e-07
-599.0,2.3956948875139564e-07
-598.875,2.3948317969118096e-07
-598.75,2.3939690743671054e-07
-598.625,2.3931067195942897e-07
-598.5,2.3922447323076515e-07
-598.375,2.3913831122231033e-07
-598.25,2.390521859053954e-07
-598.125,2.389660972516482e-07
-598.0,2.388800452326999e-07
-597.875,2.387940298200205e-07
-597.75,2.3870805098544254e-07
-597.625,2.3862210870052295e-07
-597.5,2.385362029369831e-07
-597.375,2.384503336665278e-07
-597.25,2.3836450086109022e-07
-597.125,2.3827870449248848e-07
-597.0,2.3819294453247345e-07
-596.875,2.3810722095295914e-07
-596.75,2.3802153372589232e-07
-596.625,2.379358828230424e-07
-596.5,2.3785026821629568e-07
-596.375,2.3776468987755726e-07
-596.25,2.3767914777880947e-07
-596.125,2.3759364189184668e-07
-596.0,2.3750817218877543e-07
-595.875,2.37422738641739e-07
-595.75,2.3733734122269478e-07
-595.625,2.3725197990395167e-07
-595.5,2.3716665465777358e-07
-595.375,2.370813654563103e-07
-595.25,2.369961122717798e-07
-595.125,2.369108950764589e-07
-595.0,2.368257138424969e-07
-594.875,2.3674056854205303e-07
-594.75,2.366554591472959e-07
-594.625,2.3657038563062842e-07
-594.5,2.36485347964286e-07
-594.375,2.3640034612081264e-07
-594.25,2.3631538007260357e-07
-594.125,2.3623044979217733e-07
-594.0,2.3614555525215917e-07
-593.875,2.3606069642505288e-07
-593.75,2.3597587328357568e-07
-593.625,2.3589108580015896e-07
-593.5,2.3580633394751943e-07
-593.375,2.3572161769824728e-07
-593.25,2.3563693702497007e-07
-593.125,2.3555229190045326e-07
-593.0,2.3546768229717684e-07
-592.875,2.3538310818805363e-07
-592.75,2.352985695455394e-07
-592.625,2.3521406634293387e-07
-592.5,2.3512959855256897e-07
-592.375,2.3504516614753984e-07
-592.25,2.349607691003673e-07
-592.125,2.348764073842163e-07
-592.0,2.3479208097232733e-07
-591.875,2.3470778983760893e-07
-591.75,2.3462353395322787e-07
-591.625,2.3453931329187906e-07
-591.5,2.3445512782703593e-07
-591.375,2.3437097753145181e-07
-591.25,2.342868623785336e-07
-591.125,2.3420278234106666e-07
-591.0,2.3411873739204465e-07
-590.875,2.3403472750454466e-07
-590.75,2.339507526518831e-07
-590.625,2.338668128071579e-07
-590.5,2.3378290794361837e-07
-590.375,2.3369903803453116e-07
-590.25,2.3361520305309326e-07
-590.125,2.335314029727471e-07
-590.0,2.334476377667792e-07
-589.875,2.3336390740844797e-07
-589.75,2.332802118712358e-07
-589.625,2.3319655112838625e-07
-589.5,2.3311292515345455e-07
-589.375,2.3302933391994314e-07
-589.25,2.3294577740150387e-07
-589.125,2.328622555717533e-07
-589.0,2.3277876840422819e-07
-588.875,2.3269531587280346e-07
-588.75,2.3261189795100975e-07
-588.625,2.3252851461268825e-07
-588.5,2.3244516583129616e-07
-588.375,2.3236185158041243e-07
-588.25,2.3227857183377044e-07
-588.125,2.3219532656492933e-07
-588.0,2.321121157476832e-07
-587.875,2.3202893935577367e-07
-587.75,2.3194579736302994e-07
-587.625,2.3186268974330106e-07
-587.5,2.3177961647057758e-07
-587.375,2.3169657751891161e-07
-587.25,2.316135728621931e-07
-587.125,2.3153060247441645e-07
-587.0,2.3144766632964998e-07
-586.875,2.3136476440183804e-07
-586.75,2.3128189666506622e-07
-586.625,2.311990630934324e-07
-586.5,2.3111626366101783e-07
-586.375,2.3103349834206923e-07
-586.25,2.309507671105648e-07
-586.125,2.308680699406269e-07
-586.0,2.3078540680652876e-07
-585.875,2.307027776823405e-07
-585.75,2.3062018254230068e-07
-585.625,2.305376213605409e-07
-585.5,2.3045509411150257e-07
-585.375,2.3037260076937323e-07
-585.25,2.302901413087652e-07
-585.125,2.3020771570428637e-07
-585.0,2.3012532393011734e-07
-584.875,2.3004296596101383e-07
-584.75,2.2996064177128229e-07
-584.625,2.2987835133539534e-07
-584.5,2.2979609462776592e-07
-584.375,2.2971387162239197e-07
-584.25,2.2963168229405052e-07
-584.125,2.295495266168333e-07
-584.0,2.2946740456537714e-07
-583.875,2.2938531611405422e-07
-583.75,2.2930326123759207e-07
-583.625,2.292212399108943e-07
-583.5,2.2913925210848744e-07
-583.375,2.2905729780568694e-07
-583.25,2.2897537697684348e-07
-583.125,2.288934895970406e-07
-583.0,2.288116356411707e-07
-582.875,2.2872981508409515e-07
-582.75,2.2864802790071712e-07
-582.625,2.2856627406567028e-07
-582.5,2.2848455355410602e-07
-582.375,2.2840286634085858e-07
-582.25,2.2832121240082745e-07
-582.125,2.282395917089066e-07
-582.0,2.2815800424008046e-07
-581.875,2.2807644996937762e-07
-581.75,2.279949288717408e-07
-581.625,2.279134409221669e-07
-581.5,2.2783198609575845e-07
-581.375,2.2775056436759874e-07
-581.25,2.2766917571288585e-07
-581.125,2.2758782010686974e-07
-581.0,2.2750649752476328e-07
-580.875,2.2742520794173888e-07
-580.75,2.2734395133305516e-07
-580.625,2.2726272767421594e-07
-580.5,2.2718153694022035e-07
-580.375,2.271003791064736e-07
-580.25,2.2701925414832116e-07
-580.125,2.269381620408461e-07
-580.0,2.268571027594604e-07
-579.875,2.2677607627947662e-07
-579.75,2.266950825763797e-07
-579.625,2.2661412162548185e-07
-579.5,2.2653319340236087e-07
-579.375,2.2645229788245442e-07
-579.25,2.2637143504129537e-07
-579.125,2.26290604854745e-07
-579.0,2.2620980729825984e-07
-578.875,2.261290423475173e-07
-578.75,2.2604830997792232e-07
-578.625,2.2596761016532174e-07
-578.5,2.25886942885242e-07
-578.375,2.2580630811332643e-07
-578.25,2.2572570582512402e-07
-578.125,2.256451359962888e-07
-578.0,2.2556459860247526e-07
-577.875,2.254840936195902e-07
-577.75,2.254036210234228e-07
-577.625,2.2532318078976706e-07
-577.5,2.252427728944958e-07
-577.375,2.251623973136093e-07
-577.25,2.2508205402288123e-07
-577.125,2.250017429980223e-07
-577.0,2.249214642155936e-07
-576.875,2.248412176513071e-07
-576.75,2.2476100328125183e-07
-576.625,2.2468082108156555e-07
-576.5,2.246006710282362e-07
-576.375,2.2452055309761424e-07
-576.25,2.244404672658962e-07
-576.125,2.2436041350984728e-07
-576.0,2.242803918045622e-07
-575.875,2.2420040212635456e-07
-575.75,2.2412044445184758e-07
-575.625,2.240405187568614e-07
-575.5,2.23960625017513e-07
-575.375,2.2388076320974707e-07
-575.25,2.2380093330979595e-07
-575.125,2.2372113529334896e-07
-575.0,2.2364136913752932e-07
-574.875,2.2356163481854296e-07
-574.75,2.2348193231212469e-07
-574.625,2.23402261595045e-07
-574.5,2.233226226440044e-07
-574.375,2.2324301543519495e-07
-574.25,2.231634399454572e-07
-574.125,2.2308389615137078e-07
-574.0,2.2300438402909587e-07
-573.875,2.229249035553606e-07
-573.75,2.228454547068936e-07
-573.625,2.2276603746002603e-07
-573.5,2.2268665179116177e-07
-573.375,2.2260729767705026e-07
-573.25,2.2252797509406818e-07
-573.125,2.2244868401886435e-07
-573.0,2.2236942442809373e-07
-572.875,2.222901962984483e-07
-572.75,2.2221099960661326e-07
-572.625,2.2213183432939113e-07
-572.5,2.2205270044357512e-07
-572.375,2.2197359792612226e-07
-572.25,2.2189452675374033e-07
-572.125,2.2181548690334983e-07
-572.0,2.2173647835176726e-07
-571.875,2.2165750107589736e-07
-571.75,2.2157855505253224e-07
-571.625,2.2149964025857159e-07
-571.5,2.2142075667091118e-07
-571.375,2.2134190426637748e-07
-571.25,2.212630830221977e-07
-571.125,2.2118429291535042e-07
-571.0,2.2110553392285097e-07
-570.875,2.2102680602167417e-07
-570.75,2.2094810918903856e-07
-570.625,2.2086944340188038e-07
-570.5,2.2079080863736071e-07
-570.375,2.2071220487254743e-07
-570.25,2.2063363208470658e-07
-570.125,2.2055509025102598e-07
-570.0,2.2047657934870028e-07
-569.875,2.2039809935508622e-07
-569.75,2.2031965024746743e-07
-569.625,2.202412320031026e-07
-569.5,2.2016284459936475e-07
-569.375,2.2008448801358855e-07
-569.25,2.2000616222307107e-07
-569.125,2.1992786720489592e-07
-569.0,2.1984960293665442e-07
-568.875,2.1977136939539713e-07
-568.75,2.1969316655874232e-07
-568.625,2.19614994403938e-07
-568.5,2.1953685290846675e-07
-568.375,2.1945874204982126e-07
-568.25,2.1938066180539568e-07
-568.125,2.1930261215299327e-07
-568.0,2.192245930699408e-07
-567.875,2.1914660453402147e-07
-567.75,2.1906864652269135e-07
-567.625,2.189907190137225e-07
-567.5,2.1891282198487142e-07
-567.375,2.188349554136122e-07
-567.25,2.1875711927762951e-07
-567.125,2.1867931355450675e-07
-567.0,2.1860153822214956e-07
-566.875,2.185237932582184e-07
-566.75,2.1844607864050484e-07
-566.625,2.1836839434683015e-07
-566.5,2.1829074035488448e-07
-566.375,2.182131166426294e-07
-566.25,2.181355231877912e-07
-566.125,2.180579599682153e-07
-566.0,2.1798042696165737e-07
-565.875,2.1790292414605464e-07
-565.75,2.1782545149915924e-07
-565.625,2.177480089990273e-07
-565.5,2.1767059662350596e-07
-565.375,2.1759321435071515e-07
-565.25,2.175158621586698e-07
-565.125,2.174385400256071e-07
-565.0,2.173612479296823e-07
-564.875,2.1728398584902085e-07
-564.75,2.1720675376171873e-07
-564.625,2.171295516461151e-07
-564.5,2.1705237948038293e-07
-564.375,2.1697523724244265e-07
-564.25,2.1689812491046617e-07
-564.125,2.1682104246241612e-07
-564.0,2.167439898763734e-07
-563.875,2.166669671303904e-07
-563.75,2.165899742026479e-07
-563.625,2.1651301107121166e-07
-563.5,2.164360777142844e-07
-563.375,2.1635917411037422e-07
-563.25,2.1628230023773396e-07
-563.125,2.1620545607485573e-07
-563.0,2.1612864160003902e-07
-562.875,2.1605185679172518e-07
-562.75,2.159751016282417e-07
-562.625,2.1589837608806798e-07
-562.5,2.158216801496154e-07
-562.375,2.1574501379129725e-07
-562.25,2.1566837699190966e-07
-562.125,2.1559176973013583e-07
-562.0,2.1551519198482288e-07
-561.875,2.1543864373473536e-07
-561.75,2.1536212495878393e-07
-561.625,2.1528563563574027e-07
-561.5,2.1520917574418544e-07
-561.375,2.151327452628108e-07
-561.25,2.150563441699263e-07
-561.125,2.1497997244388252e-07
-561.0,2.1490363006305754e-07
-560.875,2.1482731700608702e-07
-560.75,2.147510332513285e-07
-560.625,2.1467477877764123e-07
-560.5,2.1459855356373565e-07
-560.375,2.1452235758832578e-07
-560.25,2.1444619083045766e-07
-560.125,2.1437005326899727e-07
-560.0,2.1429394488304864e-07
-559.875,2.1421786565145225e-07
-559.75,2.141418155536471e-07
-559.625,2.1406579456859543e-07
-559.5,2.1398980267565968e-07
-559.375,2.139138398537495e-07
-559.25,2.1383790608152755e-07
-559.125,2.1376200133793751e-07
-559.0,2.1368612560151066e-07
-558.875,2.136102788508639e-07
-558.75,2.1353446106443273e-07
-558.625,2.1345867222071662e-07
-558.5,2.1338291229868163e-07
-558.375,2.133071812773274e-07
-558.25,2.132314791361876e-07
-558.125,2.1315580585483922e-07
-558.0,2.1308016141308328e-07
-557.875,2.1300454579072925e-07
-557.75,2.1292895896741022e-07
-557.625,2.1285340092275343e-07
-557.5,2.1277787163608348e-07
-557.375,2.1270237108667722e-07
-557.25,2.1262689925356547e-07
-557.125,2.1255145611553264e-07
-557.0,2.1247604165155311e-07
-556.875,2.1240065584036176e-07
-556.75,2.123252986611185e-07
-556.625,2.1224997009274644e-07
-556.5,2.121746701148314e-07
-556.375,2.1209939870676992e-07
-556.25,2.1202415584830432e-07
-556.125,2.1194894151913608e-07
-556.0,2.1187375569915925e-07
-555.875,2.1179859836795815e-07
-555.75,2.1172346950520907e-07
-555.625,2.1164836909064775e-07
-555.5,2.1157329710352588e-07
-555.375,2.1149825352342798e-07
-555.25,2.1142323832969878e-07
-555.125,2.1134825150205848e-07
-555.0,2.1127329301965563e-07
-554.875,2.1119836286254564e-07
-554.75,2.111234610101611e-07
-554.625,2.1104858744245302e-07
-554.5,2.1097374213871725e-07
-554.375,2.1089892507904073e-07
-554.25,2.108241362429882e-07
-554.125,2.1074937561023524e-07
-554.0,2.1067464316051118e-07
-553.875,2.1059993887375256e-07
-553.75,2.105252627295762e-07
-553.625,2.1045061470778596e-07
-553.5,2.1037599478852744e-07
-553.375,2.1030140295149959e-07
-553.25,2.1022683917677407e-07
-553.125,2.101523034440948e-07
-553.0,2.1007779573354002e-07
-552.875,2.1000331602485392e-07
-552.75,2.099288642981897e-07
-552.625,2.0985444053347477e-07
-552.5,2.097800447107442e-07
-552.375,2.0970567681016062e-07
-552.25,2.0963133681182246e-07
-552.125,2.0955702469576425e-07
-552.0,2.094827404423456e-07
-551.875,2.094084840314329e-07
-551.75,2.0933425544318112e-07
-551.625,2.0926005465767068e-07
-551.5,2.0918588165497267e-07
-551.375,2.09111736415153e-07
-551.25,2.0903761891800405e-07
-551.125,2.0896352914409328e-07
-551.0,2.0888946707305634e-07
-550.875,2.0881543268537122e-07
-550.75,2.0874142596094467e-07
-550.625,2.0866744688025805e-07
-550.5,2.085934954232748e-07
-550.375,2.085195715702246e-07
-550.25,2.0844567530155704e-07
-550.125,2.083718065976373e-07
-550.0,2.082979654390214e-07
-549.875,2.0822415180612763e-07
-549.75,2.0815036567961947e-07
-549.625,2.0807660703995798e-07
-549.5,2.0800287586775805e-07
-549.375,2.0792917214356861e-07
-549.25,2.078554958478616e-07
-549.125,2.077818469609328e-07
-549.0,2.0770822546315885e-07
-548.875,2.0763463133510058e-07
-548.75,2.0756106455712013e-07
-548.625,2.0748752510947775e-07
-548.5,2.0741401297293195e-07
-548.375,2.0734052812800776e-07
-548.25,2.0726707055545333e-07
-548.125,2.071936402360018e-07
-548.0,2.0712023715043454e-07
-547.875,2.07046861279302e-07
-547.75,2.0697351260340823e-07
-547.625,2.069001911034668e-07
-547.5,2.0682689676002302e-07
-547.375,2.0675362955374247e-07
-547.25,2.0668038946520225e-07
-547.125,2.0660717647520078e-07
-547.0,2.0653399056430577e-07
-546.875,2.0646083171349053e-07
-546.75,2.0638769990349476e-07
-546.625,2.063145951151202e-07
-546.5,2.0624151732934348e-07
-546.375,2.0616846652701304e-07
-546.25,2.0609544268903738e-07
-546.125,2.060224457961191e-07
-546.0,2.0594947582918606e-07
-545.875,2.058765327689985e-07
-545.75,2.0580361659648758e-07
-545.625,2.0573072729278786e-07
-545.5,2.0565786483873188e-07
-545.375,2.0558502921568473e-07
-545.25,2.0551222040463087e-07
-545.125,2.0543943838714553e-07
-545.0,2.0536668314406273e-07
-544.875,2.052939546571041e-07
-544.75,2.0522125290698477e-07
-544.625,2.0514857787510307e-07
-544.5,2.0507592954236317e-07
-544.375,2.0500330788958844e-07
-544.25,2.049307128977623e-07
-544.125,2.0485814454743592e-07
-544.0,2.04785602819855e-07
-543.875,2.0471308769600373e-07
-543.75,2.0464059915719157e-07
-543.625,2.0456813718439328e-07
-543.5,2.0449570175900678e-07
-543.375,2.044232928625344e-07
-543.25,2.0435091047650383e-07
-543.125,2.0427855458259966e-07
-543.0,2.0420622516211527e-07
-542.875,2.0413392219633297e-07
-542.75,2.0406164566688188e-07
-542.625,2.0398939555504679e-07
-542.5,2.0391717184240245e-07
-542.375,2.03844974510284e-07
-542.25,2.0377280354016986e-07
-542.125,2.0370065891328388e-07
-542.0,2.0362854061138346e-07
-541.875,2.035564486156416e-07
-541.75,2.034843829075767e-07
-541.625,2.0341234346845268e-07
-541.5,2.033403302798199e-07
-541.375,2.0326834332303686e-07
-541.25,2.031963825795101e-07
-541.125,2.031244480308667e-07
-541.0,2.0305253965852357e-07
-540.875,2.029806574441902e-07
-540.75,2.0290880136954396e-07
-540.625,2.028369714165146e-07
-540.5,2.027651675663737e-07
-540.375,2.0269338980113028e-07
-540.25,2.026216381024005e-07
-540.125,2.0254991245197844e-07
-540.0,2.0247821283161186e-07
-539.875,2.0240653922301834e-07
-539.75,2.0233489160775863e-07
-539.625,2.0226326996773833e-07
-539.5,2.0219167428488261e-07
-539.375,2.0212010454087574e-07
-539.25,2.0204856071751304e-07
-539.125,2.0197704279670617e-07
-539.0,2.01905550760266e-07
-538.875,2.0183408459015932e-07
-538.75,2.017626442682816e-07
-538.625,2.0169122977652978e-07
-538.5,2.0161984109678353e-07
-538.375,2.0154847821088898e-07
-538.25,2.0147714110094998e-07
-538.125,2.0140582974892365e-07
-538.0,2.0133454413679085e-07
-537.875,2.0126328424639311e-07
-537.75,2.0119205005984316e-07
-537.625,2.0112084155892207e-07
-537.5,2.0104965872583452e-07
-537.375,2.0097850154251886e-07
-537.25,2.0090736999109393e-07
-537.125,2.0083626405352376e-07
-537.0,2.0076518371194621e-07
-536.875,2.0069412894852682e-07
-536.75,2.0062309974547507e-07
-536.625,2.005520960847561e-07
-536.5,2.0048111794866574e-07
-536.375,2.004101653193983e-07
-536.25,2.003392381790787e-07
-536.125,2.0026833650977027e-07
-536.0,2.0019746029396387e-07
-535.875,2.0012660951366544e-07
-535.75,2.0005578415134143e-07
-535.625,1.999849841894242e-07
-535.5,1.9991420960981959e-07
-535.375,1.9984346039516885e-07
-535.25,1.9977273652767158e-07
-535.125,1.9970203798979675e-07
-535.0,1.996313647636606e-07
-534.875,1.995607168317499e-07
-534.75,1.994900941763232e-07
-534.625,1.9941949677977013e-07
-534.5,1.9934892462471775e-07
-534.375,1.99278377693572e-07
-534.25,1.9920785596864326e-07
-534.125,1.9913735943250418e-07
-534.0,1.990668880676161e-07
-533.875,1.9899644185654044e-07
-533.75,1.9892602078166896e-07
-533.625,1.9885562482563295e-07
-533.5,1.987852539709113e-07
-533.375,1.987149081999872e-07
-533.25,1.9864458749566478e-07
-533.125,1.9857429184042825e-07
-533.0,1.9850402121698285e-07
-532.875,1.9843377560800495e-07
-532.75,1.983635549960392e-07
-532.625,1.9829335936363566e-07
-532.5,1.9822318869357173e-07
-532.375,1.9815304296846352e-07
-532.25,1.9808292217094795e-07
-532.125,1.9801282628350822e-07
-532.0,1.9794275528901706e-07
-531.875,1.9787270917006592e-07
-531.75,1.9780268790949196e-07
-531.625,1.9773269149011683e-07
-531.5,1.9766271989476752e-07
-531.375,1.9759277310624693e-07
-531.25,1.9752285110734293e-07
-531.125,1.9745295388110734e-07
-531.0,1.973830814102971e-07
-530.875,1.9731323367774604e-07
-530.75,1.9724341066619246e-07
-530.625,1.971736123585536e-07
-530.5,1.9710383873765543e-07
-530.375,1.9703408978626547e-07
-530.25,1.9696436548737033e-07
-530.125,1.9689466582370984e-07
-530.0,1.9682499077835417e-07
-529.875,1.9675534033424649e-07
-529.75,1.966857144745405e-07
-529.625,1.9661611318226582e-07
-529.5,1.965465364403846e-07
-529.375,1.9647698423202621e-07
-529.25,1.9640745654036708e-07
-529.125,1.9633795334874113e-07
-529.0,1.9626847463993143e-07
-528.875,1.9619902039717435e-07
-528.75,1.9612959060362185e-07
-528.625,1.960601852424344e-07
-528.5,1.959908042968295e-07
-528.375,1.959214477499078e-07
-528.25,1.9585211558497135e-07
-528.125,1.9578280778485037e-07
-528.0,1.9571352433287142e-07
-527.875,1.9564426521234945e-07
-527.75,1.955750304062944e-07
-527.625,1.955058198977927e-07
-527.5,1.954366336703112e-07
-527.375,1.9536747170700447e-07
-527.25,1.9529833399086846e-07
-527.125,1.9522922050543765e-07
-527.0,1.9516013123399437e-07
-526.875,1.9509106615958367e-07
-526.75,1.9502202526567492e-07
-526.625,1.9495300853560666e-07
-526.5,1.9488401595263457e-07
-526.375,1.9481504750028116e-07
-526.25,1.9474610316192482e-07
-526.125,1.9467718292109162e-07
-526.0,1.9460828676125553e-07
-525.875,1.945394146660483e-07
-525.75,1.9447056661892587e-07
-525.625,1.9440174260346866e-07
-525.5,1.9433294260305561e-07
-525.375,1.9426416660135e-07
-525.25,1.9419541458195308e-07
-525.125,1.9412668652819728e-07
-525.0,1.9405798242370702e-07
-524.875,1.9398930225192093e-07
-524.75,1.9392064599626773e-07
-524.625,1.9385201364018504e-07
-524.5,1.9378340516724723e-07
-524.375,1.9371482056083067e-07
-524.25,1.9364625980463903e-07
-524.125,1.9357772288235974e-07
-524.0,1.935092097776802e-07
-523.875,1.9344072047426291e-07
-523.75,1.933722549559618e-07
-523.625,1.9330381320662453e-07
-523.5,1.9323539520989132e-07
-523.375,1.9316700094957917e-07
-523.25,1.9309863040928527e-07
-523.125,1.9303028357272093e-07
-523.0,1.929619604235972e-07
-522.875,1.9289366094565002e-07
-522.75,1.9282538512281078e-07
-522.625,1.9275713293860882e-07
-522.5,1.926889043771422e-07
-522.375,1.9262069942220784e-07
-522.25,1.9255251805773002e-07
-522.125,1.9248436026758724e-07
-522.0,1.924162260357004e-07
-521.875,1.9234811534611375e-07
-521.75,1.9228002818251312e-07
-521.625,1.9221196452919204e-07
-521.5,1.9214392436996847e-07
-521.375,1.9207590768882976e-07
-521.25,1.9200791446963272e-07
-521.125,1.9193994469656876e-07
-521.0,1.918719983533392e-07
-520.875,1.9180407542398342e-07
-520.75,1.9173617589227146e-07
-520.625,1.916682997420317e-07
-520.5,1.9160044695730838e-07
-520.375,1.9153261752186868e-07
-520.25,1.9146481142028076e-07
-520.125,1.9139702863601176e-07
-520.0,1.913292691534946e-07
-519.875,1.9126153295651125e-07
-519.75,1.9119382002962987e-07
-519.625,1.9112613035706442e-07
-519.5,1.9105846392288343e-07
-519.375,1.9099082071166626e-07
-519.25,1.9092320070712397e-07
-519.125,1.9085560389394795e-07
-519.0,1.9078803025622459e-07
-518.875,1.9072047977847552e-07
-518.75,1.9065295244484025e-07
-518.625,1.9058544823949202e-07
-518.5,1.9051796714665547e-07
-518.375,1.904505091504497e-07
-518.25,1.903830742351108e-07
-518.125,1.9031566238472182e-07
-518.0,1.902482735835663e-07
-517.875,1.9018090781602766e-07
-517.75,1.9011356506626345e-07
-517.625,1.9004624531883037e-07
-517.5,1.8997894855819038e-07
-517.375,1.8991167476898277e-07
-517.25,1.8984442393559404e-07
-517.125,1.8977719604262512e-07
-517.0,1.8970999107446528e-07
-516.875,1.8964280901542041e-07
-516.75,1.8957564984989354e-07
-516.625,1.8950851356221064e-07
-516.5,1.8944140013683976e-07
-516.375,1.8937430955785965e-07
-516.25,1.8930724180973403e-07
-516.125,1.8924019687710374e-07
-516.0,1.8917317474445434e-07
-515.875,1.8910617539629503e-07
-515.75,1.8903919881716935e-07
-515.625,1.8897224499181443e-07
-515.5,1.889053139045824e-07
-515.375,1.8883840554029055e-07
-515.25,1.8877151988354633e-07
-515.125,1.8870465691897994e-07
-515.0,1.886378166311331e-07
-514.875,1.8857099900473309e-07
-514.75,1.8850420402460748e-07
-514.625,1.8843743167522251e-07
-514.5,1.8837068194135017e-07
-514.375,1.883039548076938e-07
-514.25,1.882372502587598e-07
-514.125,1.881705682792518e-07
-514.0,1.8810390885382537e-07
-513.875,1.8803727196731772e-07
-513.75,1.879706576042999e-07
-513.625,1.8790406574968608e-07
-513.5,1.878374963880724e-07
-513.375,1.8777094950409286e-07
-513.25,1.8770442508274276e-07
-513.125,1.8763792310850133e-07
-513.0,1.8757144356627292e-07
-512.875,1.8750498644130897e-07
-512.75,1.874385517182229e-07
-512.625,1.8737213938213528e-07
-512.5,1.8730574941763895e-07
-512.375,1.872393818106496e-07
-512.25,1.8717303654590691e-07
-512.125,1.871067136093929e-07
-512.0,1.8704041298656643e-07
-511.875,1.8697413466090598e-07
-511.75000000000006,1.8690787861827315e-07
-511.62499999999994,1.8684164484313676e-07
-511.5,1.8677543332040878e-07
-511.375,1.8670924403466905e-07
-511.25,1.8664307697060669e-07
-511.125,1.8657693211290675e-07
-510.99999999999994,1.8651080944552802e-07
-510.87499999999994,1.8644470895465738e-07
-510.75,1.8637863062469192e-07
-510.625,1.8631257444111033e-07
-510.5,1.8624654038934906e-07
-510.37500000000006,1.8618052845394775e-07
-510.24999999999994,1.8611453862057238e-07
-510.125,1.8604857087401902e-07
-510.0,1.8598262519963648e-07
-509.875,1.8591670158261725e-07
-509.75000000000006,1.8585080000810897e-07
-509.62499999999994,1.8578492046116073e-07
-509.49999999999994,1.85719062926808e-07
-509.375,1.8565322739052177e-07
-509.25,1.8558741383733015e-07
-509.125,1.8552162225235554e-07
-509.00000000000006,1.8545585262090923e-07
-508.87499999999994,1.853901049280954e-07
-508.75,1.8532437915937213e-07
-508.625,1.8525867529991236e-07
-508.5,1.8519299333531404e-07
-508.37500000000006,1.8512733325080458e-07
-508.24999999999994,1.8506169503181718e-07
-508.125,1.8499607866381582e-07
-508.0,1.8493048413228604e-07
-507.875,1.8486491142253977e-07
-507.75,1.8479936051989667e-07
-507.62499999999994,1.8473383140969513e-07
-507.49999999999994,1.8466832407723337e-07
-507.375,1.8460283850785242e-07
-507.25,1.8453737468694874e-07
-507.125,1.84471932599651e-07
-507.00000000000006,1.8440651223154537e-07
-506.87499999999994,1.8434111356818354e-07
-506.75,1.8427573659498773e-07
-506.625,1.8421038129733986e-07
-506.5,1.8414504766077058e-07
-506.375,1.8407973567092647e-07
-506.24999999999994,1.840144453130628e-07
-506.12499999999994,1.8394917657303225e-07
-506.0,1.8388392943622235e-07
-505.875,1.8381870388793733e-07
-505.75,1.837534999136464e-07
-505.62500000000006,1.8368831749912233e-07
-505.49999999999994,1.836231566296806e-07
-505.375,1.8355801729078325e-07
-505.25,1.8349289946820656e-07
-505.125,1.8342780314731813e-07
-505.00000000000006,1.8336272831358403e-07
-504.87499999999994,1.832976749528844e-07
-504.74999999999994,1.8323264305086672e-07
-504.625,1.8316763259291457e-07
-504.5,1.8310264356493924e-07
-504.375,1.830376759525361e-07
-504.25000000000006,1.829727297413824e-07
-504.12499999999994,1.8290780491754314e-07
-504.0,1.8284290146689131e-07
-503.875,1.8277801937506385e-07
-503.75,1.8271315862770752e-07
-503.62500000000006,1.8264831921076687e-07
-503.49999999999994,1.8258350110991947e-07
-503.375,1.825187043110099e-07
-503.25,1.8245392879973445e-07
-503.125,1.823891745617267e-07
-503.0,1.8232444158267415e-07
-502.87499999999994,1.8225972984862313e-07
-502.74999999999994,1.8219503934537152e-07
-502.625,1.8213037005863527e-07
-502.5,1.8206572197416362e-07
-502.375,1.8200109507774742e-07
-502.25000000000006,1.8193648935532534e-07
-502.12499999999994,1.818719047924877e-07
-502.0,1.818073413754281e-07
-501.875,1.8174279908985971e-07
-501.75,1.8167827792189594e-07
-501.625,1.8161377785763898e-07
-501.49999999999994,1.8154929888330642e-07
-501.37499999999994,1.814848409848351e-07
-501.25,1.814204041482078e-07
-501.125,1.8135598835951285e-07
-501.0,1.8129159360458582e-07
-500.87500000000006,1.8122721986928714e-07
-500.74999999999994,1.8116286713950343e-07
-500.625,1.810985354012055e-07
-500.5,1.8103422464034494e-07
-500.375,1.8096993484283602e-07
-500.25000000000006,1.8090566599502948e-07
-500.12499999999994,1.808414180829535e-07
-500.0,1.8077719109270112e-07
-499.875,1.8071298501040533e-07
-499.75,1.8064879982225705e-07
-499.625,1.80584635514268e-07
-499.50000000000006,1.805204920726005e-07
-499.37499999999994,1.8045636948349824e-07
-499.25,1.8039226773288132e-07
-499.125,1.8032818680707865e-07
-499.0,1.8026412669213083e-07
-498.87500000000006,1.8020008737441412e-07
-498.74999999999994,1.8013606883997105e-07
-498.625,1.8007207107525056e-07
-498.5,1.8000809406621919e-07
-498.375,1.7994413779922628e-07
-498.25,1.7988020226053705e-07
-498.12499999999994,1.7981628743627955e-07
-497.99999999999994,1.7975239331271184e-07
-497.875,1.7968851987616478e-07
-497.75,1.7962466711285666e-07
-497.625,1.795608350088843e-07
-497.50000000000006,1.7949702355075174e-07
-497.37499999999994,1.7943323272473098e-07
-497.25,1.7936946251713427e-07
-497.125,1.7930571291411678e-07
-497.0,1.79241983902306e-07
-496.875,1.791782754677081e-07
-496.74999999999994,1.7911458759727772e-07
-496.62499999999994,1.7905092027716293e-07
-496.5,1.7898727349392998e-07
-496.375,1.7892364723413453e-07
-496.25,1.7886004148416034e-07
-496.12500000000006,1.787964562307104e-07
-495.99999999999994,1.78732891459714e-07
-495.875,1.7866934715798545e-07
-495.75,1.7860582331168343e-07
-495.625,1.7854231990722817e-07
-495.50000000000006,1.784788369310919e-07
-495.37499999999994,1.7841537436957652e-07
-495.25,1.783519322090871e-07
-495.125,1.7828851043612079e-07
-495.0,1.782251090375136e-07
-494.875,1.7816172799957092e-07
-494.75000000000006,1.7809836730869877e-07
-494.62499999999994,1.780350269517718e-07
-494.5,1.779717069151923e-07
-494.375,1.7790840718557814e-07
-494.25,1.7784512774962275e-07
-494.12500000000006,1.7778186859381615e-07
-493.99999999999994,1.7771862970493442e-07
-493.875,1.7765541106963248e-07
-493.75,1.775922126745899e-07
-493.625,1.7752903450643707e-07
-493.5,1.7746587655195534e-07
-493.37499999999994,1.7740273879769756e-07
-493.24999999999994,1.7733962123041345e-07
-493.125,1.7727652383685865e-07
-493.0,1.772134466035699e-07
-492.875,1.7715038951728096e-07
-492.75000000000006,1.7708735256472622e-07
-492.62499999999994,1.7702433573263517e-07
-492.5,1.7696133900770898e-07
-492.375,1.7689836237664767e-07
-492.25,1.76835405826214e-07
-492.12500000000006,1.767724693431709e-07
-491.99999999999994,1.7670955291423007e-07
-491.87499999999994,1.7664665652619953e-07
-491.75,1.7658378016576277e-07
-491.625,1.7652092381977088e-07
-491.5,1.7645808747499083e-07
-491.37500000000006,1.7639527111843619e-07
-491.24999999999994,1.763324747367164e-07
-491.125,1.7626969831686957e-07
-491.0,1.7620694184577437e-07
-490.875,1.7614420531054522e-07
-490.75000000000006,1.76081488698016e-07
-490.62499999999994,1.76018791995123e-07
-490.5,1.759561151888625e-07
-490.375,1.7589345826633746e-07
-490.25,1.758308212143555e-07
-490.125,1.7576820401983745e-07
-490.00000000000006,1.757056066698257e-07
-489.87499999999994,1.75643029151099e-07
-489.75,1.7558047145057775e-07
-489.625,1.75517933555142e-07
-489.5,1.7545541545162378e-07
-489.37500000000006,1.7539291712676505e-07
-489.24999999999994,1.7533043856774874e-07
-489.125,1.7526797976149036e-07
-489.0,1.7520554069487403e-07
-488.875,1.7514312135515653e-07
-488.75,1.75080721729356e-07
-488.62499999999994,1.7501834180473927e-07
-488.49999999999994,1.7495598156861328e-07
-488.375,1.7489364100808985e-07
-488.25,1.7483132011037298e-07
-488.125,1.7476901886282673e-07
-488.00000000000006,1.7470673725240304e-07
-487.87499999999994,1.746444752662085e-07
-487.75,1.7458223289144155e-07
-487.625,1.7452001011522953e-07
-487.5,1.7445780692458053e-07
-487.37500000000006,1.743956233067367e-07
-487.24999999999994,1.7433345924870227e-07
-487.12499999999994,1.742713147376472e-07
-487.0,1.742091897608415e-07
-486.875,1.7414708430542956e-07
-486.75,1.7408499835844497e-07
-486.62500000000006,1.7402293190731907e-07
-486.49999999999994,1.7396088493909723e-07
-486.375,1.7389885744115853e-07
-486.25,1.73836849400629e-07
-486.125,1.7377486080481246e-07
-486.00000000000006,1.7371289164097277e-07
-485.87499999999994,1.7365094189641473e-07
-485.75,1.7358901155850896e-07
-485.625,1.7352710061448694e-07
-485.5,1.7346520905164928e-07
-485.375,1.7340333685733534e-07
-485.25000000000006,1.7334148401898534e-07
-485.12499999999994,1.7327965052389303e-07
-485.0,1.7321783635941251e-07
-484.875,1.7315604151291742e-07
-484.75,1.7309426597186875e-07
-484.62500000000006,1.7303250972374344e-07
-484.49999999999994,1.7297077275606888e-07
-484.375,1.7290905505607754e-07
-484.25,1.7284735661129942e-07
-484.125,1.7278567740925402e-07
-484.0,1.7272401743741815e-07
-483.87499999999994,1.7266237668318327e-07
-483.74999999999994,1.726007551339313e-07
-483.625,1.725391527770942e-07
-483.5,1.724775696000429e-07
-483.375,1.7241600559036216e-07
-483.25000000000006,1.7235446073548078e-07
-483.12499999999994,1.7229293502271213e-07
-483.0,1.722314284396392e-07
-482.875,1.721699409738701e-07
-482.75,1.7210847261300032e-07
-482.62500000000006,1.7204702334436755e-07
-482.49999999999994,1.719855931557705e-07
-482.37499999999994,1.7192418203463282e-07
-482.25,1.7186278996869577e-07
-482.125,1.718014169454179e-07
-482.0,1.7174006295258857e-07
-481.87500000000006,1.7167872797773153e-07
-481.74999999999994,1.7161741200857108e-07
-481.625,1.7155611503276903e-07
-481.5,1.7149483703799663e-07
-481.375,1.7143357801199603e-07
-481.25000000000006,1.7137233794236302e-07
-481.12499999999994,1.713111168167674e-07
-481.0,1.7124991462277577e-07
-480.875,1.7118873134808527e-07
-480.75,1.711275669801148e-07
-480.625,1.7106642150671398e-07
-480.49999999999994,1.7100529491608413e-07
-480.37499999999994,1.7094418719490423e-07
-480.25,1.7088309833107314e-07
-480.125,1.7082202831299806e-07
-480.0,1.7076097712774342e-07
-479.87500000000006,1.7069994476334963e-07
-479.74999999999994,1.706389312077407e-07
-479.625,1.7057793644857027e-07
-479.5,1.7051696047307082e-07
-479.375,1.7045600326991876e-07
-479.25,1.7039506482680319e-07
-479.12499999999994,1.703341451309644e-07
-478.99999999999994,1.702732441708158e-07
-478.875,1.7021236193393874e-07
-478.75,1.701514984082885e-07
-478.625,1.7009065358176576e-07
-478.50000000000006,1.7002982744222942e-07
-478.37499999999994,1.6996901997776067e-07
-478.25,1.6990823117607349e-07
-478.125,1.6984746102525085e-07
-478.0,1.697867095131651e-07
-477.87500000000006,1.6972597662784143e-07
-477.74999999999994,1.6966526235718284e-07
-477.62499999999994,1.6960456668910374e-07
-477.5,1.6954388961146233e-07
-477.375,1.694832311121769e-07
-477.25,1.6942259117932274e-07
-477.12500000000006,1.6936196980053587e-07
-476.99999999999994,1.6930136696394416e-07
-476.875,1.6924078265751446e-07
-476.75,1.6918021686910305e-07
-476.625,1.691196695867528e-07
-476.50000000000006,1.6905914079855157e-07
-476.37499999999994,1.6899863049262912e-07
-476.25,1.6893813865701444e-07
-476.125,1.688776652799147e-07
-476.0,1.6881721034938708e-07
-475.875,1.687567738533135e-07
-475.74999999999994,1.6869635577991123e-07
-475.62499999999994,1.686359561173023e-07
-475.5,1.6857557485335362e-07
-475.375,1.6851521197614602e-07
-475.25,1.684548674738146e-07
-475.12500000000006,1.683945413343266e-07
-474.99999999999994,1.6833423354581475e-07
-474.875,1.6827394409647027e-07
-474.75,1.6821367297439944e-07
-474.625,1.6815342016765998e-07
-474.5,1.68093185664541e-07
-474.37499999999994,1.680329694532416e-07
-474.24999999999994,1.67972771521908e-07
-474.125,1.6791259185876594e-07
-474.0,1.6785243045213556e-07
-473.875,1.6779228729018995e-07
-473.75000000000006,1.677321623611131e-07
-473.62499999999994,1.6767205565311307e-07
-473.5,1.676119671543764e-07
-473.375,1.6755189685319968e-07
-473.25,1.6749184473782654e-07
-473.12500000000006,1.674318107966637e-07
-472.99999999999994,1.6737179501768514e-07
-472.875,1.673117973894792e-07
-472.75,1.6725181790032555e-07
-472.625,1.671918565385913e-07
-472.5,1.6713191329239772e-07
-472.37500000000006,1.6707198815034034e-07
-472.24999999999994,1.6701208110055236e-07
-472.125,1.6695219213142323e-07
-472.0,1.668923212312775e-07
-471.875,1.6683246838832932e-07
-471.75000000000006,1.6677263359092036e-07
-471.62499999999994,1.6671281682770854e-07
-471.5,1.6665301808714764e-07
-471.375,1.6659323735724303e-07
-471.25,1.6653347462662738e-07
-471.125,1.6647372988375655e-07
-470.99999999999994,1.66414003116986e-07
-470.87499999999994,1.6635429431479642e-07
-470.75,1.662946034656103e-07
-470.625,1.6623493055758254e-07
-470.5,1.6617527557930606e-07
-470.37500000000006,1.6611563851935922e-07
-470.24999999999994,1.6605601936614347e-07
-470.125,1.659964181080772e-07
-470.0,1.6593683473375306e-07
-469.875,1.6587726923148528e-07
-469.75,1.6581772158986499e-07
-469.62499999999994,1.6575819179735685e-07
-469.49999999999994,1.6569867984256607e-07
-469.375,1.6563918571389345e-07
-469.25,1.65579709399965e-07
-469.125,1.6552025088937167e-07
-469.00000000000006,1.6546081017072648e-07
-468.87499999999994,1.6540138723262885e-07
-468.75,1.6534198206367185e-07
-468.625,1.6528259465264436e-07
-468.5,1.6522322498789203e-07
-468.37500000000006,1.6516387305818383e-07
-468.24999999999994,1.6510453885212117e-07
-468.125,1.650452223579995e-07
-468.0,1.6498592356466322e-07
-467.875,1.649266424606233e-07
-467.75,1.6486737903456462e-07
-467.62500000000006,1.648081332749615e-07
-467.49999999999994,1.6474890517056789e-07
-467.375,1.6468969471000112e-07
-467.25,1.6463050188185532e-07
-467.125,1.645713266750692e-07
-467.00000000000006,1.6451216907811496e-07
-466.87499999999994,1.6445302907979323e-07
-466.75,1.643939066688681e-07
-466.625,1.6433480183388804e-07
-466.5,1.642757145637633e-07
-466.375,1.642166448471913e-07
-466.24999999999994,1.6415759267304675e-07
-466.12499999999994,1.6409855803013648e-07
-466.0,1.6403954090727102e-07
-465.875,1.6398054129332152e-07
-465.75,1.6392155917705743e-07
-465.62500000000006,1.6386259454749973e-07
-465.49999999999994,1.6380364739330857e-07
-465.375,1.6374471770335122e-07
-465.25,1.63685805466221e-07
-465.125,1.6362691067083774e-07
-465.0,1.635680333059305e-07
-464.87499999999994,1.635091733603914e-07
-464.74999999999994,1.6345033082279423e-07
-464.625,1.6339150568208208e-07
-464.5,1.6333269792702426e-07
-464.375,1.6327390754645115e-07
-464.25000000000006,1.632151345293833e-07
-464.12499999999994,1.6315637886477504e-07
-464.0,1.6309764054147805e-07
-463.875,1.630389195482466e-07
-463.75,1.6298021587411509e-07
-463.62500000000006,1.629215295080348e-07
-463.49999999999994,1.6286286043895843e-07
-463.375,1.6280420865595978e-07
-463.25,1.6274557414789826e-07
-463.125,1.626869569037759e-07
-463.0,1.626283569125017e-07
-462.87500000000006,1.6256977416331103e-07
-462.74999999999994,1.6251120864518823e-07
-462.625,1.6245266034691676e-07
-462.5,1.623941292575877e-07
-462.375,1.623356153660831e-07
-462.25000000000006,1.6227711866140813e-07
-462.12499999999994,1.6221863913239606e-07
-462.0,1.6216017676831203e-07
-461.875,1.621017315579946e-07
-461.75,1.6204330349049704e-07
-461.625,1.6198489255516091e-07
-461.49999999999994,1.619264987409482e-07
-461.37499999999994,1.618681220371168e-07
-461.25,1.6180976243272753e-07
-461.125,1.6175141991699725e-07
-461.0,1.6169309447898206e-07
-460.87500000000006,1.6163478610790238e-07
-460.74999999999994,1.615764947928015e-07
-460.625,1.6151822052265563e-07
-460.5,1.6145996328651476e-07
-460.375,1.6140172307353049e-07
-460.25000000000006,1.6134349987260921e-07
-460.12499999999994,1.6128529367288724e-07
-459.99999999999994,1.6122710446340675e-07
-459.875,1.6116893223343537e-07
-459.75,1.6111077697217982e-07
-459.625,1.610526386690513e-07
-459.50000000000006,1.6099451731333706e-07
-459.37499999999994,1.6093641289437888e-07
-459.25,1.6087832540162174e-07
-459.125,1.6082025482434644e-07
-459.0,1.6076220115168238e-07
-458.87500000000006,1.607041643729256e-07
-458.74999999999994,1.606461444771125e-07
-458.625,1.6058814145336678e-07
-458.5,1.605301552907347e-07
-458.375,1.6047218597833993e-07
-458.25,1.6041423350536428e-07
-458.12500000000006,1.6035629786098014e-07
-457.99999999999994,1.6029837903461357e-07
-457.875,1.6024047701562616e-07
-457.75,1.6018259179358646e-07
-457.625,1.6012472335777265e-07
-457.50000000000006,1.6006687169782024e-07
-457.37499999999994,1.600090368031884e-07
-457.25,1.5995121866324728e-07
-457.125,1.5989341726744334e-07
-457.0,1.5983563260501744e-07
-456.875,1.5977786466534462e-07
-456.74999999999994,1.597201134375718e-07
-456.62499999999994,1.5966237891086356e-07
-456.5,1.5960466107470478e-07
-456.375,1.5954695991832515e-07
-456.25,1.594892754308973e-07
-456.12500000000006,1.5943160760199243e-07
-455.99999999999994,1.5937395642104833e-07
-455.875,1.593163218774811e-07
-455.75,1.5925870396083994e-07
-455.625,1.5920110266079708e-07
-455.50000000000006,1.591435179667946e-07
-455.37499999999994,1.590859498683275e-07
-455.24999999999994,1.5902839835519374e-07
-455.125,1.5897086341657198e-07
-455.0,1.589133450421255e-07
-454.875,1.588558432212113e-07
-454.75000000000006,1.587983579434261e-07
-454.62499999999994,1.5874088919835857e-07
-454.5,1.5868343697529638e-07
-454.375,1.5862600126400287e-07
-454.25,1.585685820538747e-07
-454.12500000000006,1.5851117933459725e-07
-453.99999999999994,1.584537930955302e-07
-453.875,1.5839642332630458e-07
-453.75,1.5833907001621985e-07
-453.625,1.58281733154589e-07
-453.5,1.5822441273097057e-07
-453.37499999999994,1.5816710873473804e-07
-453.24999999999994,1.5810982115541153e-07
-453.125,1.5805254998242595e-07
-453.0,1.5799529520564035e-07
-452.875,1.5793805681467974e-07
-452.75000000000006,1.5788083479946153e-07
-452.62499999999994,1.5782362914970034e-07
-452.5,1.5776643985532277e-07
-452.375,1.5770926690596353e-07
-452.25,1.5765211029160172e-07
-452.125,1.57594970001863e-07
-451.99999999999994,1.5753784602640142e-07
-451.87499999999994,1.5748073835490255e-07
-451.75,1.5742364697691063e-07
-451.625,1.5736657188227287e-07
-451.5,1.5730951306047824e-07
-451.37500000000006,1.572524705012438e-07
-451.24999999999994,1.571954441940038e-07
-451.125,1.5713843412858902e-07
-451.0,1.5708144029463023e-07
-450.875,1.5702446268177579e-07
-450.75000000000006,1.5696750127975277e-07
-450.62499999999994,1.5691055607818434e-07
-450.49999999999994,1.5685362706687548e-07
-450.375,1.5679671423556488e-07
-450.25,1.5673981757417924e-07
-450.125,1.566829370725357e-07
-450.00000000000006,1.5662607272049876e-07
-449.87499999999994,1.5656922450781605e-07
-449.75,1.5651239242440428e-07
-449.625,1.5645557646019991e-07
-449.5,1.563987766049255e-07
-449.37500000000006,1.563419928484711e-07
-449.24999999999994,1.562852251803837e-07
-449.125,1.5622847359068275e-07
-449.0,1.5617173806901794e-07
-448.875,1.5611501860511362e-07
-448.75,1.5605831518925436e-07
-448.62499999999994,1.56001627811028e-07
-448.49999999999994,1.559449564608266e-07
-448.375,1.5588830112841579e-07
-448.25,1.5583166180403983e-07
-448.125,1.5577503847711998e-07
-448.00000000000006,1.5571843113827645e-07
-447.87499999999994,1.5566183977733614e-07
-447.75,1.5560526438379854e-07
-447.625,1.5554870494794834e-07
-447.5,1.554921614589879e-07
-447.375,1.5543563390712248e-07
-447.24999999999994,1.5537912228216388e-07
-447.12499999999994,1.5532262657437793e-07
-447.0,1.5526614677323876e-07
-446.875,1.5520968286883251e-07
-446.75,1.5515323485121333e-07
-446.62500000000006,1.5509680271017797e-07
-446.49999999999994,1.55040386436025e-07
-446.375,1.5498398601866242e-07
-446.25,1.5492760144802882e-07
-446.125,1.5487123271423177e-07
-446.00000000000006,1.548148798070619e-07
-445.87499999999994,1.5475854271679482e-07
-445.74999999999994,1.547022214333523e-07
-445.625,1.5464591594700116e-07
-445.5,1.5458962624765597e-07
-445.375,1.5453335232533107e-07
-445.25000000000006,1.5447709417017835e-07
-445.12499999999994,1.5442085177233422e-07
-445.0,1.5436462512193588e-07
-444.875,1.5430841420901216e-07
-444.75,1.542522190237626e-07
-444.62500000000006,1.5419603955646544e-07
-444.49999999999994,1.5413987579727683e-07
-444.375,1.540837277361699e-07
-444.25,1.5402759536335346e-07
-444.125,1.5397147866905336e-07
-444.0,1.539153776433414e-07
-443.87499999999994,1.538592922763656e-07
-443.74999999999994,1.5380322255808174e-07
-443.625,1.5374716847858794e-07
-443.5,1.5369113002813213e-07
-443.375,1.5363510719691653e-07
-443.25000000000006,1.535790999750507e-07
-443.12499999999994,1.5352310835257316e-07
-443.0,1.534671323197529e-07
-442.875,1.5341117186669704e-07
-442.75,1.5335522698365056e-07
-442.625,1.532992976609025e-07
-442.49999999999994,1.5324338388853497e-07
-442.37499999999994,1.5318748565706243e-07
-442.25,1.5313160295661043e-07
-442.125,1.5307573577765746e-07
-442.0,1.5301988411039868e-07
-441.87500000000006,1.5296404794524568e-07
-441.74999999999994,1.529082272725412e-07
-441.625,1.528524220824421e-07
-441.5,1.5279663236522965e-07
-441.375,1.5274085811120605e-07
-441.25000000000006,1.5268509931066157e-07
-441.12499999999994,1.526293559537837e-07
-441.0,1.5257362803105075e-07
-440.875,1.5251791553278764e-07
-440.75,1.524622184490386e-07
-440.625,1.524065367701405e-07
-440.50000000000006,1.5235087048687188e-07
-440.37499999999994,1.5229521958911933e-07
-440.25,1.522395840673892e-07
-440.125,1.521839639116239e-07
-440.0,1.5212835911239257e-07
-439.87500000000006,1.52072769660055e-07
-439.74999999999994,1.520171955452399e-07
-439.625,1.5196163675826236e-07
-439.5,1.5190609328917652e-07
-439.375,1.5185056512883878e-07
-439.25,1.5179505226739853e-07
-439.12499999999994,1.517395546957415e-07
-438.99999999999994,1.5168407240393288e-07
-438.875,1.5162860538234028e-07
-438.75,1.5157315362138178e-07
-438.625,1.5151771711163876e-07
-438.50000000000006,1.5146229584350706e-07
-438.37499999999994,1.5140688980734543e-07
-438.25,1.5135149899398988e-07
-438.125,1.5129612339374038e-07
-438.0,1.5124076299729334e-07
-437.875,1.5118541779518817e-07
-437.74999999999994,1.5113008777798907e-07
-437.62499999999994,1.5107477293613252e-07
-437.5,1.5101947326007313e-07
-437.375,1.509641887404453e-07
-437.25,1.5090891936751078e-07
-437.12500000000006,1.5085366513190575e-07
-436.99999999999994,1.5079842602404923e-07
-436.875,1.507432020344176e-07
-436.75,1.5068799315362044e-07
-436.625,1.5063279937216032e-07
-436.50000000000006,1.505776206806022e-07
-436.37499999999994,1.505224570695555e-07
-436.25,1.5046730852957482e-07
-436.125,1.5041217505108986e-07
-436.0,1.503570566248655e-07
-435.875,1.5030195324145689e-07
-435.75000000000006,1.5024686489135772e-07
-435.62499999999994,1.5019179156509624e-07
-435.5,1.5013673325348393e-07
-435.375,1.500816899469487e-07
-435.25,1.5002666163623428e-07
-435.12500000000006,1.499716483122027e-07
-434.99999999999994,1.4991664996525726e-07
-434.875,1.4986166658624466e-07
-434.75,1.4980669816574328e-07
-434.625,1.4975174469454873e-07
-434.5,1.4969680616307984e-07
-434.37499999999994,1.496418825619795e-07
-434.24999999999994,1.4958697388208906e-07
-434.125,1.4953208011381321e-07
-434.0,1.494772012480142e-07
-433.875,1.49422337275162e-07
-433.75000000000006,1.4936748818619945e-07
-433.62499999999994,1.4931265397179467e-07
-433.5,1.492578346227711e-07
-433.375,1.4920303012984257e-07
-433.25,1.4914824048355756e-07
-433.12500000000006,1.4909346567478656e-07
-432.99999999999994,1.4903870569394008e-07
-432.87499999999994,1.4898396053233609e-07
-432.75,1.48929230180179e-07
-432.625,1.4887451462872304e-07
-432.5,1.488198138685792e-07
-432.37500000000006,1.4876512789080116e-07
-432.24999999999994,1.487104566864952e-07
-432.125,1.4865580024617538e-07
-432.0,1.4860115856116185e-07
-431.875,1.485465316217082e-07
-431.75000000000006,1.4849191941908467e-07
-431.62499999999994,1.484373219437426e-07
-431.5,1.4838273918654338e-07
-431.375,1.4832817113808812e-07
-431.25,1.482736177889573e-07
-431.125,1.482190791301809e-07
-431.00000000000006,1.4816455515223292e-07
-430.87499999999994,1.4811004584622808e-07
-430.75,1.4805555120284242e-07
-430.625,1.4800107121290752e-07
-430.5,1.479466058674401e-07
-430.37500000000006,1.4789215515734025e-07
-430.24999999999994,1.4783771907360395e-07
-430.125,1.477832976072014e-07
-430.0,1.4772889074901415e-07
-429.875,1.4767449848993435e-07
-429.75,1.476201208210227e-07
-429.62499999999994,1.4756575773323363e-07
-429.49999999999994,1.475114092175132e-07
-429.375,1.4745707526489632e-07
-429.25,1.4740275586614606e-07
-429.125,1.4734845101235704e-07
-429.00000000000006,1.4729416069448167e-07
-428.87499999999994,1.4723988490346195e-07
-428.75,1.4718562363018853e-07
-428.625,1.4713137686558488e-07
-428.5,1.4707714460045793e-07
-428.37500000000006,1.4702292682588717e-07
-428.24999999999994,1.4696872353278457e-07
-428.12499999999994,1.4691453471200173e-07
-428.0,1.4686036035475515e-07
-427.875,1.4680620045194863e-07
-427.75,1.4675205499466277e-07
-427.62500000000006,1.4669792397377173e-07
-427.49999999999994,1.4664380738047287e-07
-427.375,1.4658970520564645e-07
-427.25,1.4653561744044718e-07
-427.125,1.4648154407597546e-07
-427.00000000000006,1.4642748510317142e-07
-426.87499999999994,1.4637344051320116e-07
-426.75,1.4631941029726524e-07
-426.625,1.4626539444651288e-07
-426.5,1.4621139295201366e-07
-426.375,1.4615740580497574e-07
-426.24999999999994,1.461034329965932e-07
-426.12499999999994,1.4604947451790716e-07
-426.0,1.459955303599849e-07
-425.875,1.4594160051380852e-07
-425.75,1.458876849703094e-07
-425.62500000000006,1.458337837207639e-07
-425.49999999999994,1.4577989675618953e-07
-425.375,1.457260240676678e-07
-425.25,1.4567216564617266e-07
-425.125,1.4561832148310982e-07
-425.0,1.455644915695691e-07
-424.87499999999994,1.4551067589687408e-07
-424.74999999999994,1.45456874456258e-07
-424.625,1.4540308723861807e-07
-424.5,1.4534931423535497e-07
-424.375,1.452955554377416e-07
-424.25000000000006,1.4524181083707848e-07
-424.12499999999994,1.4518808042439994e-07
-424.0,1.4513436419094712e-07
-423.875,1.4508066212809972e-07
-423.75,1.4502697422685472e-07
-423.62500000000006,1.4497330047867837e-07
-423.49999999999994,1.4491964087458266e-07
-423.37499999999994,1.4486599540571873e-07
-423.25,1.448123640631704e-07
-423.125,1.4475874683814568e-07
-423.0,1.4470514372194843e-07
-422.87500000000006,1.44651554705642e-07
-422.74999999999994,1.4459797978069149e-07
-422.625,1.445444189383711e-07
-422.5,1.444908721700549e-07
-422.375,1.4443733946700063e-07
-422.25000000000006,1.4438382082051617e-07
-422.12499999999994,1.4433031622193304e-07
-422.0,1.4427682566246462e-07
-421.875,1.44223349133484e-07
-421.75,1.4416988662613486e-07
-421.625,1.4411643813175075e-07
-421.49999999999994,1.440630036416138e-07
-421.37499999999994,1.4400958314717356e-07
-421.25,1.4395617663991131e-07
-421.125,1.439027841112009e-07
-421.0,1.438494055524427e-07
-420.87500000000006,1.4379604095497272e-07
-420.74999999999994,1.437426903103158e-07
-420.625,1.4368935360984842e-07
-420.5,1.4363603084483085e-07
-420.375,1.43582722006553e-07
-420.25,1.4352942708633423e-07
-420.12499999999994,1.4347614607557022e-07
-419.99999999999994,1.4342287896559022e-07
-419.875,1.4336962574810255e-07
-419.75,1.4331638641428168e-07
-419.625,1.4326316095559854e-07
-419.50000000000006,1.4320994936353119e-07
-419.37499999999994,1.4315675162957366e-07
-419.25,1.4310356774504878e-07
-419.125,1.430503977013592e-07
-419.0,1.4299724148998195e-07
-418.87500000000006,1.4294409910214646e-07
-418.74999999999994,1.428909705295245e-07
-418.62499999999994,1.428378557633168e-07
-418.5,1.4278475479516803e-07
-418.375,1.4273166761636483e-07
-418.25,1.426785942184712e-07
-418.12500000000006,1.4262553459304668e-07
-417.99999999999994,1.4257248873148416e-07
-417.875,1.425194566252792e-07
-417.75,1.4246643826579264e-07
-417.625,1.424134336448592e-07
-417.50000000000006,1.4236044275389651e-07
-417.37499999999994,1.4230746558465602e-07
-417.25,1.422545021287281e-07
-417.125,1.422015523777815e-07
-417.0,1.4214861632329728e-07
-416.875,1.4209569395689225e-07
-416.74999999999994,1.4204278527013062e-07
-416.62499999999994,1.4198989025441494e-07
-416.5,1.419370089011539e-07
-416.375,1.418841412017776e-07
-416.25,1.41831287147695e-07
-416.12500000000006,1.4177844673047448e-07
-415.99999999999994,1.417256199418937e-07
-415.875,1.416728067733431e-07
-415.75,1.41620007216575e-07
-415.625,1.4156722126321485e-07
-415.5,1.415144489048668e-07
-415.37499999999994,1.4146169013341342e-07
-415.24999999999994,1.414089449404391e-07
-415.125,1.4135621331742178e-07
-415.0,1.4130349525576957e-07
-414.875,1.4125079074749533e-07
-414.75000000000006,1.4119809978398893e-07
-414.62499999999994,1.411454223570962e-07
-414.5,1.4109275845848567e-07
-414.375,1.4104010807981847e-07
-414.25,1.4098747121271227e-07
-414.12500000000006,1.4093484784918103e-07
-413.99999999999994,1.408822379808531e-07
-413.875,1.4082964159930754e-07
-413.75,1.407770586962343e-07
-413.625,1.4072448926332262e-07
-413.5,1.406719332922265e-07
-413.37500000000006,1.4061939077454748e-07
-413.24999999999994,1.4056686170201605e-07
-413.125,1.4051434606611142e-07
-413.0,1.404618438586693e-07
-412.875,1.404093550712894e-07
-412.75000000000006,1.4035687969577155e-07
-412.62499999999994,1.4030441772389038e-07
-412.5,1.4025196914721358e-07
-412.375,1.401995339576604e-07
-412.25,1.401471121467614e-07
-412.125,1.4009470370636536e-07
-411.99999999999994,1.400423086280701e-07
-411.87499999999994,1.399899269037763e-07
-411.75,1.3993755852536372e-07
-411.625,1.3988520348451826e-07
-411.5,1.3983286177327642e-07
-411.37500000000006,1.39780533383429e-07
-411.24999999999994,1.3972821830702212e-07
-411.125,1.3967591653576975e-07
-411.0,1.3962362806171385e-07
-410.875,1.3957135287657106e-07
-410.75,1.3951909097209586e-07
-410.62499999999994,1.394668423402556e-07
-410.49999999999994,1.3941460697291142e-07
-410.375,1.3936238486175567e-07
-410.25,1.39310175998613e-07
-410.125,1.392579803752043e-07
-410.00000000000006,1.392057979833088e-07
-409.87499999999994,1.391536288146446e-07
-409.75,1.3910147286097166e-07
-409.625,1.390493301140909e-07
-409.5,1.3899720056583007e-07
-409.37500000000006,1.3894508420815897e-07
-409.24999999999994,1.3889298103312117e-07
-409.125,1.3884089103283697e-07
-409.0,1.3878881419921778e-07
-408.875,1.3873675052441416e-07
-408.75,1.3868470000011305e-07
-408.62500000000006,1.3863266261846382e-07
-408.49999999999994,1.3858063837101073e-07
-408.375,1.385286272498366e-07
-408.25,1.3847662924669213e-07
-408.125,1.3842464435321902e-07
-408.00000000000006,1.383726725615546e-07
-407.87499999999994,1.3832071386368128e-07
-407.75,1.3826876825191383e-07
-407.625,1.3821683571779646e-07
-407.5,1.3816491625368322e-07
-407.375,1.3811300985135882e-07
-407.24999999999994,1.3806111650271925e-07
-407.12499999999994,1.3800923620001112e-07
-407.0,1.3795736893501842e-07
-406.875,1.3790551469959567e-07
-406.75,1.378536734857712e-07
-406.62500000000006,1.378018452857813e-07
-406.49999999999994,1.377500300914595e-07
-406.375,1.3769822789498737e-07
-406.25,1.3764643868851442e-07
-406.125,1.3759466246406648e-07
-406.00000000000006,1.3754289921372503e-07
-405.87499999999994,1.3749114892944486e-07
-405.74999999999994,1.3743941160321467e-07
-405.625,1.3738768722702184e-07
-405.5,1.373359757930333e-07
-405.375,1.3728427729315336e-07
-405.25000000000006,1.3723259171928928e-07
-405.12499999999994,1.3718091906368043e-07
-405.0,1.3712925931830248e-07
-404.875,1.3707761247530002e-07
-404.75,1.3702597852666772e-07
-404.62500000000006,1.3697435746429933e-07
-404.49999999999994,1.3692274928040727e-07
-404.375,1.3687115396701125e-07
-404.25,1.3681957151610663e-07
-404.125,1.3676800191969014e-07
-404.0,1.3671644517007987e-07
-403.87500000000006,1.3666490125935638e-07
-403.74999999999994,1.3661337017974328e-07
-403.625,1.3656185192362857e-07
-403.5,1.365103464832009e-07
-403.375,1.3645885385055686e-07
-403.25000000000006,1.3640737401803602e-07
-403.12499999999994,1.3635590697787202e-07
-403.0,1.3630445272203052e-07
-402.875,1.3625301124261396e-07
-402.75,1.362015825317927e-07
-402.625,1.3615016658162132e-07
-402.49999999999994,1.3609876338412322e-07
-402.37499999999994,1.360473729314446e-07
-402.25,1.359959952159689e-07
-402.125,1.3594463022963145e-07
-402.0,1.358932779647946e-07
-401.87500000000006,1.358419384136925e-07
-401.74999999999994,1.357906115686177e-07
-401.625,1.3573929742168486e-07
-401.5,1.3568799596511776e-07
-401.375,1.3563670719127778e-07
-401.25000000000006,1.355854310922377e-07
-401.12499999999994,1.3553416766051296e-07
-400.99999999999994,1.35482916888e-07
-400.875,1.354316787673412e-07
-400.75,1.3538045329038366e-07
-400.625,1.3532924045000142e-07
-400.50000000000006,1.3527804023826194e-07
-400.37499999999994,1.35226852647279e-07
-400.25,1.3517567766956595e-07
-400.125,1.351245152974021e-07
-400.0,1.350733655229039e-07
-399.87500000000006,1.3502222833842075e-07
-399.74999999999994,1.3497110373633887e-07
-399.625,1.34919991708191e-07
-399.5,1.3486889224677224e-07
-399.375,1.3481780534430025e-07
-399.25,1.3476673099284014e-07
-399.12499999999994,1.347156691845358e-07
-398.99999999999994,1.3466461991211098e-07
-398.875,1.3461358316753508e-07
-398.75,1.3456255894322166e-07
-398.625,1.3451154723186998e-07
-398.50000000000006,1.3446054802537838e-07
-398.37499999999994,1.3440956131644735e-07
-398.25,1.3435858709740996e-07
-398.125,1.3430762536076187e-07
-398.0,1.3425667609868688e-07
-397.875,1.3420573930373313e-07
-397.74999999999994,1.3415481496831505e-07
-397.62499999999994,1.3410390308483206e-07
-397.5,1.3405300364564147e-07
-397.375,1.3400211664315017e-07
-397.25,1.3395124206968634e-07
-397.12500000000006,1.3390037991761758e-07
-396.99999999999994,1.3384953017933438e-07
-396.875,1.3379869284722773e-07
-396.75,1.3374786791359235e-07
-396.625,1.3369705537093722e-07
-396.50000000000006,1.3364625521162023e-07
-396.37499999999994,1.3359546742816888e-07
-396.24999999999994,1.3354469201306463e-07
-396.125,1.334939289587348e-07
-396.0,1.3344317825762414e-07
-395.875,1.3339243990220268e-07
-395.75000000000006,1.3334171388497777e-07
-395.62499999999994,1.3329100019827437e-07
-395.5,1.332402988348401e-07
-395.375,1.3318960978697553e-07
-395.25,1.3313893304721264e-07
-395.12500000000006,1.330882686079787e-07
-394.99999999999994,1.3303761646180081e-07
-394.875,1.3298697660116487e-07
-394.75,1.3293634901843357e-07
-394.625,1.3288573370603076e-07
-394.5,1.3283513065633037e-07
-394.37499999999994,1.3278453986175759e-07
-394.24999999999994,1.327339613148416e-07
-394.125,1.3268339500800973e-07
-394.0,1.3263284093389376e-07
-393.875,1.3258229908496123e-07
-393.75000000000006,1.3253176945398236e-07
-393.62499999999994,1.3248125203358604e-07
-393.5,1.3243074681627415e-07
-393.375,1.323802537948307e-07
-393.25,1.3232977296167305e-07
-393.125,1.3227930430962946e-07
-392.99999999999994,1.3222884783128045e-07
-392.87499999999994,1.3217840351918873e-07
-392.75,1.321279713658198e-07
-392.625,1.3207755136378134e-07
-392.5,1.320271435054845e-07
-392.37500000000006,1.3197674778359836e-07
-392.24999999999994,1.3192636419060566e-07
-392.125,1.3187599271903333e-07
-392.0,1.3182563336096354e-07
-391.875,1.3177528610909774e-07
-391.75000000000006,1.3172495095583465e-07
-391.62499999999994,1.3167462789394633e-07
-391.49999999999994,1.316243169161651e-07
-391.375,1.3157401801497279e-07
-391.25,1.3152373118305722e-07
-391.125,1.314734564130929e-07
-391.00000000000006,1.3142319369806226e-07
-390.87499999999994,1.3137294303078335e-07
-390.75,1.3132270440392548e-07
-390.625,1.312724778099722e-07
-390.5,1.3122226324166108e-07
-390.37500000000006,1.3117206069162152e-07
-390.24999999999994,1.3112187015251573e-07
-390.125,1.3107169161700219e-07
-390.0,1.3102152507775378e-07
-389.875,1.309713705273636e-07
-389.75,1.309212279586355e-07
-389.62499999999994,1.308710973642032e-07
-389.49999999999994,1.3082097873679614e-07
-389.375,1.3077087206899135e-07
-389.25,1.3072077735350606e-07
-389.125,1.3067069458290247e-07
-389.00000000000006,1.3062062374993327e-07
-388.87499999999994,1.3057056484717738e-07
-388.75,1.305205178674603e-07
-388.625,1.3047048280369247e-07
-388.5,1.3042045964848427e-07
-388.375,1.3037044839474984e-07
-388.24999999999994,1.303204490353798e-07
-388.12499999999994,1.3027046156313637e-07
-388.0,1.302204859708225e-07
-387.875,1.3017052225114447e-07
-387.75,1.3012057039676308e-07
-387.62500000000006,1.3007063040041233e-07
-387.49999999999994,1.300207022550413e-07
-387.375,1.2997078595336084e-07
-387.25,1.2992088148812948e-07
-387.125,1.2987098885223476e-07
-387.00000000000006,1.298211080383398e-07
-386.87499999999994,1.297712390392162e-07
-386.75,1.2972138184759385e-07
-386.625,1.2967153645615743e-07
-386.5,1.2962170285749192e-07
-386.375,1.295718810443544e-07
-386.25000000000006,1.2952207100940072e-07
-386.12499999999994,1.294722727455529e-07
-386.0,1.2942248624551459e-07
-385.875,1.2937271150219836e-07
-385.75,1.2932294850853298e-07
-385.62500000000006,1.2927319725749298e-07
-385.49999999999994,1.2922345774199653e-07
-385.375,1.2917372995528343e-07
-385.25,1.2912401389052105e-07
-385.125,1.2907430954056575e-07
-385.0,1.2902461689864827e-07
-384.87499999999994,1.2897493595720208e-07
-384.74999999999994,1.2892526670923946e-07
-384.625,1.2887560914778357e-07
-384.5,1.2882596326495444e-07
-384.375,1.287763290537658e-07
-384.25000000000006,1.2872670650650395e-07
-384.12499999999994,1.2867709561522286e-07
-384.0,1.2862749637301526e-07
-383.875,1.2857790877338466e-07
-383.75,1.2852833280868508e-07
-383.625,1.284787684719777e-07
-383.49999999999994,1.2842921575703618e-07
-383.37499999999994,1.2837967465622453e-07
-383.25,1.283301451629599e-07
-383.125,1.2828062727116347e-07
-383.0,1.2823112097334842e-07
-382.87500000000006,1.2818162626234857e-07
-382.74999999999994,1.2813214313148772e-07
-382.625,1.2808267157335178e-07
-382.5,1.280332115808049e-07
-382.375,1.279837631469731e-07
-382.25000000000006,1.279343262643536e-07
-382.12499999999994,1.2788490092594727e-07
-382.0,1.2783548712443877e-07
-381.875,1.2778608485281028e-07
-381.75,1.277366941039034e-07
-381.625,1.276873148707914e-07
-381.50000000000006,1.276379471463936e-07
-381.37499999999994,1.275885909237444e-07
-381.25,1.2753924619609772e-07
-381.125,1.2748991295638904e-07
-381.0,1.2744059119776378e-07
-380.87500000000006,1.273912809133087e-07
-380.74999999999994,1.2734198209623934e-07
-380.625,1.2729269473956938e-07
-380.5,1.2724341883626714e-07
-380.375,1.2719415437931527e-07
-380.25,1.2714490136188993e-07
-380.12499999999994,1.270956597768336e-07
-379.99999999999994,1.2704642961735086e-07
-379.875,1.2699721087645258e-07
-379.75,1.2694800354715183e-07
-379.625,1.2689880762247508e-07
-379.50000000000006,1.2684962309561947e-07
-379.37499999999994,1.268004499596024e-07
-379.25,1.2675128820745262e-07
-379.125,1.2670213783211658e-07
-379.0,1.2665299882655337e-07
-378.87500000000006,1.2660387118382253e-07
-378.74999999999994,1.2655475489694563e-07
-378.62499999999994,1.265056499589267e-07
-378.5,1.264565563626763e-07
-378.375,1.264074741014383e-07
-378.25,1.2635840316815783e-07
-378.12500000000006,1.263093435560897e-07
-377.99999999999994,1.2626029525840302e-07
-377.875,1.2621125826822844e-07
-377.75,1.2616223257857238e-07
-377.625,1.2611321818279962e-07
-377.50000000000006,1.2606421507422758e-07
-377.37499999999994,1.2601522324594422e-07
-377.25,1.259662426911333e-07
-377.125,1.2591727340314365e-07
-377.0,1.2586831537514004e-07
-376.875,1.2581936860020856e-07
-376.75000000000006,1.2577043307166598e-07
-376.62499999999994,1.2572150878227067e-07
-376.5,1.2567259572504035e-07
-376.375,1.2562369389301645e-07
-376.25,1.255748032791924e-07
-376.12500000000006,1.2552592387665845e-07
-375.99999999999994,1.2547705567827843e-07
-375.875,1.2542819867742376e-07
-375.75,1.2537935286727593e-07
-375.625,1.2533051824132702e-07
-375.5,1.2528169479305175e-07
-375.37499999999994,1.2523288251585309e-07
-375.24999999999994,1.2518408140345865e-07
-375.125,1.2513529144919148e-07
-375.0,1.250865126468752e-07
-374.875,1.25037744989794e-07
-374.75000000000006,1.24988988471536e-07
-374.62499999999994,1.2494024308517683e-07
-374.5,1.2489150882373413e-07
-374.375,1.2484278568019386e-07
-374.25,1.2479407364690998e-07
-374.12500000000006,1.2474537271683935e-07
-373.99999999999994,1.246966828824923e-07
-373.87499999999994,1.2464800413648973e-07
-373.75,1.245993364714062e-07
-373.625,1.2455067988041477e-07
-373.5,1.2450203435653417e-07
-373.37500000000006,1.244533998929926e-07
-373.24999999999994,1.2440477648354484e-07
-373.125,1.243561641219696e-07
-373.0,1.2430756280219838e-07
-372.875,1.2425897251865781e-07
-372.75000000000006,1.2421039326527563e-07
-372.62499999999994,1.2416182503609808e-07
-372.5,1.2411326782448335e-07
-372.375,1.2406472162414108e-07
-372.25,1.2401618642789344e-07
-372.125,1.2396766222869152e-07
-372.00000000000006,1.2391914901915258e-07
-371.87499999999994,1.2387064679203724e-07
-371.75,1.2382215554029205e-07
-371.625,1.237736752569763e-07
-371.5,1.2372520593585675e-07
-371.37500000000006,1.2367674757043798e-07
-371.24999999999994,1.2362830015493456e-07
-371.125,1.2357986368294597e-07
-371.0,1.235314381482977e-07
-370.875,1.2348302354426285e-07
-370.75,1.2343461986408895e-07
-370.62499999999994,1.2338622710071033e-07
-370.49999999999994,1.2333784524708614e-07
-370.375,1.232894742956933e-07
-370.25,1.2324111423950013e-07
-370.125,1.2319276507123688e-07
-370.00000000000006,1.2314442678400093e-07
-369.87499999999994,1.230960993709708e-07
-369.75,1.230477828255135e-07
-369.625,1.2299947714109447e-07
-369.5,1.2295118231123908e-07
-369.37500000000006,1.2290289832973497e-07
-369.24999999999994,1.2285462519005234e-07
-369.12499999999994,1.2280636288617242e-07
-369.0,1.227581114118703e-07
-368.875,1.2270987076085433e-07
-368.75,1.226616409268203e-07
-368.62500000000006,1.2261342190381688e-07
-368.49999999999994,1.2256521368492547e-07
-368.375,1.2251701626444376e-07
-368.25,1.2246882963543557e-07
-368.125,1.2242065379127115e-07
-368.00000000000006,1.2237248872530844e-07
-367.87499999999994,1.2232433443098256e-07
-367.75,1.2227619090155779e-07
-367.625,1.2222805812990163e-07
-367.5,1.221799361097281e-07
-367.375,1.2213182483378773e-07
-367.24999999999994,1.2208372429594892e-07
-367.12499999999994,1.220356344898067e-07
-367.0,1.2198755540880295e-07
-366.875,1.2193948704680848e-07
-366.75,1.218914293971779e-07
-366.62500000000006,1.218433824539922e-07
-366.49999999999994,1.2179534621061625e-07
-366.375,1.2174732066079622e-07
-366.25,1.2169930579757592e-07
-366.125,1.216513016143291e-07
-366.0,1.2160330810427694e-07
-365.87499999999994,1.2155532526030905e-07
-365.74999999999994,1.215073530759593e-07
-365.625,1.214593915443386e-07
-365.5,1.2141144065916197e-07
-365.375,1.2136350041382577e-07
-365.25000000000006,1.213155708022776e-07
-365.12499999999994,1.2126765181819968e-07
-365.0,1.2121974345539042e-07
-364.875,1.2117184570760904e-07
-364.75,1.2112395856852613e-07
-364.62500000000006,1.2107608203151023e-07
-364.49999999999994,1.210282160900581e-07
-364.37499999999994,1.209803607377106e-07
-364.25,1.2093251596795942e-07
-364.125,1.208846817743672e-07
-364.0,1.2083685815063062e-07
-363.87500000000006,1.2078904509051332e-07
-363.74999999999994,1.2074124258785504e-07
-363.625,1.2069345063647694e-07
-363.5,1.2064566923017154e-07
-363.375,1.205978983625472e-07
-363.25000000000006,1.205501380271344e-07
-363.12499999999994,1.2050238821731245e-07
-363.0,1.204546489264751e-07
-362.875,1.204069201479388e-07
-362.75,1.203592018749537e-07
-362.625,1.2031149410103027e-07
-362.49999999999994,1.2026379681965017e-07
-362.37499999999994,1.2021611002428112e-07
-362.25,1.2016843370871946e-07
-362.125,1.201207678668567e-07
-362.0,1.2007311249242083e-07
-361.87500000000006,1.2002546757926973e-07
-361.74999999999994,1.199778331211411e-07
-361.625,1.1993020911173765e-07
-361.5,1.198825955446752e-07
-361.375,1.1983499241365882e-07
-361.25,1.1978739971231988e-07
-361.12499999999994,1.1973981743414593e-07
-360.99999999999994,1.1969224557275362e-07
-360.875,1.1964468412180366e-07
-360.75,1.1959713307488064e-07
-360.625,1.195495924256039e-07
-360.50000000000006,1.1950206216778618e-07
-360.37499999999994,1.1945454229525627e-07
-360.25,1.1940703280189233e-07
-360.125,1.1935953368124835e-07
-360.0,1.1931204492709946e-07
-359.87500000000006,1.192645665330808e-07
-359.74999999999994,1.1921709849323135e-07
-359.625,1.1916964080119745e-07
-359.5,1.1912219345056413e-07
-359.375,1.190747564350213e-07
-359.25,1.1902732974787039e-07
-359.12500000000006,1.1897991338311389e-07
-358.99999999999994,1.189325073343579e-07
-358.875,1.1888511159539373e-07
-358.75,1.1883772615950565e-07
-358.625,1.1879035102105371e-07
-358.50000000000006,1.1874298617366201e-07
-358.37499999999994,1.1869563161123841e-07
-358.25,1.1864828732761183e-07
-358.125,1.1860095331664706e-07
-358.0,1.185536295720362e-07
-357.875,1.1850631608770209e-07
-357.74999999999994,1.184590128575588e-07
-357.62499999999994,1.1841171987496438e-07
-357.5,1.1836443713375402e-07
-357.375,1.1831716462772222e-07
-357.25,1.1826990235082371e-07
-357.12500000000006,1.1822265029658709e-07
-356.99999999999994,1.181754084589621e-07
-356.875,1.1812817683166271e-07
-356.75,1.1808095540848002e-07
-356.625,1.1803374418303901e-07
-356.5,1.1798654314913434e-07
-356.37499999999994,1.1793935230062569e-07
-356.24999999999994,1.1789217163118701e-07
-356.125,1.1784500113470084e-07
-356.0,1.1779784080514632e-07
-355.875,1.1775069063623789e-07
-355.75000000000006,1.1770355062187413e-07
-355.62499999999994,1.1765642075606123e-07
-355.5,1.1760930103269596e-07
-355.375,1.1756219144544681e-07
-355.25,1.1751509198805836e-07
-355.12500000000006,1.1746800265431671e-07
-354.99999999999994,1.1742092343793077e-07
-354.875,1.1737385433258396e-07
-354.75,1.1732679533204605e-07
-354.625,1.1727974643016908e-07
-354.5,1.1723270762080132e-07
-354.37500000000006,1.1718567889795454e-07
-354.24999999999994,1.1713866025539961e-07
-354.125,1.1709165168707615e-07
-354.0,1.1704465318694486e-07
-353.875,1.1699766474913285e-07
-353.75000000000006,1.1695068636757912e-07
-353.62499999999994,1.1690371803620001e-07
-353.5,1.1685675974894595e-07
-353.375,1.1680981149972182e-07
-353.25,1.167628732826337e-07
-353.125,1.1671594509174011e-07
-352.99999999999994,1.1666902692090608e-07
-352.87499999999994,1.166221187640097e-07
-352.75,1.1657522061526022e-07
-352.625,1.165283324682632e-07
-352.5,1.1648145431730727e-07
-352.37500000000006,1.1643458615545828e-07
-352.24999999999994,1.1638772797724078e-07
-352.125,1.1634087977652884e-07
-352.0,1.1629404154718316e-07
-351.875,1.1624721328286358e-07
-351.75,1.1620039497732723e-07
-351.62499999999994,1.1615358662478156e-07
-351.49999999999994,1.1610678821866356e-07
-351.375,1.1605999975363334e-07
-351.25,1.1601322122295269e-07
-351.125,1.1596645262068636e-07
-351.00000000000006,1.1591969394071169e-07
-350.87499999999994,1.1587294517736889e-07
-350.75,1.1582620632455642e-07
-350.625,1.1577947737636964e-07
-350.5,1.1573275832687903e-07
-350.37500000000006,1.156860491702656e-07
-350.24999999999994,1.1563934990058342e-07
-350.125,1.1559266051178367e-07
-350.0,1.1554598099784713e-07
-349.875,1.1549931135276509e-07
-349.75,1.1545265157046054e-07
-349.62500000000006,1.154060016449084e-07
-349.49999999999994,1.1535936156993417e-07
-349.375,1.1531273133954266e-07
-349.25,1.152661109478141e-07
-349.125,1.1521950038867387e-07
-349.00000000000006,1.1517289965614748e-07
-348.87499999999994,1.1512630874419563e-07
-348.75,1.1507972764697681e-07
-348.625,1.1503315635839534e-07
-348.5,1.1498659487255281e-07
-348.375,1.1494004318348475e-07
-348.24999999999994,1.1489350128516518e-07
-348.12499999999994,1.1484696917173436e-07
-348.0,1.148004468372724e-07
-347.875,1.1475393427598891e-07
-347.75,1.1470743148173937e-07
-347.62500000000006,1.1466093844882525e-07
-347.49999999999994,1.1461445517135946e-07
-347.375,1.1456798164344181e-07
-347.25,1.1452151785902106e-07
-347.125,1.1447506381223948e-07
-347.00000000000006,1.144286194971847e-07
-346.87499999999994,1.1438218490783237e-07
-346.74999999999994,1.1433576003831945e-07
-346.625,1.1428934488272505e-07
-346.5,1.1424293943517502e-07
-346.375,1.1419654368954012e-07
-346.25000000000006,1.1415015764014226e-07
-346.12499999999994,1.141037812811242e-07
-346.0,1.1405741460644398e-07
-345.875,1.1401105761030281e-07
-345.75,1.1396471028682122e-07
-345.62500000000006,1.1391837263007856e-07
-345.49999999999994,1.1387204463420848e-07
-345.375,1.1382572629348053e-07
-345.25,1.1377941760194728e-07
-345.125,1.1373311855373001e-07
-345.0,1.1368682914309677e-07
-344.87500000000006,1.136405493640418e-07
-344.74999999999994,1.1359427921078296e-07
-344.625,1.1354801867750811e-07
-344.5,1.13501767758173e-07
-344.375,1.1345552644680758e-07
-344.25000000000006,1.1340929473758054e-07
-344.12499999999994,1.1336307262421077e-07
-344.0,1.1331686010087726e-07
-343.875,1.1327065716189913e-07
-343.75,1.1322446380134494e-07
-343.625,1.131782800135652e-07
-343.49999999999994,1.1313210579282414e-07
-343.37499999999994,1.1308594113350785e-07
-343.25,1.1303978602996324e-07
-343.125,1.129936404767285e-07
-343.0,1.1294750446790637e-07
-342.87500000000006,1.1290137799769198e-07
-342.74999999999994,1.1285526106037988e-07
-342.625,1.1280915365009166e-07
-342.5,1.1276305576099791e-07
-342.375,1.1271696738708434e-07
-342.25000000000006,1.1267088852256145e-07
-342.12499999999994,1.1262481916162561e-07
-341.99999999999994,1.1257875929851668e-07
-341.875,1.125327089272872e-07
-341.75,1.1248666804227929e-07
-341.625,1.1244063663754539e-07
-341.50000000000006,1.1239461470738058e-07
-341.37499999999994,1.1234860224614798e-07
-341.25,1.1230259924787866e-07
-341.125,1.1225660570689883e-07
-341.0,1.1221062161731863e-07
-340.87500000000006,1.1216464697354891e-07
-340.74999999999994,1.1211868176989012e-07
-340.625,1.1207272600058893e-07
-340.5,1.1202677965986461e-07
-340.375,1.1198084274220325e-07
-340.25,1.119349152418195e-07
-340.12499999999994,1.118889971528649e-07
-339.99999999999994,1.1184308846990292e-07
-339.875,1.117971891870172e-07
-339.75,1.117512992983775e-07
-339.625,1.1170541879807038e-07
-339.50000000000006,1.1165954768057139e-07
-339.37499999999994,1.1161368593995723e-07
-339.25,1.1156783357062463e-07
-339.125,1.1152199056685081e-07
-339.0,1.1147615692283149e-07
-338.875,1.1143033263302315e-07
-338.74999999999994,1.1138451769159994e-07
-338.62499999999994,1.1133871209293142e-07
-338.5,1.1129291583122096e-07
-338.375,1.1124712890068768e-07
-338.25,1.1120135129573332e-07
-338.12500000000006,1.1115558301061646e-07
-337.99999999999994,1.1110982403974725e-07
-337.875,1.1106407437752545e-07
-337.75,1.1101833401824391e-07
-337.625,1.1097260295643492e-07
-337.50000000000006,1.10926881186488e-07
-337.37499999999994,1.108811687028243e-07
-337.24999999999994,1.1083546549972341e-07
-337.125,1.1078977157140384e-07
-337.0,1.1074408691211825e-07
-336.875,1.1069841151635639e-07
-336.75000000000006,1.1065274537849927e-07
-336.62499999999994,1.1060708849311235e-07
-336.5,1.1056144085437703e-07
-336.375,1.105158024569203e-07
-336.25,1.1047017329537876e-07
-336.12500000000006,1.1042455336415577e-07
-335.99999999999994,1.1037894265779587e-07
-335.875,1.1033334117031947e-07
-335.75,1.1028774889607844e-07
-335.625,1.1024216582933693e-07
-335.5,1.1019659196427196e-07
-335.37499999999994,1.1015102729522707e-07
-335.24999999999994,1.101054718161941e-07
-335.125,1.1005992552180063e-07
-335.0,1.1001438840626302e-07
-334.875,1.09968860464217e-07
-334.75000000000006,1.0992334169012486e-07
-334.62499999999994,1.0987783207843292e-07
-334.5,1.0983233162364925e-07
-334.375,1.0978684032026585e-07
-334.25,1.0974135816260567e-07
-334.125,1.0969588514525084e-07
-333.99999999999994,1.0965042126253204e-07
-333.87499999999994,1.0960496650891665e-07
-333.75,1.0955952087870016e-07
-333.625,1.0951408436642775e-07
-333.5,1.0946865696650908e-07
-333.37500000000006,1.0942323867329037e-07
-333.24999999999994,1.0937782948124675e-07
-333.125,1.0933242938467293e-07
-333.0,1.0928703837800813e-07
-332.875,1.0924165645572911e-07
-332.75000000000006,1.0919628361230927e-07
-332.62499999999994,1.091509198420527e-07
-332.49999999999994,1.0910556513974165e-07
-332.375,1.0906021949985954e-07
-332.25,1.0901488291688136e-07
-332.125,1.0896955538546204e-07
-332.00000000000006,1.0892423690009363e-07
-331.87499999999994,1.088789274552669e-07
-331.75,1.0883362704530604e-07
-331.625,1.0878833566484781e-07
-331.5,1.0874305330819865e-07
-331.37500000000006,1.0869777996986746e-07
-331.24999999999994,1.0865251564437375e-07
-331.125,1.0860726032617893e-07
-331.0,1.0856201400981546e-07
-330.875,1.0851677668989212e-07
-330.75,1.0847154836088788e-07
-330.62499999999994,1.0842632901734511e-07
-330.49999999999994,1.0838111865376827e-07
-330.375,1.0833591726460482e-07
-330.25,1.0829072484419359e-07
-330.125,1.0824554138725542e-07
-330.00000000000006,1.0820036688810995e-07
-329.87499999999994,1.0815520134129191e-07
-329.75,1.0811004474159445e-07
-329.625,1.0806489708350938e-07
-329.5,1.0801975836160877e-07
-329.375,1.0797462857059076e-07
-329.24999999999994,1.079295077051978e-07
-329.12499999999994,1.078843957597617e-07
-329.0,1.0783929272896056e-07
-328.875,1.0779419860730124e-07
-328.75,1.0774911338894901e-07
-328.62500000000006,1.077040370685888e-07
-328.49999999999994,1.076589696407679e-07
-328.375,1.0761391109986272e-07
-328.25,1.0756886144011641e-07
-328.125,1.0752382065638645e-07
-328.00000000000006,1.0747878874330207e-07
-327.87499999999994,1.0743376569531757e-07
-327.75,1.0738875150734328e-07
-327.625,1.0734374617367404e-07
-327.5,1.0729874968895765e-07
-327.375,1.0725376204782873e-07
-327.25000000000006,1.0720878324520481e-07
-327.12499999999994,1.0716381327543767e-07
-327.0,1.0711885213319303e-07
-326.875,1.0707389981321439e-07
-326.75,1.0702895630997103e-07
-326.62500000000006,1.0698402161836969e-07
-326.49999999999994,1.0693909573299405e-07
-326.375,1.0689417864841033e-07
-326.25,1.0684927035928373e-07
-326.125,1.0680437086028447e-07
-326.0,1.0675948014597595e-07
-325.87499999999994,1.0671459821098657e-07
-325.74999999999994,1.0666972505003478e-07
-325.625,1.0662486065772046e-07
-325.5,1.0658000502854128e-07
-325.375,1.0653515815723016e-07
-325.25000000000006,1.0649032003829897e-07
-325.12499999999994,1.0644549066632194e-07
-325.0,1.0640067003577868e-07
-324.875,1.0635585814131419e-07
-324.75,1.0631105497754134e-07
-324.625,1.062662605392063e-07
-324.49999999999994,1.0622147482085534e-07
-324.37499999999994,1.0617669781745252e-07
-324.25,1.0613192952363675e-07
-324.125,1.0608716993424696e-07
-324.0,1.0604241904399471e-07
-323.87500000000006,1.0599767684752923e-07
-323.74999999999994,1.0595294333950249e-07
-323.625,1.0590821851448369e-07
-323.5,1.0586350236720068e-07
-323.375,1.0581879489214471e-07
-323.25000000000006,1.0577409608405853e-07
-323.12499999999994,1.0572940593757838e-07
-323.0,1.0568472444739793e-07
-322.875,1.0564005160839103e-07
-322.75,1.0559538741517767e-07
-322.625,1.0555073186272761e-07
-322.50000000000006,1.055060849457588e-07
-322.37499999999994,1.0546144665883709e-07
-322.25,1.0541681699675386e-07
-322.125,1.0537219595436633e-07
-322.0,1.0532758352626525e-07
-321.87500000000006,1.0528297970719726e-07
-321.74999999999994,1.0523838449185645e-07
-321.625,1.0519379787492137e-07
-321.5,1.0514921985116763e-07
-321.375,1.0510465041561241e-07
-321.25,1.0506008956287556e-07
-321.12499999999994,1.0501553728781059e-07
-320.99999999999994,1.0497099358502923e-07
-320.875,1.0492645844924803e-07
-320.75,1.0488193187506537e-07
-320.625,1.0483741385728535e-07
-320.50000000000006,1.0479290439064647e-07
-320.37499999999994,1.047484034694534e-07
-320.25,1.0470391108860791e-07
-320.125,1.0465942724244857e-07
-320.0,1.0461495192588022e-07
-319.87500000000006,1.0457048513374468e-07
-319.74999999999994,1.0452602686093041e-07
-319.62499999999994,1.0448157710178117e-07
-319.5,1.0443713585112963e-07
-319.375,1.0439270310436295e-07
-319.25,1.0434827885602018e-07
-319.12500000000006,1.043038631014746e-07
-318.99999999999994,1.0425945583557287e-07
-318.875,1.0421505705324754e-07
-318.75,1.0417066674948945e-07
-318.625,1.0412628491924563e-07
-318.50000000000006,1.040819115571911e-07
-318.37499999999994,1.040375466579063e-07
-318.25,1.0399319021615366e-07
-318.125,1.0394884222637479e-07
-318.0,1.03904502683419e-07
-317.875,1.0386017158185621e-07
-317.75000000000006,1.0381584891642318e-07
-317.62499999999994,1.0377153468211177e-07
-317.5,1.037272288737609e-07
-317.375,1.0368293148607948e-07
-317.25,1.0363864251404111e-07
-317.12500000000006,1.0359436195250588e-07
-316.99999999999994,1.0355008979620966e-07
-316.875,1.0350582604027025e-07
-316.75,1.0346157067924678e-07
-316.625,1.0341732370822701e-07
-316.5,1.0337308512198293e-07
-316.37499999999994,1.0332885491569774e-07
-316.24999999999994,1.0328463308398723e-07
-316.125,1.0324041962202345e-07
-316.0,1.0319621452453819e-07
-315.875,1.0315201778617124e-07
-315.75000000000006,1.0310782940205045e-07
-315.62499999999994,1.0306364936676302e-07
-315.5,1.0301947767521949e-07
-315.375,1.0297531432227148e-07
-315.25,1.0293115930290554e-07
-315.12500000000006,1.0288701261182447e-07
-314.99999999999994,1.0284287424417429e-07
-314.87499999999994,1.0279874419486822e-07
-314.75,1.0275462245878834e-07
-314.625,1.0271050903072708e-07
-314.5,1.0266640390573259e-07
-314.37500000000006,1.026223070785092e-07
-314.24999999999994,1.0257821854394843e-07
-314.125,1.0253413829689885e-07
-314.0,1.0249006633209908e-07
-313.875,1.0244600264450571e-07
-313.75000000000006,1.0240194722896321e-07
-313.62499999999994,1.0235790008042356e-07
-313.5,1.0231386119376569e-07
-313.375,1.0226983056377185e-07
-313.25,1.022258081854246e-07
-313.125,1.0218179405352515e-07
-312.99999999999994,1.0213778816296129e-07
-312.87499999999994,1.020937905087042e-07
-312.75,1.0204980108576327e-07
-312.625,1.0200581988929352e-07
-312.5,1.0196184691398331e-07
-312.37500000000006,1.019178821549982e-07
-312.24999999999994,1.0187392560761883e-07
-312.125,1.0182997726667636e-07
-312.0,1.0178603712744386e-07
-311.875,1.0174210518449924e-07
-311.75,1.016981814329091e-07
-311.62499999999994,1.016542658676221e-07
-311.49999999999994,1.0161035848367166e-07
-311.375,1.0156645927608488e-07
-311.25,1.015225682393295e-07
-311.125,1.0147868536876548e-07
-311.00000000000006,1.0143481065910277e-07
-310.87499999999994,1.0139094410566995e-07
-310.75,1.0134708570306806e-07
-310.625,1.0130323544621133e-07
-310.5,1.0125939333004452e-07
-310.37500000000006,1.0121555934956142e-07
-310.24999999999994,1.0117173349964194e-07
-310.12499999999994,1.0112791577526324e-07
-310.0,1.0108410617143854e-07
-309.875,1.0104030468315956e-07
-309.75,1.0099651130570688e-07
-309.62500000000006,1.0095272603402751e-07
-309.49999999999994,1.0090894886325728e-07
-309.375,1.0086517978837726e-07
-309.25,1.0082141880463726e-07
-309.125,1.0077766590683602e-07
-309.00000000000006,1.0073392109000735e-07
-308.87499999999994,1.006901843492346e-07
-308.75,1.0064645567945641e-07
-308.625,1.0060273507572551e-07
-308.5,1.0055902253300978e-07
-308.375,1.0051531804640818e-07
-308.24999999999994,1.0047162161083281e-07
-308.12499999999994,1.0042793322149967e-07
-308.0,1.003842528732164e-07
-307.875,1.0034058056109519e-07
-307.75,1.002969162797967e-07
-307.62500000000006,1.0025326002469294e-07
-307.49999999999994,1.0020961179056603e-07
-307.375,1.0016597157250413e-07
-307.25,1.0012233936549927e-07
-307.125,1.0007871516473109e-07
-307.0,1.0003509896535132e-07
-306.87499999999994,9.999149076240734e-08
-306.74999999999994,9.994789055117146e-08
-306.625,9.990429832649984e-08
-306.5,9.986071408369436e-08
-306.375,9.9817137817852e-08
-306.25000000000006,9.97735695238885e-08
-306.12499999999994,9.973000919704759e-08
-306.0,9.96864568322708e-08
-305.875,9.964291242455257e-08
-305.75,9.959937596910558e-08
-305.62500000000006,9.95558474609348e-08
-305.49999999999994,9.95123268950964e-08
-305.37499999999994,9.946881426645113e-08
-305.25,9.942530957040709e-08
-305.125,9.938181280175287e-08
-305.0,9.933832395578833e-08
-304.87500000000006,9.92948430275018e-08
-304.74999999999994,9.925137001205667e-08
-304.625,9.920790490462026e-08
-304.5,9.916444770033947e-08
-304.375,9.912099839434111e-08
-304.25000000000006,9.907755698164678e-08
-304.12499999999994,9.903412345762304e-08
-304.0,9.899069781731095e-08
-303.875,9.894728005591417e-08
-303.75,9.890387016847272e-08
-303.625,9.88604681500982e-08
-303.49999999999994,9.881707399595409e-08
-303.37499999999994,9.87736877013019e-08
-303.25,9.873030926119855e-08
-303.125,9.868693867044598e-08
-303.0,9.864357592427632e-08
-302.87500000000006,9.86002210178348e-08
-302.74999999999994,9.855687394626372e-08
-302.625,9.851353470453617e-08
-302.5,9.847020328779113e-08
-302.375,9.84268796912182e-08
-302.25,9.838356391007706e-08
-302.12499999999994,9.83402559393361e-08
-301.99999999999994,9.82969557742417e-08
-301.875,9.825366341000029e-08
-301.75,9.82103788418101e-08
-301.625,9.816710206484446e-08
-301.50000000000006,9.812383307439976e-08
-301.37499999999994,9.808057186576268e-08
-301.25,9.8037318434098e-08
-301.125,9.799407277490021e-08
-301.0,9.795083488324736e-08
-300.87500000000006,9.790760475436204e-08
-300.74999999999994,9.786438238329507e-08
-300.625,9.782116776532077e-08
-300.5,9.77779608954994e-08
-300.375,9.773476176885799e-08
-300.25,9.769157038038272e-08
-300.12500000000006,9.764838672527676e-08
-299.99999999999994,9.760521079871837e-08
-299.875,9.756204259588301e-08
-299.75,9.751888211199255e-08
-299.625,9.747572934234999e-08
-299.50000000000006,9.743258428222713e-08
-299.37499999999994,9.7389446926842e-08
-299.25,9.734631727155873e-08
-299.125,9.730319531157441e-08
-299.0,9.72600810422284e-08
-298.875,9.721697445876275e-08
-298.74999999999994,9.71738755564298e-08
-298.62499999999994,9.713078433045558e-08
-298.5,9.708770077593769e-08
-298.375,9.704462488837341e-08
-298.25,9.700155666285133e-08
-298.12500000000006,9.695849609459706e-08
-297.99999999999994,9.691544317866098e-08
-297.875,9.687239791024215e-08
-297.75,9.682936028454057e-08
-297.625,9.678633029663745e-08
-297.5,9.674330794181471e-08
-297.37499999999994,9.670029321492335e-08
-297.24999999999994,9.665728611140931e-08
-297.125,9.661428662631746e-08
-297.0,9.657129475502313e-08
-296.875,9.652831049291231e-08
-296.75000000000006,9.648533383515197e-08
-296.62499999999994,9.644236477750571e-08
-296.5,9.639940331516959e-08
-296.375,9.635644944386005e-08
-296.25,9.631350315916134e-08
-296.12500000000006,9.627056445631192e-08
-295.99999999999994,9.622763333072155e-08
-295.875,9.618470977762658e-08
-295.75,9.614179379256112e-08
-295.625,9.60988853704763e-08
-295.5,9.605598450662635e-08
-295.37500000000006,9.60130911960589e-08
-295.24999999999994,9.597020543367642e-08
-295.125,9.592732721490235e-08
-295.0,9.588445653492488e-08
-294.875,9.584159338893372e-08
-294.75000000000006,9.579873777208883e-08
-294.62499999999994,9.575588967954243e-08
-294.5,9.571304910681661e-08
-294.375,9.56702160491168e-08
-294.25,9.562739050189712e-08
-294.125,9.558457246044153e-08
-293.99999999999994,9.554176192015966e-08
-293.87499999999994,9.549895887641326e-08
-293.75,9.545616332470293e-08
-293.625,9.541337526055213e-08
-293.5,9.53705946792564e-08
-293.37500000000006,9.532782157625055e-08
-293.24999999999994,9.528505594693936e-08
-293.125,9.524229778684593e-08
-293.0,9.519954709110672e-08
-292.875,9.515680385512221e-08
-292.75000000000006,9.511406807404514e-08
-292.62499999999994,9.507133974329569e-08
-292.49999999999994,9.50286188580267e-08
-292.375,9.498590541340183e-08
-292.25,9.49431994045705e-08
-292.125,9.490050082711095e-08
-292.00000000000006,9.485780967606333e-08
-291.87499999999994,9.481512594683232e-08
-291.75,9.477244963489045e-08
-291.625,9.472978073549094e-08
-291.5,9.468711924403071e-08
-291.37500000000006,9.464446515615573e-08
-291.24999999999994,9.460181846722035e-08
-291.125,9.45591791725952e-08
-291.0,9.451654726785941e-08
-290.875,9.447392274867658e-08
-290.75,9.443130561017683e-08
-290.62500000000006,9.438869584807982e-08
-290.49999999999994,9.434609345762567e-08
-290.375,9.43034984342399e-08
-290.25,9.426091077333406e-08
-290.125,9.421833047026872e-08
-290.00000000000006,9.417575752032582e-08
-289.87499999999994,9.413319191858047e-08
-289.75,9.409063366047813e-08
-289.625,9.404808274118169e-08
-289.5,9.400553915598314e-08
-289.375,9.396300290019056e-08
-289.24999999999994,9.392047396907983e-08
-289.12499999999994,9.387795235800377e-08
-289.0,9.38354380625349e-08
-288.875,9.379293107854597e-08
-288.75,9.375043140118551e-08
-288.62500000000006,9.370793902607077e-08
-288.49999999999994,9.36654539489633e-08
-288.375,9.362297616541583e-08
-288.25,9.358050567089336e-08
-288.125,9.35380424611444e-08
-288.00000000000006,9.349558653148326e-08
-287.87499999999994,9.34531378771529e-08
-287.74999999999994,9.341069649338813e-08
-287.625,9.336826237591759e-08
-287.5,9.332583551993787e-08
-287.375,9.328341592073318e-08
-287.25000000000006,9.32410035739139e-08
-287.12499999999994,9.319859847450685e-08
-287.0,9.315620061810907e-08
-286.875,9.311380999999183e-08
-286.75,9.307142661599838e-08
-286.62500000000006,9.302905046127755e-08
-286.49999999999994,9.298668153132634e-08
-286.375,9.294431982174144e-08
-286.25,9.290196532783718e-08
-286.125,9.285961804532253e-08
-286.0,9.281727796969047e-08
-285.87500000000006,9.277494509639396e-08
-285.74999999999994,9.273261942102344e-08
-285.625,9.269030093896043e-08
-285.5,9.264798964587305e-08
-285.375,9.260568553720784e-08
-285.25000000000006,9.256338860840015e-08
-285.12499999999994,9.252109885485843e-08
-285.0,9.247881627191737e-08
-284.875,9.243654085529231e-08
-284.75,9.239427260028929e-08
-284.625,9.235201150247693e-08
-284.49999999999994,9.230975755725403e-08
-284.37499999999994,9.226751076030698e-08
-284.25,9.22252711070422e-08
-284.125,9.218303859308763e-08
-284.0,9.214081321396711e-08
-283.87500000000006,9.209859496491773e-08
-283.74999999999994,9.20563838415739e-08
-283.625,9.201417983931042e-08
-283.5,9.197198295362944e-08
-283.375,9.19297931799628e-08
-283.25000000000006,9.188761051394515e-08
-283.12499999999994,9.184543495099998e-08
-282.99999999999994,9.180326648673056e-08
-282.875,9.176110511687876e-08
-282.75,9.17189508368912e-08
-282.625,9.167680364248356e-08
-282.50000000000006,9.163466352914084e-08
-282.37499999999994,9.159253049232983e-08
-282.25,9.155040452758558e-08
-282.125,9.150828563052279e-08
-282.0,9.14661737965831e-08
-281.87500000000006,9.142406902121208e-08
-281.74999999999994,9.138197130003907e-08
-281.625,9.133988062854092e-08
-281.5,9.129779700232314e-08
-281.375,9.125572041687228e-08
-281.25,9.121365086761533e-08
-281.12499999999994,9.117158835007046e-08
-280.99999999999994,9.11295328599164e-08
-280.875,9.108748439287775e-08
-280.75,9.104544294425664e-08
-280.625,9.100340850974655e-08
-280.50000000000006,9.0961381085097e-08
-280.37499999999994,9.091936066600945e-08
-280.25,9.087734724839146e-08
-280.125,9.083534082752624e-08
-280.0,9.079334139905112e-08
-279.875,9.0751348958339e-08
-279.74999999999994,9.070936350122274e-08
-279.62499999999994,9.066738502296064e-08
-279.5,9.062541351913221e-08
-279.375,9.058344898517949e-08
-279.25,9.054149141649062e-08
-279.12500000000006,9.049954080893836e-08
-278.99999999999994,9.045759715802904e-08
-278.875,9.041566045953158e-08
-278.75,9.037373070884229e-08
-278.625,9.03318079019724e-08
-278.50000000000006,9.028989203421502e-08
-278.37499999999994,9.024798310132235e-08
-278.24999999999994,9.02060810988562e-08
-278.125,9.016418602254833e-08
-278.0,9.012229786800045e-08
-277.875,9.008041663078533e-08
-277.75000000000006,9.003854230670851e-08
-277.62499999999994,8.999667489119575e-08
-277.5,8.99548143798741e-08
-277.375,8.991296076837499e-08
-277.25,8.987111405214962e-08
-277.12500000000006,8.982927422676277e-08
-276.99999999999994,8.978744128773574e-08
-276.875,8.974561523068093e-08
-276.75,8.970379605146107e-08
-276.625,8.966198374570305e-08
-276.5,8.962017830940183e-08
-276.37499999999994,8.957837973841341e-08
-276.24999999999994,8.9536588028494e-08
-276.125,8.949480317535793e-08
-276.0,8.945302517457644e-08
-275.875,8.941125402165256e-08
-275.75000000000006,8.936948971176262e-08
-275.62499999999994,8.932773224033813e-08
-275.5,8.928598160258772e-08
-275.375,8.92442377940229e-08
-275.25,8.92025008102547e-08
-275.125,8.916077064698232e-08
-274.99999999999994,8.911904730003833e-08
-274.87499999999994,8.907733076551989e-08
-274.75,8.903562103953553e-08
-274.625,8.899391811816651e-08
-274.5,8.89522219973209e-08
-274.37500000000006,8.891053267304652e-08
-274.24999999999994,8.886885014092327e-08
-274.125,8.882717439664054e-08
-274.0,8.878550543551852e-08
-273.875,8.874384325294335e-08
-273.75000000000006,8.870218784415503e-08
-273.62499999999994,8.866053920460855e-08
-273.5,8.8618897329718e-08
-273.375,8.857726221479568e-08
-273.25,8.853563385563581e-08
-273.125,8.849401224812933e-08
-273.00000000000006,8.845239738813956e-08
-272.87499999999994,8.841078927167825e-08
-272.75,8.836918789460228e-08
-272.625,8.832759325279836e-08
-272.5,8.828600534200901e-08
-272.37500000000006,8.824442415814166e-08
-272.24999999999994,8.820284969640648e-08
-272.125,8.816128195221942e-08
-272.0,8.811972092145416e-08
-271.875,8.80781665999434e-08
-271.75,8.803661898350475e-08
-271.62499999999994,8.799507806797349e-08
-271.49999999999994,8.795354384919095e-08
-271.375,8.791201632289409e-08
-271.25,8.787049548519831e-08
-271.125,8.782898133198069e-08
-271.00000000000006,8.778747385875886e-08
-270.87499999999994,8.774597306080966e-08
-270.75,8.770447893343018e-08
-270.625,8.766299147242734e-08
-270.5,8.762151067325739e-08
-270.375,8.758003653156681e-08
-270.24999999999994,8.753856904324472e-08
-270.12499999999994,8.749710820414394e-08
-270.0,8.745565401007762e-08
-269.875,8.741420645715608e-08
-269.75,8.737276554156248e-08
-269.62500000000006,8.733133125908942e-08
-269.49999999999994,8.728990360564975e-08
-269.375,8.724848257703557e-08
-269.25,8.720706816890565e-08
-269.125,8.716566037699197e-08
-269.00000000000006,8.71242591969077e-08
-268.87499999999994,8.708286462426565e-08
-268.75,8.704147665453919e-08
-268.625,8.700009528343988e-08
-268.5,8.6958720506419e-08
-268.375,8.691735231945501e-08
-268.25000000000006,8.687599071805437e-08
-268.12499999999994,8.683463569799263e-08
-268.0,8.679328725504456e-08
-267.875,8.67519453851805e-08
-267.75,8.67106100843648e-08
-267.62500000000006,8.666928134836412e-08
-267.49999999999994,8.662795917337226e-08
-267.375,8.658664355511168e-08
-267.25,8.654533448972779e-08
-267.125,8.650403197295965e-08
-267.0,8.646273600080302e-08
-266.87499999999994,8.64214465688163e-08
-266.74999999999994,8.638016367281138e-08
-266.625,8.633888730852609e-08
-266.5,8.629761747154945e-08
-266.375,8.625635415766716e-08
-266.25000000000006,8.621509736258987e-08
-266.12499999999994,8.617384708209847e-08
-266.0,8.613260331182962e-08
-265.875,8.609136604772113e-08
-265.75,8.605013528551004e-08
-265.62500000000006,8.600891102098563e-08
-265.49999999999994,8.596769324999715e-08
-265.37499999999994,8.592648196835877e-08
-265.25,8.588527717172533e-08
-265.125,8.584407885598916e-08
-265.0,8.580288701714547e-08
-264.87500000000006,8.57617016510162e-08
-264.74999999999994,8.572052275356149e-08
-264.625,8.567935032062184e-08
-264.5,8.563818434810824e-08
-264.375,8.559702483189049e-08
-264.25000000000006,8.555587176794643e-08
-264.12499999999994,8.551472515210816e-08
-264.0,8.547358498017484e-08
-263.875,8.543245124793766e-08
-263.75,8.53913239511892e-08
-263.625,8.53502030858718e-08
-263.50000000000006,8.530908864789651e-08
-263.37499999999994,8.526798063308864e-08
-263.25,8.522687903714827e-08
-263.125,8.51857838560727e-08
-263.0,8.514469508557148e-08
-262.87500000000006,8.510361272162032e-08
-262.74999999999994,8.5062536759793e-08
-262.625,8.502146719602464e-08
-262.5,8.49804040260979e-08
-262.375,8.493934724589228e-08
-262.25,8.489829685133857e-08
-262.12499999999994,8.485725283828755e-08
-261.99999999999994,8.481621520271907e-08
-261.875,8.477518394064095e-08
-261.75,8.473415904807214e-08
-261.625,8.46931405209313e-08
-261.50000000000006,8.465212835510068e-08
-261.37499999999994,8.461112254652851e-08
-261.25,8.457012309095946e-08
-261.125,8.45291299843857e-08
-261.0,8.448814322251317e-08
-260.87500000000006,8.444716280112059e-08
-260.74999999999994,8.440618871602722e-08
-260.62499999999994,8.436522096317352e-08
-260.5,8.432425953854112e-08
-260.375,8.428330443794485e-08
-260.25,8.424235565738882e-08
-260.12500000000006,8.42014131927412e-08
-259.99999999999994,8.416047703998629e-08
-259.875,8.411954719507981e-08
-259.75,8.407862365392945e-08
-259.625,8.40377064123809e-08
-259.50000000000006,8.399679546617754e-08
-259.37499999999994,8.395589081134016e-08
-259.25,8.391499244377632e-08
-259.125,8.387410035944577e-08
-259.0,8.383321455429029e-08
-258.875,8.37923350243244e-08
-258.75000000000006,8.375146176543342e-08
-258.62499999999994,8.371059477378246e-08
-258.5,8.366973404516346e-08
-258.375,8.362887957574203e-08
-258.25,8.358803136142737e-08
-258.12500000000006,8.354718939821397e-08
-257.99999999999994,8.350635368189565e-08
-257.875,8.346552420847769e-08
-257.75,8.342470097381886e-08
-257.625,8.338388397358987e-08
-257.5,8.334307320375155e-08
-257.37499999999994,8.330226865992303e-08
-257.24999999999994,8.3261470337796e-08
-257.125,8.322067823319595e-08
-257.0,8.317989234182626e-08
-256.875,8.313911265940415e-08
-256.75000000000006,8.30983391832972e-08
-256.62499999999994,8.30575719076996e-08
-256.5,8.301681083043708e-08
-256.375,8.2976055947878e-08
-256.25,8.293530725602145e-08
-256.12500000000006,8.28945647512462e-08
-255.99999999999994,8.285382842966933e-08
-255.87499999999997,8.281309828748861e-08
-255.75,8.277237431928232e-08
-255.625,8.273165652300134e-08
-255.50000000000003,8.269094489263496e-08
-255.37500000000003,8.265023942369063e-08
-255.24999999999997,8.260954011251666e-08
-255.12499999999997,8.256884695449806e-08
-255.0,8.252815994572112e-08
-254.87500000000003,8.248747908226242e-08
-254.75000000000003,8.244680436014155e-08
-254.62499999999994,8.240613577532543e-08
-254.49999999999997,8.23654733239808e-08
-254.375,8.232481700234303e-08
-254.25,8.228416680642245e-08
-254.12500000000003,8.224352273224073e-08
-253.99999999999994,8.220288477594798e-08
-253.87499999999997,8.216225293355405e-08
-253.74999999999997,8.212162720089354e-08
-253.625,8.208100757402268e-08
-253.50000000000003,8.204039404882973e-08
-253.37500000000003,8.199978662141192e-08
-253.24999999999997,8.19591852877429e-08
-253.12499999999997,8.191859004388966e-08
-253.0,8.187800088570199e-08
-252.875,8.183741780914611e-08
-252.75000000000003,8.179684081059284e-08
-252.62499999999994,8.175626988576005e-08
-252.49999999999997,8.171570503081207e-08
-252.37499999999997,8.16751462417867e-08
-252.25,8.163459351454423e-08
-252.12500000000003,8.159404684522968e-08
-252.00000000000003,8.155350622999852e-08
-251.87499999999997,8.15129716646635e-08
-251.74999999999997,8.147244314507857e-08
-251.625,8.143192066758137e-08
-251.5,8.139140422786347e-08
-251.37500000000003,8.135089382212911e-08
-251.24999999999994,8.131038944633844e-08
-251.12499999999997,8.126989109666102e-08
-251.0,8.122939876911723e-08
-250.875,8.118891245989617e-08
-250.75000000000003,8.11484321650481e-08
-250.62500000000003,8.110795788074637e-08
-250.49999999999997,8.106748960307364e-08
-250.37499999999997,8.102702732819613e-08
-250.25,8.098657105210298e-08
-250.12500000000003,8.094612077078155e-08
-250.00000000000003,8.090567648022946e-08
-249.87499999999994,8.086523817651324e-08
-249.74999999999997,8.082480585570548e-08
-249.625,8.078437951364818e-08
-249.5,8.074395914653479e-08
-249.37500000000003,8.070354475009459e-08
-249.24999999999994,8.066313632051974e-08
-249.12499999999997,8.062273385382723e-08
-248.99999999999997,8.058233734599409e-08
-248.875,8.054194679310361e-08
-248.75000000000003,8.050156219124921e-08
-248.62500000000003,8.046118353660048e-08
-248.49999999999997,8.042081082556935e-08
-248.37499999999997,8.038044405409502e-08
-248.25,8.03400832182975e-08
-248.125,8.02997283145284e-08
-248.00000000000003,8.02593793388874e-08
-247.87499999999994,8.021903628764962e-08
-247.74999999999997,8.01786991568169e-08
-247.625,8.01383679423767e-08
-247.5,8.009804264015389e-08
-247.37500000000003,8.005772324627557e-08
-247.25000000000003,8.001740975688867e-08
-247.12499999999997,7.997710216770662e-08
-246.99999999999997,7.993680047504419e-08
-246.875,7.989650467461148e-08
-246.75,7.985621476274006e-08
-246.62500000000003,7.981593073569132e-08
-246.49999999999994,7.977565258950152e-08
-246.37499999999997,7.973538032021216e-08
-246.25,7.96951139239258e-08
-246.125,7.965485339699663e-08
-246.00000000000003,7.961459873518176e-08
-245.87500000000003,7.957434993494017e-08
-245.74999999999997,7.953410699208832e-08
-245.62499999999997,7.94938699028556e-08
-245.5,7.945363866332327e-08
-245.37500000000003,7.941341326999947e-08
-245.25000000000003,7.937319371888158e-08
-245.12499999999994,7.933298000615909e-08
-244.99999999999997,7.929277212798644e-08
-244.875,7.925257008059825e-08
-244.75,7.92123738599742e-08
-244.62500000000003,7.917218346239124e-08
-244.49999999999994,7.913199888388256e-08
-244.37499999999997,7.909182012058508e-08
-244.24999999999997,7.905164716866032e-08
-244.125,7.901148002434759e-08
-244.00000000000003,7.897131868374505e-08
-243.87500000000003,7.893116314291955e-08
-243.74999999999997,7.889101339804817e-08
-243.62499999999997,7.885086944502956e-08
-243.5,7.88107312800311e-08
-243.375,7.877059889905883e-08
-243.25000000000003,7.873047229822791e-08
-243.12499999999994,7.869035147361667e-08
-242.99999999999997,7.865023642144396e-08
-242.875,7.861012713796774e-08
-242.75,7.857002361940624e-08
-242.62500000000003,7.852992586198159e-08
-242.50000000000003,7.848983386199307e-08
-242.37499999999997,7.84497476155937e-08
-242.24999999999997,7.840966711890884e-08
-242.125,7.836959236813544e-08
-242.0,7.832952335933535e-08
-241.87500000000003,7.828946008855827e-08
-241.74999999999994,7.824940255206054e-08
-241.62499999999997,7.820935074599659e-08
-241.5,7.816930466645376e-08
-241.375,7.81292643097763e-08
-241.25000000000003,7.808922967212193e-08
-241.12500000000003,7.80492007496465e-08
-240.99999999999997,7.800917753880261e-08
-240.87499999999997,7.796916003539389e-08
-240.75,7.792914823593944e-08
-240.62500000000003,7.78891421366046e-08
-240.50000000000003,7.784914173334166e-08
-240.37499999999997,7.78091470227256e-08
-240.24999999999997,7.77691580006064e-08
-240.125,7.77291746633554e-08
-240.0,7.768919700683504e-08
-239.87500000000003,7.764922502776782e-08
-239.74999999999994,7.760925872185396e-08
-239.62499999999997,7.756929808529804e-08
-239.49999999999997,7.75293431143024e-08
-239.375,7.74893938049079e-08
-239.25000000000003,7.744945015336183e-08
-239.12500000000003,7.740951215584491e-08
-238.99999999999997,7.736957980864232e-08
-238.87499999999997,7.732965310799171e-08
-238.75,7.728973205019821e-08
-238.625,7.724981663155826e-08
-238.50000000000003,7.720990684863987e-08
-238.37499999999994,7.717000269751717e-08
-238.24999999999997,7.713010417455943e-08
-238.125,7.709021127587193e-08
-238.0,7.70503239977881e-08
-237.87500000000003,7.701044233643161e-08
-237.75000000000003,7.697056628797101e-08
-237.62499999999997,7.69306958486404e-08
-237.49999999999997,7.689083101451275e-08
-237.375,7.685097178184845e-08
-237.25,7.681111814692225e-08
-237.12500000000003,7.677127010606048e-08
-236.99999999999994,7.673142765531137e-08
-236.87499999999997,7.669159079108141e-08
-236.75,7.665175950938755e-08
-236.625,7.661193380646949e-08
-236.50000000000003,7.65721136785007e-08
-236.37500000000003,7.653229912165378e-08
-236.24999999999997,7.649249013211734e-08
-236.12499999999997,7.645268670607858e-08
-236.0,7.641288883992127e-08
-235.87500000000003,7.637309652986311e-08
-235.75000000000003,7.633330977233946e-08
-235.62499999999997,7.629352856360726e-08
-235.49999999999997,7.62537528999551e-08
-235.375,7.62139827777768e-08
-235.25,7.617421819323811e-08
-235.12500000000003,7.613445914263649e-08
-234.99999999999994,7.609470562219334e-08
-234.87499999999997,7.605495762815838e-08
-234.74999999999997,7.601521515673127e-08
-234.625,7.59754782041447e-08
-234.50000000000003,7.59357467667109e-08
-234.37500000000003,7.589602084062661e-08
-234.24999999999997,7.585630042220216e-08
-234.12499999999997,7.581658550771966e-08
-234.0,7.577687609346274e-08
-233.875,7.573717217566248e-08
-233.75000000000003,7.569747375071596e-08
-233.62499999999994,7.565778081493286e-08
-233.49999999999997,7.561809336454588e-08
-233.375,7.557841139608338e-08
-233.25,7.553873490578047e-08
-233.12500000000003,7.549906389005265e-08
-233.00000000000003,7.545939834498843e-08
-232.87499999999997,7.541973826700043e-08
-232.74999999999997,7.538008365223223e-08
-232.625,7.534043449694083e-08
-232.5,7.530079079731471e-08
-232.37500000000003,7.526115254953851e-08
-232.24999999999994,7.522151974982677e-08
-232.12499999999997,7.51818923945339e-08
-232.0,7.514227048026462e-08
-231.875,7.510265400324869e-08
-231.75000000000003,7.506304295969607e-08
-231.62500000000003,7.502343734609457e-08
-231.49999999999997,7.498383715869595e-08
-231.37499999999997,7.494424239383226e-08
-231.25,7.490465304791622e-08
-231.12500000000003,7.486506911712565e-08
-231.00000000000003,7.482549059758818e-08
-230.87499999999997,7.478591748564256e-08
-230.74999999999997,7.474634977763765e-08
-230.625,7.470678746986253e-08
-230.5,7.466723055877059e-08
-230.37500000000003,7.462767904057726e-08
-230.24999999999994,7.458813291162169e-08
-230.12499999999997,7.45485921682789e-08
-229.99999999999997,7.45090568068452e-08
-229.875,7.446952682372167e-08
-229.75000000000003,7.443000221526499e-08
-229.62500000000003,7.439048297773783e-08
-229.49999999999997,7.435096910740618e-08
-229.37499999999997,7.431146060049818e-08
-229.25,7.427195745328919e-08
-229.125,7.423245966211355e-08
-229.00000000000003,7.419296722329049e-08
-228.87499999999994,7.415348013304876e-08
-228.74999999999997,7.411399838793768e-08
-228.625,7.407452198441697e-08
-228.5,7.403505091891387e-08
-228.37500000000003,7.399558518789269e-08
-228.25000000000003,7.395612478775293e-08
-228.12499999999997,7.391666971490734e-08
-227.99999999999997,7.387721996560601e-08
-227.875,7.383777553647855e-08
-227.75000000000003,7.379833642364893e-08
-227.62500000000003,7.375890262353643e-08
-227.49999999999994,7.371947413222868e-08
-227.37499999999997,7.368005094602471e-08
-227.25,7.364063306122821e-08
-227.125,7.360122047390177e-08
-227.00000000000003,7.356181318041273e-08
-226.87499999999994,7.352241117700119e-08
-226.74999999999997,7.348301446004949e-08
-226.62499999999997,7.344362302592806e-08
-226.5,7.340423687124149e-08
-226.37500000000003,7.336485599256818e-08
-226.25000000000003,7.332548038647473e-08
-226.12499999999997,7.328611004942404e-08
-225.99999999999997,7.324674497799086e-08
-225.875,7.320738516844193e-08
-225.75,7.316803061709826e-08
-225.62500000000003,7.312868132021321e-08
-225.49999999999994,7.308933727410998e-08
-225.37499999999997,7.304999847503127e-08
-225.24999999999997,7.301066491922213e-08
-225.125,7.297133660300772e-08
-225.00000000000003,7.293201352275353e-08
-224.87500000000003,7.289269567507023e-08
-224.74999999999997,7.285338305621288e-08
-224.62499999999997,7.28140756631352e-08
-224.5,7.277477349122702e-08
-224.375,7.27354765375024e-08
-224.25000000000003,7.269618479855082e-08
-224.12499999999994,7.265689827062073e-08
-223.99999999999997,7.261761695052965e-08
-223.875,7.257834083403546e-08
-223.75,7.253906991788748e-08
-223.62500000000003,7.249980419829019e-08
-223.50000000000003,7.24605436723353e-08
-223.37499999999997,7.242128833594867e-08
-223.24999999999997,7.238203818499758e-08
-223.125,7.234279321654173e-08
-223.00000000000003,7.230355342623532e-08
-222.87500000000003,7.226431881121519e-08
-222.74999999999994,7.222508936754388e-08
-222.62499999999997,7.218586509154659e-08
-222.5,7.214664597986782e-08
-222.375,7.210743202899663e-08
-222.25000000000003,7.206822323553278e-08
-222.12499999999994,7.202901959584061e-08
-221.99999999999997,7.198982110629714e-08
-221.87499999999997,7.195062776328855e-08
-221.75,7.191143956326911e-08
-221.62500000000003,7.187225650258828e-08
-221.50000000000003,7.183307857754774e-08
-221.37499999999997,7.179390578469516e-08
-221.24999999999997,7.17547381205476e-08
-221.125,7.171557558136376e-08
-221.0,7.167641816376439e-08
-220.87500000000003,7.163726586407225e-08
-220.74999999999994,7.159811867876196e-08
-220.62499999999997,7.155897660411818e-08
-220.5,7.151983963658565e-08
-220.375,7.148070777239528e-08
-220.25000000000003,7.144158100775854e-08
-220.12500000000003,7.140245933944789e-08
-219.99999999999997,7.136334276369434e-08
-219.87499999999997,7.132423127701176e-08
-219.75,7.128512487596777e-08
-219.625,7.124602355718562e-08
-219.50000000000003,7.120692731705176e-08
-219.37500000000006,7.11678361522175e-08
-219.25000000000006,7.11287500592623e-08
-219.12500000000009,7.108966903452746e-08
-218.99999999999991,7.105059307447528e-08
-218.87499999999994,7.101152217569406e-08
-218.74999999999994,7.097245633446784e-08
-218.62499999999997,7.093339554741824e-08
-218.49999999999997,7.089433981108438e-08
-218.375,7.085528912171663e-08
-218.25000000000003,7.08162434758483e-08
-218.12500000000003,7.077720287005564e-08
-218.00000000000006,7.073816730068962e-08
-217.87500000000006,7.069913676408434e-08
-217.75000000000009,7.066011125659928e-08
-217.62499999999991,7.062109077479089e-08
-217.49999999999994,7.058207531499171e-08
-217.37499999999994,7.054306487389107e-08
-217.24999999999997,7.050405944789448e-08
-217.12499999999997,7.046505903343154e-08
-217.0,7.042606362743553e-08
-216.87500000000003,7.038707322607412e-08
-216.75000000000003,7.034808782610864e-08
-216.62500000000006,7.03091074238168e-08
-216.50000000000006,7.027013201571751e-08
-216.37500000000009,7.023116159837346e-08
-216.24999999999991,7.019219616794974e-08
-216.12499999999994,7.015323572080659e-08
-215.99999999999994,7.011428025315729e-08
-215.87499999999997,7.007532976197396e-08
-215.75,7.003638424345096e-08
-215.625,6.999744369420862e-08
-215.50000000000003,6.995850811056919e-08
-215.37500000000003,6.991957748916548e-08
-215.25000000000006,6.988065182651795e-08
-215.12500000000009,6.984173111943764e-08
-214.99999999999991,6.980281536415231e-08
-214.87499999999991,6.97639045574021e-08
-214.74999999999994,6.972499869560216e-08
-214.62499999999994,6.968609777536889e-08
-214.49999999999997,6.964720179329353e-08
-214.375,6.960831074576149e-08
-214.25,6.956942462941242e-08
-214.12500000000003,6.953054344069476e-08
-214.00000000000003,6.949166717625972e-08
-213.87500000000006,6.945279583245346e-08
-213.75000000000009,6.941392940580598e-08
-213.62499999999991,6.93750678929277e-08
-213.49999999999991,6.933621129024545e-08
-213.37499999999994,6.929735959441668e-08
-213.24999999999994,6.925851280188844e-08
-213.12499999999997,6.921967090927278e-08
-213.0,6.918083391288042e-08
-212.875,6.91420018092472e-08
-212.75000000000003,6.91031745950114e-08
-212.62500000000006,6.90643522665739e-08
-212.50000000000006,6.902553482043892e-08
-212.37500000000009,6.898672225326544e-08
-212.24999999999991,6.894791456169106e-08
-212.12499999999991,6.890911174197553e-08
-211.99999999999994,6.887031379103957e-08
-211.87499999999997,6.883152070537799e-08
-211.74999999999997,6.879273248147782e-08
-211.625,6.875394911578725e-08
-211.5,6.871517060509446e-08
-211.37500000000003,6.867639694564385e-08
-211.25000000000006,6.863762813401076e-08
-211.12500000000006,6.859886416685568e-08
-211.00000000000009,6.856010504058575e-08
-210.87499999999991,6.852135075181637e-08
-210.74999999999991,6.84826012970741e-08
-210.62499999999994,6.844385667296134e-08
-210.49999999999997,6.840511687591692e-08
-210.37499999999997,6.836638190242379e-08
-210.25,6.832765174899215e-08
-210.125,6.828892641221488e-08
-210.00000000000003,6.825020588857943e-08
-209.87500000000006,6.82114901745862e-08
-209.75000000000006,6.817277926673736e-08
-209.62500000000009,6.813407316171208e-08
-209.49999999999991,6.809537185598624e-08
-209.37499999999994,6.805667534640037e-08
-209.24999999999994,6.80179836294302e-08
-209.12499999999997,6.79792967018371e-08
-208.99999999999997,6.794061456005276e-08
-208.875,6.790193720096166e-08
-208.75000000000003,6.786326462113709e-08
-208.62500000000003,6.782459681729586e-08
-208.50000000000006,6.778593378574727e-08
-208.37500000000006,6.774727552317544e-08
-208.25000000000009,6.77086220258452e-08
-208.12499999999991,6.76699732904243e-08
-207.99999999999994,6.763132931325962e-08
-207.87499999999994,6.759269009083343e-08
-207.74999999999997,6.755405561957636e-08
-207.62499999999997,6.751542589620568e-08
-207.5,6.747680091726233e-08
-207.37500000000003,6.743818067950249e-08
-207.25000000000003,6.739956517966983e-08
-207.12500000000006,6.736095441449957e-08
-207.00000000000006,6.732234838062804e-08
-206.87500000000009,6.728374707465998e-08
-206.74999999999991,6.724515049326588e-08
-206.62499999999994,6.720655863296395e-08
-206.49999999999994,6.71679714904082e-08
-206.37499999999997,6.712938906205112e-08
-206.25,6.709081134464964e-08
-206.125,6.705223833469017e-08
-206.00000000000003,6.701367002899087e-08
-205.87500000000003,6.69751064242355e-08
-205.75000000000006,6.693654751702597e-08
-205.62500000000009,6.689799330405197e-08
-205.49999999999991,6.685944378188761e-08
-205.37499999999991,6.68208989470883e-08
-205.24999999999994,6.678235879606348e-08
-205.12499999999994,6.67438233252871e-08
-204.99999999999997,6.670529253120949e-08
-204.875,6.666676641031635e-08
-204.75,6.662824495922506e-08
-204.62500000000003,6.658972817435433e-08
-204.50000000000003,6.655121605256477e-08
-204.37500000000006,6.651270859033556e-08
-204.25000000000009,6.647420578429263e-08
-204.12499999999991,6.64357076311183e-08
-203.99999999999991,6.639721412743434e-08
-203.87499999999994,6.635872526984173e-08
-203.74999999999997,6.632024105493291e-08
-203.62499999999997,6.628176147945588e-08
-203.5,6.624328654001344e-08
-203.375,6.62048162333784e-08
-203.25000000000003,6.616635055641392e-08
-203.12500000000006,6.6127889505829e-08
-203.00000000000006,6.608943307822783e-08
-202.87500000000009,6.605098127043675e-08
-202.74999999999991,6.60125340790251e-08
-202.62499999999991,6.59740915006543e-08
-202.49999999999994,6.593565353181684e-08
-202.37499999999997,6.589722016924285e-08
-202.24999999999997,6.585879140941747e-08
-202.125,6.582036724898228e-08
-202.0,6.578194768464716e-08
-201.87500000000003,6.574353271310971e-08
-201.75000000000006,6.570512233091215e-08
-201.62500000000006,6.566671653467963e-08
-201.50000000000009,6.562831532091101e-08
-201.37499999999991,6.558991868627278e-08
-201.24999999999994,6.555152662736378e-08
-201.12499999999994,6.551313914086814e-08
-200.99999999999997,6.547475622337127e-08
-200.87499999999997,6.543637787172397e-08
-200.75,6.539800408261342e-08
-200.62500000000003,6.535963485268674e-08
-200.50000000000003,6.532127017883747e-08
-200.37500000000006,6.528291005775443e-08
-200.25000000000006,6.524455448576229e-08
-200.12500000000009,6.520620345949002e-08
-199.99999999999991,6.516785697558657e-08
-199.87499999999994,6.512951503048027e-08
-199.74999999999994,6.509117762068372e-08
-199.62499999999997,6.505284474309618e-08
-199.49999999999997,6.501451639413339e-08
-199.375,6.497619257045065e-08
-199.25000000000003,6.493787326893688e-08
-199.12500000000003,6.489955848637162e-08
-199.00000000000006,6.486124821933266e-08
-198.87500000000006,6.482294246447881e-08
-198.75000000000009,6.478464121868023e-08
-198.62499999999991,6.474634447851454e-08
-198.49999999999994,6.470805224072331e-08
-198.37499999999994,6.466976450217817e-08
-198.24999999999997,6.463148125963887e-08
-198.12499999999997,6.459320251004996e-08
-198.0,6.455492825015555e-08
-197.87500000000003,6.45166584769095e-08
-197.75000000000003,6.44783931868714e-08
-197.62500000000006,6.444013237686692e-08
-197.50000000000006,6.440187604335746e-08
-197.37499999999991,6.436362418292013e-08
-197.24999999999991,6.432537679198206e-08
-197.12499999999994,6.428713386721768e-08
-196.99999999999994,6.424889540499132e-08
-196.87499999999997,6.421066140209397e-08
-196.75,6.41724318552485e-08
-196.625,6.413420676102909e-08
-196.50000000000003,6.409598611624239e-08
-196.37500000000003,6.405776991782051e-08
-196.25000000000006,6.401955816230576e-08
-196.12500000000009,6.398135084632436e-08
-195.99999999999991,6.394314796676433e-08
-195.87499999999991,6.39049495201774e-08
-195.74999999999994,6.386675550322026e-08
-195.62499999999994,6.382856591272032e-08
-195.49999999999997,6.379038074541127e-08
-195.375,6.375219999792172e-08
-195.25,6.371402366724082e-08
-195.12500000000003,6.367585174990648e-08
-195.00000000000003,6.36376842426911e-08
-194.87500000000006,6.35995211423859e-08
-194.75000000000009,6.356136244566601e-08
-194.62499999999991,6.352320814917463e-08
-194.49999999999991,6.348505824966384e-08
-194.37499999999994,6.34469127437893e-08
-194.24999999999997,6.340877162826158e-08
-194.12499999999997,6.337063489995753e-08
-194.0,6.333250255547003e-08
-193.875,6.329437459150392e-08
-193.75000000000003,6.325625100459378e-08
-193.62500000000006,6.321813179151636e-08
-193.50000000000006,6.318001694893823e-08
-193.37500000000009,6.314190647373295e-08
-193.24999999999991,6.310380036259381e-08
-193.12499999999991,6.30656986124852e-08
-192.99999999999994,6.302760122040658e-08
-192.87499999999997,6.298950818292596e-08
-192.74999999999997,6.295141949678894e-08
-192.625,6.291333515850367e-08
-192.5,6.287525516573413e-08
-192.37500000000003,6.283717951351475e-08
-192.25000000000006,6.279910819908387e-08
-192.12500000000006,6.27610412192402e-08
-192.00000000000009,6.272297857048695e-08
-191.87499999999991,6.268492024949768e-08
-191.74999999999994,6.264686625380818e-08
-191.62499999999994,6.260881658030533e-08
-191.49999999999997,6.257077122487141e-08
-191.37499999999997,6.253273018572448e-08
-191.25,6.249469345899532e-08
-191.12500000000003,6.245666104105819e-08
-191.00000000000003,6.241863292865819e-08
-190.87500000000006,6.238060911884648e-08
-190.75000000000006,6.234258960760141e-08
-190.62500000000009,6.230457439218698e-08
-190.49999999999991,6.226656346928107e-08
-190.37499999999994,6.222855683612978e-08
-190.24999999999994,6.21905544896252e-08
-190.12499999999997,6.215255642672755e-08
-189.99999999999997,6.21145626439009e-08
-189.875,6.20765731379488e-08
-189.75000000000003,6.203858790544813e-08
-189.62500000000003,6.20006069428374e-08
-189.50000000000006,6.19626302465112e-08
-189.37500000000006,6.192465781312593e-08
-189.25000000000009,6.18866896390942e-08
-189.12499999999991,6.18487257212329e-08
-188.99999999999994,6.181076605642602e-08
-188.87499999999994,6.17728106411991e-08
-188.74999999999997,6.173485947231517e-08
-188.625,6.169691254653877e-08
-188.5,6.165896986088703e-08
-188.37500000000003,6.162103141231688e-08
-188.25000000000003,6.158309719824513e-08
-188.12500000000006,6.154516721621025e-08
-188.00000000000009,6.15072414638509e-08
-187.87499999999991,6.146931993875559e-08
-187.74999999999991,6.143140263804982e-08
-187.62499999999994,6.139348955843437e-08
-187.49999999999994,6.135558069594613e-08
-187.37499999999997,6.131767604619381e-08
-187.25,6.12797756047276e-08
-187.125,6.124187936697363e-08
-187.00000000000003,6.120398732860417e-08
-186.87500000000003,6.116609948583346e-08
-186.75000000000006,6.11282158354046e-08
-186.62500000000009,6.109033637477166e-08
-186.49999999999991,6.105246110195651e-08
-186.37499999999991,6.101459001565722e-08
-186.24999999999994,6.097672311409923e-08
-186.12499999999994,6.093886039581567e-08
-185.99999999999997,6.090100185847879e-08
-185.875,6.086314749928547e-08
-185.75,6.082529731471454e-08
-185.62500000000003,6.078745130077328e-08
-185.50000000000003,6.074960945278736e-08
-185.37500000000006,6.07117717658847e-08
-185.25000000000009,6.067393823514767e-08
-185.12499999999991,6.063610885570966e-08
-184.99999999999991,6.059828362329973e-08
-184.87499999999994,6.05604625341812e-08
-184.74999999999997,6.052264558524998e-08
-184.62499999999997,6.048483277401541e-08
-184.5,6.044702409797718e-08
-184.375,6.040921955529186e-08
-184.25000000000003,6.037141914411853e-08
-184.12500000000006,6.033362286231201e-08
-184.00000000000006,6.029583070769458e-08
-183.87500000000009,6.02580426777588e-08
-183.74999999999991,6.022025876963857e-08
-183.62499999999991,6.018247897993974e-08
-183.49999999999994,6.014470330564159e-08
-183.37499999999997,6.010693174282547e-08
-183.24999999999997,6.006916428765867e-08
-183.125,6.003140093657055e-08
-183.0,5.999364168562736e-08
-182.87500000000003,5.995588653117461e-08
-182.75000000000006,5.991813546986035e-08
-182.62500000000006,5.988038849863184e-08
-182.50000000000009,5.98426456143743e-08
-182.37499999999991,5.980490681429027e-08
-182.24999999999994,5.976717209573545e-08
-182.12499999999994,5.972944145575022e-08
-181.99999999999997,5.969171489143624e-08
-181.87499999999997,5.965399239978164e-08
-181.75,5.961627397739762e-08
-181.62500000000003,5.957855962105204e-08
-181.50000000000003,5.954084932736332e-08
-181.37500000000006,5.950314309299004e-08
-181.25000000000006,5.946544091429767e-08
-181.12500000000009,5.942774278804466e-08
-180.99999999999991,5.939004871074742e-08
-180.87499999999994,5.9352358679310884e-08
-180.74999999999994,5.931467269044179e-08
-180.62499999999997,5.9276990740925016e-08
-180.49999999999997,5.923931282759816e-08
-180.375,5.920163894732729e-08
-180.25000000000003,5.9163969096900456e-08
-180.12500000000003,5.9126303273299465e-08
-180.00000000000006,5.908864147358236e-08
-179.87500000000006,5.9050983694771484e-08
-179.75000000000009,5.901332993395029e-08
-179.62499999999991,5.897568018857323e-08
-179.49999999999994,5.893803445556189e-08
-179.37499999999994,5.890039273215207e-08
-179.24999999999997,5.8862755015473334e-08
-179.125,5.8825121302445496e-08
-179.0,5.878749158987249e-08
-178.87500000000003,5.8749865874519994e-08
-178.75000000000003,5.871224415302882e-08
-178.62500000000006,5.8674626421862755e-08
-178.50000000000009,5.8637012677899316e-08
-178.37499999999991,5.859940291762593e-08
-178.24999999999991,5.856179713770233e-08
-178.12499999999994,5.852419533464516e-08
-177.99999999999994,5.848659750523666e-08
-177.87499999999997,5.844900364614961e-08
-177.75,5.84114137541924e-08
-177.625,5.8373827826127167e-08
-177.50000000000003,5.8336245858817686e-08
-177.37500000000003,5.829866784937943e-08
-177.25000000000006,5.8261093794709195e-08
-177.12500000000009,5.8223523692341884e-08
-176.99999999999991,5.8185957539090683e-08
-176.87499999999991,5.814839533255287e-08
-176.74999999999994,5.8110837069587516e-08
-176.62499999999997,5.8073282747331436e-08
-176.49999999999997,5.8035732362606855e-08
-176.375,5.7998185912272606e-08
-176.25,5.7960643393257255e-08
-176.12500000000003,5.792310480186718e-08
-176.00000000000006,5.788557013545279e-08
-175.87500000000006,5.784803939025072e-08
-175.75000000000009,5.7810512563237434e-08
-175.62499999999991,5.777298965112691e-08
-175.49999999999991,5.7735470650597554e-08
-175.37499999999994,5.7697955558748063e-08
-175.24999999999997,5.766044437211277e-08
-175.12499999999997,5.7622937087826566e-08
-175.0,5.7585433702315547e-08
-174.875,5.7547934212705834e-08
-174.75000000000003,5.7510438615846485e-08
-174.62500000000006,5.747294690896947e-08
-174.50000000000006,5.743545908911428e-08
-174.37500000000009,5.7397975153179e-08
-174.24999999999991,5.7360495098375784e-08
-174.12499999999994,5.732301892188263e-08
-173.99999999999994,5.728554662050676e-08
-173.87499999999997,5.7248078191349033e-08
-173.74999999999997,5.721061363124643e-08
-173.625,5.717315293698115e-08
-173.50000000000003,5.713569610538583e-08
-173.37500000000003,5.709824313343404e-08
-173.25000000000006,5.706079401793199e-08
-173.12500000000006,5.702334875576074e-08
-173.00000000000009,5.698590734387286e-08
-172.87499999999991,5.694846977908997e-08
-172.74999999999994,5.6911036058152714e-08
-172.62499999999994,5.687360617815128e-08
-172.49999999999997,5.68361801356449e-08
-172.37499999999997,5.679875792755057e-08
-172.25,5.676133955040594e-08
-172.12500000000003,5.672392500106003e-08
-172.00000000000003,5.668651427643519e-08
-171.87500000000006,5.664910737342023e-08
-171.75000000000006,5.661170428911004e-08
-171.62500000000009,5.657430502050726e-08
-171.49999999999991,5.6536909564755445e-08
-171.37499999999994,5.649951791888583e-08
-171.24999999999994,5.6462130080060517e-08
-171.12499999999997,5.642474604537185e-08
-170.99999999999997,5.638736581155744e-08
-170.875,5.634998937578345e-08
-170.75000000000003,5.631261673502268e-08
-170.62500000000003,5.62752478861948e-08
-170.50000000000006,5.62378828260805e-08
-170.37500000000006,5.6200521551850764e-08
-170.24999999999991,5.6163164060140806e-08
-170.12499999999991,5.61258103478844e-08
-169.99999999999994,5.608846041195613e-08
-169.87499999999994,5.605111424907924e-08
-169.74999999999997,5.601377185598182e-08
-169.625,5.5976433229409226e-08
-169.5,5.593909836654427e-08
-169.37500000000003,5.5901767264079206e-08
-169.25000000000003,5.5864439919249316e-08
-169.12500000000006,5.582711632902929e-08
-169.00000000000009,5.5789796490500686e-08
-168.87499999999991,5.5752480401079196e-08
-168.74999999999991,5.57151680576427e-08
-168.62499999999994,5.567785945714304e-08
-168.49999999999994,5.56405545967968e-08
-168.37499999999997,5.5603253473591145e-08
-168.25,5.5565956084214373e-08
-168.125,5.5528662426025655e-08
-168.00000000000003,5.5491372495752816e-08
-167.87500000000003,5.545408629012915e-08
-167.75000000000006,5.541680380617711e-08
-167.62500000000009,5.537952504104713e-08
-167.49999999999991,5.534224999106858e-08
-167.37499999999991,5.5304978653276123e-08
-167.24999999999994,5.52677110246437e-08
-167.12499999999997,5.5230447101579333e-08
-166.99999999999997,5.5193186881204595e-08
-166.875,5.5155930360454664e-08
-166.75,5.511867753601265e-08
-166.62500000000003,5.508142840506263e-08
-166.50000000000006,5.504418296468793e-08
-166.37500000000006,5.5006941211917626e-08
-166.25000000000009,5.4969703143650306e-08
-166.12499999999991,5.4932468757295705e-08
-165.99999999999991,5.489523804972979e-08
-165.87499999999994,5.485801101814261e-08
-165.74999999999997,5.48207876596541e-08
-165.62499999999997,5.478356797121709e-08
-165.5,5.4746351949921254e-08
-165.375,5.470913959277192e-08
-165.25000000000003,5.467193089677452e-08
-165.12500000000006,5.4634725858753575e-08
-165.00000000000006,5.459752447555228e-08
-164.87500000000009,5.4560326744158915e-08
-164.74999999999991,5.452313266144794e-08
-164.62499999999994,5.4485942224094574e-08
-164.49999999999994,5.444875542901215e-08
-164.37499999999997,5.441157227324765e-08
-164.24999999999997,5.4374392753646804e-08
-164.125,5.4337216867330565e-08
-164.00000000000003,5.430004461130334e-08
-163.87500000000003,5.42628759824739e-08
-163.75000000000006,5.4225710977858846e-08
-163.62500000000006,5.4188549594866654e-08
-163.50000000000009,5.415139183036123e-08
-163.37499999999991,5.4114237681295655e-08
-163.24999999999994,5.4077087144865073e-08
-163.12499999999994,5.403994021808649e-08
-162.99999999999997,5.400279689794959e-08
-162.87499999999997,5.3965657181548113e-08
-162.75,5.392852106588573e-08
-162.62500000000003,5.389138854793422e-08
-162.50000000000003,5.385425962468694e-08
-162.37500000000006,5.38171342930637e-08
-162.25000000000006,5.378001254987949e-08
-162.12500000000009,5.374289439203315e-08
-161.99999999999991,5.370577981646457e-08
-161.87499999999994,5.366866882027308e-08
-161.74999999999994,5.363156140034762e-08
-161.62499999999997,5.3594457553630336e-08
-161.5,5.355735727714271e-08
-161.375,5.35202605680923e-08
-161.25000000000003,5.348316742341405e-08
-161.12500000000003,5.34460778402947e-08
-161.00000000000006,5.340899181590132e-08
-160.87500000000009,5.337190934701725e-08
-160.74999999999991,5.333483043066585e-08
-160.62499999999991,5.3297755063873514e-08
-160.49999999999994,5.326068324351369e-08
-160.37499999999994,5.322361496683055e-08
-160.24999999999997,5.3186550230556876e-08
-160.125,5.3149489032079654e-08
-160.0,5.3112431367739454e-08
-159.87500000000003,5.307537723467944e-08
-159.75000000000003,5.303832663009234e-08
-159.62500000000006,5.300127955112004e-08
-159.50000000000009,5.296423599478159e-08
-159.37499999999991,5.2927195957951304e-08
-159.24999999999991,5.2890159438123405e-08
-159.12499999999994,5.2853126431898285e-08
-158.99999999999994,5.281609693672888e-08
-158.87499999999997,5.27790709499455e-08
-158.75,5.27420484682681e-08
-158.625,5.270502948868446e-08
-158.50000000000003,5.266801400820232e-08
-158.37500000000003,5.2631002023900924e-08
-158.25000000000006,5.259399353248321e-08
-158.12500000000009,5.2556988531056255e-08
-157.99999999999991,5.251998701663465e-08
-157.87499999999991,5.248298898624023e-08
-157.74999999999994,5.244599443686484e-08
-157.62499999999997,5.240900336582241e-08
-157.49999999999997,5.237201577002806e-08
-157.375,5.2335031646484925e-08
-157.25,5.229805099209389e-08
-157.12500000000003,5.226107380403332e-08
-157.00000000000006,5.222410007905544e-08
-156.87500000000006,5.218712981419656e-08
-156.75000000000009,5.215016300616862e-08
-156.62499999999991,5.211319965231961e-08
-156.49999999999991,5.2076239749672005e-08
-156.37499999999994,5.203928329529908e-08
-156.24999999999997,5.2002330286409696e-08
-156.12499999999997,5.1965380720183495e-08
-156.0,5.192843459381916e-08
-155.875,5.189149190425175e-08
-155.75000000000003,5.185455264880853e-08
-155.62500000000006,5.181761682431543e-08
-155.50000000000006,5.1780684427758816e-08
-155.37500000000009,5.17437554561989e-08
-155.24999999999991,5.170682990670121e-08
-155.12499999999994,5.1669907776246304e-08
-154.99999999999994,5.1632989061713957e-08
-154.87499999999997,5.159607376046104e-08
-154.74999999999997,5.155916186936163e-08
-154.625,5.1522253385288514e-08
-154.50000000000003,5.1485348305343194e-08
-154.37500000000003,5.1448446626672523e-08
-154.25000000000006,5.1411548346215114e-08
-154.12500000000006,5.1374653461103204e-08
-154.00000000000009,5.133776196840641e-08
-153.87499999999991,5.130087386537525e-08
-153.74999999999994,5.1263989149099525e-08
-153.62499999999994,5.1227107816789765e-08
-153.49999999999997,5.1190229865450257e-08
-153.37499999999997,5.115335529227829e-08
-153.25,5.111648409414274e-08
-153.12500000000003,5.107961626811611e-08
-153.00000000000003,5.104275181100299e-08
-152.87500000000006,5.100589071998948e-08
-152.75000000000006,5.09690329919677e-08
-152.62500000000009,5.0932178624043066e-08
-152.49999999999991,5.089532761325459e-08
-152.37499999999994,5.0858479956824446e-08
-152.24999999999994,5.082163565214547e-08
-152.12499999999997,5.078479469614701e-08
-152.0,5.074795708618492e-08
-151.875,5.071112281897661e-08
-151.75000000000003,5.06742918917411e-08
-151.62500000000003,5.0637464301539985e-08
-151.50000000000006,5.060064004535114e-08
-151.37500000000009,5.056381912014698e-08
-151.24999999999991,5.052700152280842e-08
-151.12499999999991,5.0490187250617e-08
-150.99999999999994,5.045337630052543e-08
-150.87499999999994,5.041656866977866e-08
-150.74999999999997,5.037976435531161e-08
-150.625,5.0342963354362104e-08
-150.5,5.0306165663807515e-08
-150.37500000000003,5.026937128088325e-08
-150.25000000000003,5.0232580202469993e-08
-150.12500000000006,5.01957924259269e-08
-150.00000000000009,5.015900794835242e-08
-149.87499999999991,5.0122226766849695e-08
-149.74999999999991,5.008544887869735e-08
-149.62499999999994,5.004867428107652e-08
-149.49999999999997,5.001190297122886e-08
-149.37499999999997,4.99751349461546e-08
-149.25,4.993837020293732e-08
-149.125,4.990160873853062e-08
-149.00000000000003,4.986485054984974e-08
-148.87500000000006,4.982809563399553e-08
-148.75000000000006,4.979134398780179e-08
-148.62500000000009,4.975459560845895e-08
-148.49999999999991,4.971785049310002e-08
-148.37499999999991,4.968110863888697e-08
-148.24999999999994,4.9644370042842645e-08
-148.12499999999997,4.960763470226205e-08
-147.99999999999997,4.957090261422241e-08
-147.875,4.953417377590248e-08
-147.75,4.9497448184258896e-08
-147.62500000000003,4.9460725836432684e-08
-147.50000000000006,4.942400672937642e-08
-147.37500000000006,4.938729086030976e-08
-147.25000000000009,4.935057822631427e-08
-147.12499999999991,4.9313868824639314e-08
-146.99999999999991,4.9277162652392496e-08
-146.87499999999994,4.924045970688699e-08
-146.74999999999997,4.920375998525986e-08
-146.62499999999997,4.916706348452977e-08
-146.5,4.913037020181332e-08
-146.37500000000003,4.9093680134103514e-08
-146.25000000000003,4.905699327862687e-08
-146.12500000000006,4.9020309632205104e-08
-146.00000000000006,4.898362919213232e-08
-145.87500000000009,4.894695195534613e-08
-145.74999999999991,4.8910277919142786e-08
-145.62499999999994,4.8873607080687963e-08
-145.49999999999994,4.883693943710017e-08
-145.37499999999997,4.880027498551699e-08
-145.24999999999997,4.876361372286687e-08
-145.125,4.872695564629197e-08
-145.00000000000003,4.869030075252264e-08
-144.87500000000003,4.865364903888973e-08
-144.75000000000006,4.861700050217696e-08
-144.62500000000006,4.858035513969318e-08
-144.50000000000009,4.8543712948733145e-08
-144.37499999999991,4.8507073926759426e-08
-144.24999999999994,4.8470438070933124e-08
-144.12499999999994,4.843380537884119e-08
-143.99999999999997,4.839717584742035e-08
-143.87499999999997,4.8360549473820375e-08
-143.75,4.832392625526752e-08
-143.62500000000003,4.8287306188914624e-08
-143.50000000000003,4.825068927133907e-08
-143.37500000000006,4.8214075499820105e-08
-143.25000000000006,4.817746487131807e-08
-143.12499999999991,4.814085738299443e-08
-142.99999999999991,4.8104253032233504e-08
-142.87499999999994,4.806765181626575e-08
-142.74999999999994,4.803105373223243e-08
-142.62499999999997,4.799445877719895e-08
-142.5,4.7957866948281815e-08
-142.375,4.7921278242393955e-08
-142.25000000000003,4.7884692656760114e-08
-142.12500000000003,4.784811018826377e-08
-142.00000000000006,4.7811530834152515e-08
-141.87500000000009,4.7774954591509174e-08
-141.74999999999991,4.773838145751784e-08
-141.62499999999991,4.77018114294923e-08
-141.49999999999994,4.7665244504642565e-08
-141.37499999999994,4.762868068019655e-08
-141.24999999999997,4.759211995322716e-08
-141.125,4.755556232094668e-08
-141.0,4.751900778030567e-08
-140.87500000000003,4.748245632859163e-08
-140.75000000000003,4.7445907962843805e-08
-140.62500000000006,4.7409362680298615e-08
-140.50000000000009,4.737282047802262e-08
-140.37499999999991,4.7336281353367364e-08
-140.24999999999991,4.729974530337182e-08
-140.12499999999994,4.726321232525019e-08
-139.99999999999997,4.722668241589496e-08
-139.87499999999997,4.71901555724831e-08
-139.75,4.715363179195741e-08
-139.625,4.711711107146348e-08
-139.50000000000003,4.7080593408205965e-08
-139.37500000000006,4.7044078799358915e-08
-139.25000000000006,4.700756724214872e-08
-139.12500000000009,4.697105873401065e-08
-138.99999999999991,4.693455327228823e-08
-138.87499999999991,4.6898050854354366e-08
-138.74999999999994,4.6861551477328456e-08
-138.62499999999997,4.682505513848567e-08
-138.49999999999997,4.678856183479678e-08
-138.375,4.6752071563312327e-08
-138.25,4.6715584321013866e-08
-138.12500000000003,4.667910010507874e-08
-138.00000000000006,4.664261891260248e-08
-137.87500000000006,4.6606140740797253e-08
-137.75000000000009,4.656966558686872e-08
-137.62499999999991,4.653319344804926e-08
-137.49999999999994,4.64967243216796e-08
-137.37499999999994,4.646025820507165e-08
-137.24999999999997,4.642379509532551e-08
-137.12499999999997,4.638733498934407e-08
-137.0,4.6350877884229605e-08
-136.87500000000003,4.6314423777028466e-08
-136.75000000000003,4.627797266456148e-08
-136.62500000000006,4.624152454416825e-08
-136.50000000000006,4.620507941314695e-08
-136.37500000000009,4.616863726881455e-08
-136.24999999999991,4.6132198108337866e-08
-136.12499999999994,4.60957619295905e-08
-135.99999999999994,4.6059328729557955e-08
-135.87499999999997,4.6022898505510185e-08
-135.74999999999997,4.598647125480662e-08
-135.625,4.5950046974277624e-08
-135.50000000000003,4.591362566084629e-08
-135.37500000000003,4.5877207311651483e-08
-135.25000000000006,4.584079192396419e-08
-135.12500000000006,4.580437949463979e-08
-135.00000000000009,4.576797002103707e-08
-134.87499999999991,4.573156350051685e-08
-134.74999999999994,4.569515993020654e-08
-134.62499999999994,4.5658759307487027e-08
-134.49999999999997,4.562236162932907e-08
-134.375,4.558596689311433e-08
-134.25,4.554957509563338e-08
-134.12500000000003,4.551318623412902e-08
-134.00000000000003,4.5476800305709715e-08
-133.87500000000006,4.544041730764113e-08
-133.75000000000009,4.540403723724825e-08
-133.62499999999991,4.536766009189225e-08
-133.49999999999991,4.53312858688148e-08
-133.37499999999994,4.529491456528191e-08
-133.24999999999994,4.525854617866291e-08
-133.12499999999997,4.522218070600937e-08
-133.0,4.5185818144370684e-08
-132.875,4.514945849079995e-08
-132.75000000000003,4.5113101742469295e-08
-132.62500000000003,4.507674789654566e-08
-132.50000000000006,4.504039695039531e-08
-132.37500000000009,4.5004048901067276e-08
-132.24999999999991,4.496770374601868e-08
-132.12499999999991,4.493136148262875e-08
-131.99999999999994,4.489502210814587e-08
-131.87499999999994,4.4858685619843564e-08
-131.74999999999997,4.482235201482625e-08
-131.625,4.478602129030634e-08
-131.5,4.474969344315688e-08
-131.37500000000003,4.4713368470779486e-08
-131.25000000000003,4.467704637018136e-08
-131.12500000000006,4.464072713859462e-08
-131.00000000000009,4.4604410773175776e-08
-130.87499999999991,4.456809727138639e-08
-130.74999999999991,4.4531786630242464e-08
-130.62499999999994,4.449547884719374e-08
-130.49999999999997,4.4459173919435484e-08
-130.37499999999997,4.44228718442726e-08
-130.25,4.438657261859949e-08
-130.125,4.4350276239876335e-08
-130.00000000000003,4.4313982705186444e-08
-129.87500000000006,4.4277692011937396e-08
-129.75000000000006,4.42414041572237e-08
-129.62500000000009,4.420511913840147e-08
-129.49999999999991,4.41688369524534e-08
-129.37499999999991,4.4132557596827855e-08
-129.24999999999994,4.4096281068536235e-08
-129.12499999999997,4.406000736501738e-08
-128.99999999999997,4.402373648281628e-08
-128.875,4.3987468419770456e-08
-128.75,4.395120317345088e-08
-128.62500000000003,4.391494074039529e-08
-128.50000000000006,4.387868111788879e-08
-128.37500000000006,4.3842424302784605e-08
-128.25000000000009,4.380617029312279e-08
-128.12499999999991,4.376991908539929e-08
-127.99999999999993,4.3733670677521895e-08
-127.87499999999994,4.369742506600447e-08
-127.74999999999997,4.36611822477423e-08
-127.62499999999999,4.362494222074291e-08
-127.5,4.358870498227945e-08
-127.37500000000001,4.355247052972163e-08
-127.25000000000003,4.351623886008416e-08
-127.12500000000006,4.348000997103507e-08
-127.00000000000007,4.3443783859947515e-08
-126.87500000000009,4.340756052405143e-08
-126.74999999999991,4.337133996062047e-08
-126.62499999999993,4.333512216684127e-08
-126.49999999999994,4.329890713974441e-08
-126.37499999999997,4.326269487692603e-08
-126.24999999999999,4.3226485374904305e-08
-126.125,4.3190278631177904e-08
-126.00000000000001,4.315407464261023e-08
-125.87500000000004,4.311787340653642e-08
-125.75000000000006,4.3081674920034856e-08
-125.62500000000007,4.3045479180641684e-08
-125.50000000000009,4.300928618546907e-08
-125.37499999999991,4.297309593189562e-08
-125.24999999999993,4.293690841709157e-08
-125.12499999999996,4.2900723638717584e-08
-124.99999999999997,4.286454159371277e-08
-124.87499999999999,4.282836227961088e-08
-124.75,4.2792185693551126e-08
-124.62500000000001,4.275601183270033e-08
-124.50000000000004,4.271984069438334e-08
-124.37500000000006,4.268367227589046e-08
-124.25000000000007,4.264750657456115e-08
-124.1249999999999,4.2611343587272656e-08
-123.99999999999991,4.2575183311348325e-08
-123.87499999999994,4.253902574401186e-08
-123.74999999999996,4.250287088232717e-08
-123.62499999999997,4.246671872351656e-08
-123.49999999999999,4.243056926470605e-08
-123.375,4.239442250313983e-08
-123.25000000000003,4.2358278435982665e-08
-123.12500000000004,4.2322137060795857e-08
-123.00000000000006,4.22859983747875e-08
-122.87500000000007,4.2249862375323376e-08
-122.7499999999999,4.221372905969885e-08
-122.62499999999993,4.2177598425501416e-08
-122.49999999999994,4.2141470469870296e-08
-122.37499999999996,4.210534519041114e-08
-122.24999999999997,4.206922258426535e-08
-122.12499999999999,4.203310264874176e-08
-122.00000000000001,4.199698538113437e-08
-121.87500000000003,4.196087077885276e-08
-121.75000000000004,4.1924758838918665e-08
-121.62500000000006,4.1888649558590345e-08
-121.50000000000007,4.1852542935137904e-08
-121.37499999999991,4.181643896555192e-08
-121.24999999999993,4.1780337647181644e-08
-121.12499999999994,4.174423897718498e-08
-120.99999999999996,4.170814295286037e-08
-120.87499999999997,4.167204957113739e-08
-120.75,4.1635958829602647e-08
-120.62500000000001,4.1599870725496365e-08
-120.50000000000003,4.156378525587711e-08
-120.37500000000004,4.1527702418387236e-08
-120.25000000000006,4.1491622209962696e-08
-120.12500000000009,4.145554462829973e-08
-119.99999999999991,4.141946967052041e-08
-119.87499999999993,4.13833973339825e-08
-119.74999999999994,4.134732761595814e-08
-119.62499999999996,4.1311260513773706e-08
-119.49999999999999,4.127519602476702e-08
-119.375,4.123913414612407e-08
-119.25000000000001,4.120307487520426e-08
-119.12500000000003,4.116701820918318e-08
-119.00000000000004,4.1130964145035123e-08
-118.87500000000007,4.109491268045266e-08
-118.75000000000009,4.1058863812280625e-08
-118.62499999999991,4.102281753800816e-08
-118.49999999999993,4.098677385462051e-08
-118.37499999999994,4.0950732759726245e-08
-118.24999999999997,4.0914694250381756e-08
-118.12499999999999,4.087865832407326e-08
-118.0,4.084262497803312e-08
-117.87500000000001,4.080659420959801e-08
-117.75000000000003,4.07705660159773e-08
-117.62500000000006,4.0734540394649445e-08
-117.50000000000007,4.069851734289142e-08
-117.37500000000009,4.066249685785146e-08
-117.24999999999991,4.0626478936903477e-08
-117.12499999999993,4.059046357745059e-08
-116.99999999999996,4.055445077677434e-08
-116.87499999999997,4.0518440532244303e-08
-116.74999999999999,4.048243284121532e-08
-116.625,4.0446427701017455e-08
-116.50000000000001,4.041042510894254e-08
-116.37500000000004,4.0374425062407675e-08
-116.25000000000006,4.033842755858512e-08
-116.12500000000007,4.030243259472884e-08
-116.00000000000009,4.026644016799344e-08
-115.87499999999991,4.023045027577785e-08
-115.74999999999994,4.0194462915158025e-08
-115.62499999999996,4.015847808345464e-08
-115.49999999999997,4.012249577777336e-08
-115.37499999999999,4.0086515995414804e-08
-115.25,4.0050538733634066e-08
-115.12500000000003,4.0014563989795005e-08
-115.00000000000004,3.9978591760991495e-08
-114.87500000000006,3.994262204475601e-08
-114.75000000000007,3.9906654838338435e-08
-114.6249999999999,3.987069013902235e-08
-114.49999999999993,3.983472794450105e-08
-114.37499999999994,3.97987682520646e-08
-114.24999999999996,3.976281105903264e-08
-114.12499999999997,3.972685636283447e-08
-113.99999999999999,3.969090416087931e-08
-113.87500000000001,3.9654954450460134e-08
-113.75000000000003,3.9619007228575134e-08
-113.62500000000004,3.9583062492732e-08
-113.50000000000006,3.9547120239745094e-08
-113.37500000000007,3.951118046703163e-08
-113.2499999999999,3.94752431715564e-08
-113.12499999999993,3.943930835079826e-08
-112.99999999999994,3.94033760017479e-08
-112.87499999999996,3.936744612191123e-08
-112.74999999999997,3.9331518708695834e-08
-112.62499999999999,3.929559375936799e-08
-112.50000000000001,3.925967127164503e-08
-112.37500000000003,3.9223751242783966e-08
-112.25000000000004,3.918783367019059e-08
-112.12500000000006,3.915191855110069e-08
-112.00000000000009,3.9116005883563476e-08
-111.87499999999991,3.908009566489591e-08
-111.74999999999993,3.904418789222327e-08
-111.62499999999994,3.900828256315691e-08
-111.49999999999996,3.8972379674600245e-08
-111.37499999999997,3.893647922422754e-08
-111.25,3.890058120921613e-08
-111.12500000000001,3.886468562692304e-08
-111.00000000000003,3.8828792474071506e-08
-110.87500000000004,3.879290174789732e-08
-110.75000000000006,3.875701344556133e-08
-110.62500000000009,3.872112756436436e-08
-110.49999999999991,3.868524410147094e-08
-110.37499999999993,3.8649363054148994e-08
-110.24999999999994,3.861348441970471e-08
-110.12499999999996,3.857760819565176e-08
-109.99999999999999,3.8541734379127834e-08
-109.875,3.8505862967728296e-08
-109.75000000000001,3.8469993958806086e-08
-109.62500000000003,3.8434127349892525e-08
-109.50000000000004,3.839826313815403e-08
-109.37500000000007,3.836240132113298e-08
-109.25000000000009,3.8326541896055514e-08
-109.12499999999991,3.829068486045512e-08
-108.99999999999993,3.825483021168751e-08
-108.87499999999994,3.821897794709878e-08
-108.74999999999997,3.818312806406371e-08
-108.62499999999999,3.8147280560026726e-08
-108.5,3.811143543243376e-08
-108.37500000000001,3.807559267843269e-08
-108.25000000000003,3.803975229542664e-08
-108.12500000000006,3.8003914280635634e-08
-108.00000000000007,3.796807863114899e-08
-107.87500000000009,3.793224534435369e-08
-107.74999999999991,3.7896414417537483e-08
-107.62499999999993,3.7860585847872894e-08
-107.49999999999996,3.782475963255138e-08
-107.37499999999997,3.778893576914695e-08
-107.24999999999999,3.775311425462222e-08
-107.125,3.7717295086663525e-08
-107.00000000000001,3.7681478262505905e-08
-106.87500000000004,3.7645663779670634e-08
-106.75000000000006,3.760985163525819e-08
-106.62500000000007,3.757404182706519e-08
-106.4999999999999,3.7538234352221343e-08
-106.37499999999991,3.75024292082248e-08
-106.24999999999994,3.746662639253662e-08
-106.12499999999996,3.7430825902607963e-08
-105.99999999999997,3.739502773576635e-08
-105.87499999999999,3.7359231889453285e-08
-105.75,3.732343836087558e-08
-105.62500000000003,3.7287647147300154e-08
-105.50000000000004,3.725185824595938e-08
-105.37500000000006,3.721607165438432e-08
-105.25000000000007,3.7180287369622475e-08
-105.1249999999999,3.714450538895322e-08
-104.99999999999993,3.710872570950269e-08
-104.87499999999994,3.707294832900817e-08
-104.74999999999996,3.7037173244399116e-08
-104.62499999999997,3.7001400453356535e-08
-104.49999999999999,3.6965629953223694e-08
-104.37500000000001,3.692986174134744e-08
-104.25000000000003,3.6894095815014897e-08
-104.12500000000004,3.685833217168763e-08
-104.00000000000006,3.682257080888819e-08
-103.87500000000007,3.678681172395415e-08
-103.74999999999991,3.675105491440108e-08
-103.62499999999993,3.6715300377588764e-08
-103.49999999999994,3.667954811081628e-08
-103.37499999999996,3.664379811160579e-08
-103.24999999999997,3.660805037723694e-08
-103.125,3.6572304905193646e-08
-103.00000000000001,3.653656169255225e-08
-102.87500000000003,3.650082073663863e-08
-102.75000000000004,3.646508203456432e-08
-102.62500000000006,3.6429345583665604e-08
-102.50000000000009,3.639361138113331e-08
-102.37499999999991,3.635787942435365e-08
-102.24999999999993,3.632214971054959e-08
-102.12499999999994,3.6286422237322214e-08
-101.99999999999996,3.6250697001912896e-08
-101.87499999999999,3.62149740020518e-08
-101.75,3.6179253235195156e-08
-101.62500000000001,3.614353469902765e-08
-101.50000000000003,3.610781839084771e-08
-101.37500000000004,3.607210430837622e-08
-101.25000000000007,3.6036392448757247e-08
-101.12500000000009,3.6000682809465564e-08
-100.99999999999991,3.596497538768183e-08
-100.87499999999993,3.592927018075339e-08
-100.74999999999994,3.58935671856252e-08
-100.62499999999997,3.585786639981869e-08
-100.49999999999999,3.5822167820394295e-08
-100.375,3.578647144488437e-08
-100.25000000000001,3.575077727036093e-08
-100.12500000000003,3.571508529426775e-08
-100.00000000000006,3.567939551388701e-08
-99.87500000000007,3.564370792655296e-08
-99.75000000000009,3.560802252973518e-08
-99.62499999999991,3.5572339320930296e-08
-99.49999999999993,3.553665829751095e-08
-99.37499999999994,3.550097945688293e-08
-99.24999999999997,3.546530279665723e-08
-99.12499999999999,3.542962831450886e-08
-99.0,3.539395600781096e-08
-98.87500000000001,3.535828587427553e-08
-98.75000000000003,3.5322617911210276e-08
-98.62500000000006,3.528695211605516e-08
-98.50000000000007,3.525128848586646e-08
-98.37500000000009,3.5215627018107254e-08
-98.24999999999991,3.517996770986558e-08
-98.12499999999993,3.514431055839514e-08
-97.99999999999996,3.510865556084927e-08
-97.87499999999997,3.5073002714560965e-08
-97.74999999999999,3.503735201690031e-08
-97.625,3.5001703465209824e-08
-97.50000000000001,3.4966057056848165e-08
-97.37500000000004,3.4930412789097364e-08
-97.25000000000006,3.4894770659109366e-08
-97.12500000000007,3.485913066416443e-08
-96.9999999999999,3.4823492801424284e-08
-96.87499999999991,3.478785706867015e-08
-96.74999999999994,3.4752223462718813e-08
-96.62499999999996,3.4716591981580324e-08
-96.49999999999997,3.468096262322613e-08
-96.37499999999999,3.464533538547558e-08
-96.25,3.460971026631182e-08
-96.12500000000003,3.457408726353538e-08
-96.00000000000004,3.453846637495281e-08
-95.87500000000006,3.450284759782275e-08
-95.75000000000007,3.446723092973599e-08
-95.6249999999999,3.4431616367627457e-08
-95.49999999999993,3.439600390811064e-08
-95.37499999999994,3.43603935484424e-08
-95.24999999999996,3.432478528537396e-08
-95.12499999999997,3.4289179116143905e-08
-94.99999999999999,3.425357503763507e-08
-94.87500000000001,3.4217973047193013e-08
-94.75000000000003,3.4182373142005766e-08
-94.62500000000004,3.4146775319387635e-08
-94.50000000000006,3.41111795763123e-08
-94.37500000000007,3.4075585910227485e-08
-94.24999999999991,3.4039994318497554e-08
-94.12499999999993,3.4004404798807955e-08
-93.99999999999994,3.396881734879241e-08
-93.87499999999996,3.393323196672602e-08
-93.74999999999997,3.389764865063754e-08
-93.625,3.386206739911424e-08
-93.50000000000001,3.382648821034927e-08
-93.37500000000003,3.37909110822358e-08
-93.25000000000004,3.375533601195449e-08
-93.12500000000006,3.3719762996426534e-08
-93.00000000000009,3.3684192032143703e-08
-92.87499999999991,3.364862311524149e-08
-92.74999999999993,3.36130562417695e-08
-92.62499999999994,3.357749140839508e-08
-92.49999999999996,3.3541928611628416e-08
-92.37499999999999,3.350636784874913e-08
-92.25,3.3470809117058456e-08
-92.12500000000001,3.3435252415065906e-08
-92.00000000000003,3.339969774082424e-08
-91.87500000000004,3.33641450932498e-08
-91.75000000000007,3.332859447090713e-08
-91.62500000000009,3.329304587217347e-08
-91.49999999999991,3.325749929495382e-08
-91.37499999999993,3.322195473716728e-08
-91.24999999999994,3.318641219590695e-08
-91.12499999999997,3.3150871668077516e-08
-90.99999999999999,3.3115333150025774e-08
-90.875,3.30797966380327e-08
-90.75000000000001,3.304426212829744e-08
-90.62500000000003,3.3008729617270076e-08
-90.50000000000006,3.2973199101801946e-08
-90.37500000000007,3.2937670579221327e-08
-90.25000000000009,3.2902144047466627e-08
-90.12499999999991,3.2866619504703046e-08
-89.99999999999993,3.283109694910303e-08
-89.87499999999996,3.279557637914115e-08
-89.74999999999997,3.2760057792627364e-08
-89.62499999999999,3.2724541187421054e-08
-89.5,3.2689026560671097e-08
-89.37500000000001,3.265351390990845e-08
-89.25000000000004,3.261800323186042e-08
-89.12500000000006,3.258249452404308e-08
-89.00000000000007,3.254698778345667e-08
-88.87500000000009,3.251148300776478e-08
-88.74999999999991,3.2475980194172575e-08
-88.62499999999994,3.244047934022853e-08
-88.49999999999996,3.240498044343259e-08
-88.37499999999997,3.23694835012514e-08
-88.24999999999999,3.233398851069232e-08
-88.125,3.229849546900764e-08
-88.00000000000003,3.226300437313129e-08
-87.87500000000004,3.222751522023006e-08
-87.75000000000006,3.2192028007566556e-08
-87.62500000000007,3.215654273284413e-08
-87.4999999999999,3.212105939338523e-08
-87.37499999999991,3.2085577986947717e-08
-87.24999999999994,3.205009851148854e-08
-87.12499999999996,3.2014620964645e-08
-86.99999999999997,3.197914534418358e-08
-86.87499999999999,3.194367164773268e-08
-86.75000000000001,3.1908199872582734e-08
-86.62500000000003,3.187273001626341e-08
-86.50000000000004,3.1837262075881274e-08
-86.37500000000006,3.1801796048983416e-08
-86.25000000000007,3.1766331932645027e-08
-86.1249999999999,3.1730869724480775e-08
-85.99999999999993,3.1695409421720236e-08
-85.87499999999994,3.165995102195863e-08
-85.74999999999996,3.1624494522370385e-08
-85.62499999999997,3.158903992054883e-08
-85.49999999999999,3.15535872136816e-08
-85.37500000000001,3.151813639917614e-08
-85.25000000000003,3.148268747424157e-08
-85.12500000000004,3.144724043641288e-08
-85.00000000000006,3.141179528300694e-08
-84.87500000000007,3.1376352011647936e-08
-84.74999999999991,3.134091061993988e-08
-84.62499999999993,3.130547110559145e-08
-84.49999999999994,3.1270033465991796e-08
-84.37499999999996,3.1234597698987095e-08
-84.24999999999997,3.119916380178466e-08
-84.125,3.116373177184824e-08
-84.00000000000001,3.112830160615798e-08
-83.87500000000003,3.109287330220963e-08
-83.75000000000004,3.105744685720862e-08
-83.62500000000006,3.102202226851742e-08
-83.50000000000009,3.098659953345846e-08
-83.37499999999991,3.095117864950195e-08
-83.24999999999993,3.091575961408737e-08
-83.12499999999994,3.088034242505579e-08
-82.99999999999996,3.0844927079834347e-08
-82.87499999999999,3.080951357619716e-08
-82.75,3.077410191117269e-08
-82.62500000000001,3.073869208270656e-08
-82.50000000000003,3.070328408799151e-08
-82.37500000000004,3.066787792467053e-08
-82.25000000000007,3.0632473590074076e-08
-82.12500000000009,3.059707108185912e-08
-81.99999999999991,3.056167039727379e-08
-81.87499999999993,3.0526271533863004e-08
-81.74999999999994,3.049087448904194e-08
-81.62499999999997,3.045547926015301e-08
-81.49999999999999,3.0420085844499076e-08
-81.375,3.0384694239472856e-08
-81.25000000000001,3.0349304442309495e-08
-81.12500000000003,3.0313916450390654e-08
-81.00000000000006,3.027853026097245e-08
-80.87500000000007,3.0243145871740705e-08
-80.75000000000009,3.020776328008089e-08
-80.62499999999991,3.017238248372429e-08
-80.49999999999993,3.013700347979683e-08
-80.37499999999996,3.010162626633789e-08
-80.24999999999997,3.0066250840537415e-08
-80.12499999999999,3.003087720030065e-08
-80.0,2.999550534265018e-08
-79.87500000000001,2.9960135265450476e-08
-79.75000000000004,2.992476696571002e-08
-79.62500000000006,2.9889400440993184e-08
-79.50000000000007,2.985403568884347e-08
-79.3749999999999,2.98186727066264e-08
-79.24999999999991,2.978331149175895e-08
-79.12499999999994,2.9747952041608158e-08
-78.99999999999996,2.9712594353855524e-08
-78.87499999999997,2.967723842567497e-08
-78.74999999999999,2.9641884254495153e-08
-78.625,2.9606531838031374e-08
-78.50000000000003,2.9571181173396563e-08
-78.37500000000004,2.953583225818722e-08
-78.25000000000006,2.950048508957968e-08
-78.12500000000007,2.9465139665524157e-08
-77.9999999999999,2.9429795983102335e-08
-77.87499999999993,2.939445404034918e-08
-77.74999999999994,2.9359113834463383e-08
-77.62499999999996,2.9323775363167358e-08
-77.49999999999997,2.9288438623843264e-08
-77.37499999999999,2.925310361426396e-08
-77.25000000000001,2.921777033176446e-08
-77.12500000000003,2.918243877380443e-08
-77.00000000000004,2.914710893783312e-08
-76.87500000000006,2.9111780821284524e-08
-76.75000000000007,2.9076454421478546e-08
-76.62499999999991,2.904112973593025e-08
-76.49999999999993,2.9005806761983924e-08
-76.37499999999994,2.897048549724535e-08
-76.24999999999996,2.8935165938833942e-08
-76.12499999999997,2.8899848084244552e-08
-76.0,2.8864531930580075e-08
-75.87500000000001,2.882921747541198e-08
-75.75000000000003,2.8793904716132345e-08
-75.62500000000004,2.875859365024593e-08
-75.50000000000006,2.872328427502589e-08
-75.37500000000009,2.8687976588140375e-08
-75.24999999999991,2.865267058706456e-08
-75.12499999999993,2.8617366269618427e-08
-74.99999999999994,2.8582063633218066e-08
-74.87499999999996,2.8546762675751312e-08
-74.74999999999999,2.8511463394445067e-08
-74.625,2.847616578715909e-08
-74.50000000000001,2.844086985124441e-08
-74.37500000000003,2.8405575584206303e-08
-74.25000000000004,2.837028298334994e-08
-74.12500000000007,2.8334992046378666e-08
-74.00000000000009,2.829970277059994e-08
-73.87499999999991,2.8264415153509506e-08
-73.74999999999993,2.8229129192381785e-08
-73.62499999999994,2.8193844884825725e-08
-73.49999999999996,2.81585622279986e-08
-73.37499999999999,2.8123281219552184e-08
-73.25,2.808800185664705e-08
-73.12500000000001,2.805272413687157e-08
-73.00000000000003,2.8017448057285817e-08
-72.87500000000006,2.7982173615594417e-08
-72.75000000000007,2.794690080909949e-08
-72.62500000000009,2.7911629635380758e-08
-72.49999999999991,2.7876360091907168e-08
-72.37499999999993,2.7841092176479014e-08
-72.24999999999994,2.780582588646321e-08
-72.12499999999997,2.7770561220015802e-08
-71.99999999999999,2.7735298174283655e-08
-71.875,2.770003674706604e-08
-71.75000000000001,2.7664776935584403e-08
-71.62500000000003,2.7629518737803948e-08
-71.50000000000006,2.759426215073546e-08
-71.37500000000007,2.7559007172136293e-08
-71.25000000000009,2.7523753799071728e-08
-71.12499999999991,2.7488502028840197e-08
-70.99999999999993,2.7453251858997673e-08
-70.87499999999996,2.7418003287110164e-08
-70.74999999999997,2.738275631031906e-08
-70.62499999999999,2.734751092649644e-08
-70.5,2.7312267132697815e-08
-70.37500000000001,2.7277024926651948e-08
-70.25000000000004,2.7241784305730955e-08
-70.12500000000006,2.720654526782891e-08
-70.00000000000007,2.7171307809896486e-08
-69.8749999999999,2.713607193008504e-08
-69.74999999999991,2.710083762555095e-08
-69.62499999999994,2.7065604893916388e-08
-69.49999999999996,2.7030373732684976e-08
-69.37499999999997,2.6995144139781272e-08
-69.24999999999999,2.6959916112331925e-08
-69.125,2.6924689647916037e-08
-69.00000000000003,2.6889464744051835e-08
-68.87500000000004,2.6854241398163035e-08
-68.75000000000006,2.681901960748314e-08
-68.62500000000007,2.67837993696878e-08
-68.4999999999999,2.6748580681967457e-08
-68.37499999999993,2.6713363541873124e-08
-68.24999999999994,2.667814794658037e-08
-68.12499999999996,2.664293389384871e-08
-67.99999999999997,2.660772138082703e-08
-67.87499999999999,2.657251040513457e-08
-67.75000000000001,2.6537300964217535e-08
-67.62500000000003,2.650209305576288e-08
-67.50000000000004,2.6466886676924453e-08
-67.37500000000006,2.6431681825647393e-08
-67.25000000000007,2.6396478499253e-08
-67.12499999999991,2.6361276695610435e-08
-66.99999999999993,2.632607641208636e-08
-66.87499999999994,2.6290877646827804e-08
-66.74999999999996,2.6255680396992677e-08
-66.62499999999997,2.6220484660425234e-08
-66.5,2.6185290434342722e-08
-66.37500000000001,2.615009771624355e-08
-66.25000000000003,2.6114906503460587e-08
-66.12500000000004,2.6079716793757028e-08
-66.00000000000006,2.604452858423437e-08
-65.87500000000009,2.600934187243524e-08
-65.74999999999991,2.5974156655485405e-08
-65.62499999999993,2.5938972931109817e-08
-65.49999999999994,2.5903790696584293e-08
-65.37499999999996,2.5868609949686256e-08
-65.24999999999999,2.5833430687519877e-08
-65.125,2.5798252907606306e-08
-65.00000000000001,2.576307660731742e-08
-64.87500000000003,2.5727901784432546e-08
-64.75000000000004,2.5692728435938708e-08
-64.62500000000007,2.5657556559607995e-08
-64.50000000000009,2.5622386153097384e-08
-64.37499999999991,2.558721721445646e-08
-64.24999999999993,2.5552049741341564e-08
-64.12499999999994,2.551688373151399e-08
-63.999999999999964,2.548171918256846e-08
-63.874999999999986,2.544655609195206e-08
-63.75,2.5411394457237403e-08
-63.625000000000014,2.5376234276813815e-08
-63.500000000000036,2.5341075546856434e-08
-63.37500000000005,2.5305918265094918e-08
-63.25000000000007,2.5270762428204485e-08
-63.125000000000085,2.5235608034319978e-08
-62.999999999999915,2.5200455080107215e-08
-62.874999999999936,2.516530356348199e-08
-62.74999999999995,2.51301534816806e-08
-62.624999999999964,2.5095004832105032e-08
-62.499999999999986,2.5059857612381387e-08
-62.375,2.5024711820284806e-08
-62.25000000000002,2.4989567453015126e-08
-62.125000000000036,2.49544245082386e-08
-62.00000000000005,2.491928298336293e-08
-61.87500000000007,2.4884142876345702e-08
-61.750000000000085,2.4849004184496155e-08
-61.62499999999992,2.4813866905604157e-08
-61.499999999999936,2.477873103719342e-08
-61.37499999999995,2.47435965773778e-08
-61.24999999999997,2.4708463523386622e-08
-61.124999999999986,2.4673331873082177e-08
-61.00000000000001,2.463820162363445e-08
-60.87500000000002,2.46030727729126e-08
-60.750000000000036,2.4567945317822456e-08
-60.62500000000006,2.453281925607792e-08
-60.50000000000007,2.449769458463158e-08
-60.37499999999991,2.4462571301181203e-08
-60.24999999999992,2.44274494027678e-08
-60.124999999999936,2.439232888724974e-08
-59.99999999999996,2.4357209751714534e-08
-59.87499999999997,2.432209199388816e-08
-59.74999999999999,2.4286975611192038e-08
-59.62500000000001,2.4251860601343493e-08
-59.50000000000002,2.421674696160348e-08
-59.37500000000004,2.4181634689813842e-08
-59.25000000000006,2.414652378333641e-08
-59.12500000000008,2.4111414240017347e-08
-58.99999999999991,2.4076306057056872e-08
-58.87499999999992,2.4041199232533534e-08
-58.74999999999994,2.400609376372035e-08
-58.62499999999996,2.3970989648513293e-08
-58.49999999999998,2.393588688416353e-08
-58.37499999999999,2.3900785468607304e-08
-58.25000000000001,2.3865685398923622e-08
-58.12500000000003,2.3830586672976822e-08
-58.00000000000004,2.3795489287865473e-08
-57.875000000000064,2.376039324160574e-08
-57.75000000000008,2.372529853120599e-08
-57.62499999999991,2.3690205154648716e-08
-57.49999999999993,2.3655113109202616e-08
-57.37499999999994,2.362002239260586e-08
-57.249999999999964,2.3584933002155862e-08
-57.12499999999998,2.3549844935778322e-08
-56.99999999999999,2.351475819058744e-08
-56.875000000000014,2.347967276426663e-08
-56.75000000000003,2.3444588653852198e-08
-56.62500000000005,2.3409505857148642e-08
-56.500000000000064,2.3374424371175e-08
-56.37500000000008,2.333934419377832e-08
-56.249999999999915,2.3304265321864562e-08
-56.12499999999993,2.3269187753541247e-08
-55.99999999999994,2.3234111486081388e-08
-55.874999999999964,2.3199036517209947e-08
-55.74999999999998,2.316396284420197e-08
-55.625,2.312889046518124e-08
-55.500000000000014,2.309381937719995e-08
-55.37500000000003,2.305874957831277e-08
-55.25000000000005,2.3023681066067282e-08
-55.125000000000064,2.2988613838059478e-08
-55.000000000000085,2.2953547891508764e-08
-54.874999999999915,2.2918483224501942e-08
-54.74999999999993,2.2883419834231862e-08
-54.62499999999995,2.2848357718370623e-08
-54.499999999999964,2.2813296874145637e-08
-54.374999999999986,2.277823729925822e-08
-54.25,2.274317899070784e-08
-54.125000000000014,2.270812194648094e-08
-54.000000000000036,2.2673066163644067e-08
-53.87500000000005,2.2638011640203354e-08
-53.75000000000007,2.260295837326423e-08
-53.625000000000085,2.2567906360874626e-08
-53.499999999999915,2.253285560031048e-08
-53.374999999999936,2.2497806089589995e-08
-53.24999999999995,2.2462757825781502e-08
-53.12499999999997,2.2427710806801557e-08
-52.999999999999986,2.2392665029809078e-08
-52.875,2.2357620492514413e-08
-52.75000000000002,2.2322577192068355e-08
-52.625000000000036,2.2287535126446155e-08
-52.50000000000006,2.2252494292741176e-08
-52.37500000000007,2.2217454688976443e-08
-52.2499999999999,2.2182416312334515e-08
-52.12499999999992,2.2147379160892798e-08
-51.999999999999936,2.2112343231569824e-08
-51.87499999999996,2.2077308522485436e-08
-51.74999999999997,2.2042275030543943e-08
-51.624999999999986,2.2007242753563934e-08
-51.50000000000001,2.1972211688579057e-08
-51.37500000000002,2.1937181833526456e-08
-51.25000000000004,2.1902153185535694e-08
-51.12500000000006,2.1867125742541884e-08
-51.00000000000007,2.1832099501958817e-08
-50.87499999999991,2.1797074461836205e-08
-50.74999999999992,2.1762050619389378e-08
-50.624999999999936,2.1727027972727507e-08
-50.49999999999996,2.1692006518860612e-08
-50.37499999999997,2.1656986255790747e-08
-50.24999999999999,2.16219671805677e-08
-50.12500000000001,2.158694929114716e-08
-50.00000000000003,2.155193258450979e-08
-49.87500000000004,2.1516917058695257e-08
-49.75000000000006,2.1481902710712565e-08
-49.62500000000008,2.1446889538672023e-08
-49.49999999999991,2.141187753948328e-08
-49.37499999999992,2.137686671130911e-08
-49.24999999999994,2.1341857050925627e-08
-49.12499999999996,2.130684855639601e-08
-48.99999999999998,2.12718412244773e-08
-48.87499999999999,2.1236835053207775e-08
-48.75000000000001,2.120183003975919e-08
-48.62500000000003,2.1166826182224833e-08
-48.50000000000004,2.1131823477992322e-08
-48.375000000000064,2.1096821924925107e-08
-48.25000000000008,2.1061821520545867e-08
-48.12499999999991,2.1026822263053222e-08
-47.99999999999993,2.0991824149518296e-08
-47.87499999999994,2.0956827177803774e-08
-47.749999999999964,2.0921831344683348e-08
-47.62499999999998,2.0886836648017287e-08
-47.49999999999999,2.0851843084703923e-08
-47.375000000000014,2.0816850652966395e-08
-47.25000000000003,2.0781859349637732e-08
-47.12500000000005,2.0746869172846164e-08
-47.000000000000064,2.071188011980041e-08
-46.87500000000008,2.0676892188789306e-08
-46.749999999999915,2.064190537684154e-08
-46.62499999999993,2.0606919682143655e-08
-46.49999999999995,2.0571935101455244e-08
-46.374999999999964,2.0536951632720686e-08
-46.24999999999998,2.050196927290527e-08
-46.125,2.046698801991653e-08
-46.000000000000014,2.0432007870821917e-08
-45.875000000000036,2.0397028824042256e-08
-45.75000000000005,2.0362050876702295e-08
-45.625000000000064,2.0327074027076508e-08
-45.500000000000085,2.0292098272277817e-08
-45.374999999999915,2.0257123610522883e-08
-45.249999999999936,2.0222150038594804e-08
-45.12499999999995,2.0187177554606046e-08
-44.999999999999964,2.015220615544974e-08
-44.874999999999986,2.011723583881831e-08
-44.75,2.0082266601815158e-08
-44.62500000000002,2.0047298442625818e-08
-44.500000000000036,2.0012331358228534e-08
-44.37500000000005,1.9977365346773265e-08
-44.25000000000007,1.9942400405230256e-08
-44.125000000000085,1.9907436531869912e-08
-43.999999999999915,1.9872473723332765e-08
-43.874999999999936,1.9837511977956565e-08
-43.74999999999995,1.9802551292561753e-08
-43.62499999999997,1.976759166526043e-08
-43.499999999999986,1.9732633092877862e-08
-43.37500000000001,1.9697675573847723e-08
-43.25000000000002,1.9662719105264902e-08
-43.125000000000036,1.9627763685411996e-08
-43.00000000000006,1.9592809311342346e-08
-42.87500000000007,1.9557855981208448e-08
-42.7499999999999,1.952290369187865e-08
-42.62499999999992,1.9487952441278275e-08
-42.499999999999936,1.9453002226261816e-08
-42.37499999999996,1.9418053044813303e-08
-42.24999999999997,1.9383104893710106e-08
-42.124999999999986,1.9348157771307883e-08
-42.00000000000001,1.931321167440599e-08
-41.87500000000002,1.9278266601756754e-08
-41.75000000000004,1.9243322549955354e-08
-41.62500000000006,1.9208379517696807e-08
-41.50000000000007,1.9173437501818588e-08
-41.37499999999991,1.913849650071561e-08
-41.24999999999992,1.9103556511076957e-08
-41.12499999999994,1.906861753105321e-08
-40.99999999999996,1.9033679557494296e-08
-40.87499999999997,1.899874258829123e-08
-40.74999999999999,1.8963806620500535e-08
-40.62500000000001,1.8928871652411155e-08
-40.50000000000003,1.8893937681086474e-08
-40.37500000000004,1.8859004704681148e-08
-40.25000000000006,1.882407272010265e-08
-40.12500000000008,1.8789141725750736e-08
-39.99999999999991,1.8754211718343567e-08
-39.87499999999993,1.8719282696212915e-08
-39.74999999999994,1.8684354655996525e-08
-39.62499999999996,1.8649427595935196e-08
-39.49999999999998,1.861450151271508e-08
-39.37499999999999,1.857957640478267e-08
-39.250000000000014,1.8544652268991717e-08
-39.12500000000003,1.8509729103743604e-08
-39.00000000000004,1.8474806905948998e-08
-38.875000000000064,1.8439885674140534e-08
-38.75000000000008,1.8404965405024448e-08
-38.624999999999915,1.8370046096908996e-08
-38.49999999999993,1.8335127746329398e-08
-38.37499999999994,1.8300210351835314e-08
-38.249999999999964,1.82652939098626e-08
-38.12499999999998,1.8230378418995485e-08
-38.0,1.8195463875886834e-08
-37.875000000000014,1.816055027900233e-08
-37.75000000000003,1.8125637625163317e-08
-37.62500000000005,1.8090725912957063e-08
-37.500000000000064,1.805581513910759e-08
-37.375000000000085,1.80209053019459e-08
-37.249999999999915,1.7985996398292827e-08
-37.12499999999993,1.7951088426226534e-08
-36.99999999999995,1.7916181382426447e-08
-36.874999999999964,1.7881275265062716e-08
-36.74999999999998,1.7846370070925297e-08
-36.625,1.7811465798511895e-08
-36.500000000000014,1.7776562444692513e-08
-36.375000000000036,1.7741660007969675e-08
-36.25000000000005,1.7706758485159644e-08
-36.12500000000007,1.7671857874921734e-08
-36.000000000000085,1.7636958173721406e-08
-35.874999999999915,1.7602059380323173e-08
-35.749999999999936,1.756716149117522e-08
-35.62499999999995,1.753226450479405e-08
-35.499999999999964,1.749736841734959e-08
-35.374999999999986,1.746247322786962e-08
-35.25,1.7427578932665222e-08
-35.12500000000002,1.7392685530465343e-08
-35.000000000000036,1.7357793017747004e-08
-34.87500000000005,1.7322901393270522e-08
-34.75000000000007,1.7288010653333144e-08
-34.625000000000085,1.725312079662747e-08
-34.49999999999992,1.7218231819689347e-08
-34.374999999999936,1.7183343720864904e-08
-34.24999999999995,1.7148456496673848e-08
-34.12499999999997,1.7113570145866467e-08
-33.999999999999986,1.707868466502537e-08
-33.87500000000001,1.7043800052784327e-08
-33.75000000000002,1.700891630572887e-08
-33.625000000000036,1.6974033422688308e-08
-33.50000000000006,1.6939151400229244e-08
-33.37500000000007,1.6904270237290887e-08
-33.24999999999991,1.6869389930390414e-08
-33.12499999999992,1.6834510478096932e-08
-32.999999999999936,1.679963187708134e-08
-32.87499999999996,1.676475412610321e-08
-32.74999999999997,1.672987722118877e-08
-32.62499999999999,1.66950011612799e-08
-32.50000000000001,1.6660125942001085e-08
-32.37500000000002,1.6625251561974798e-08
-32.25000000000004,1.659037801709068e-08
-32.12500000000006,1.6555505306436483e-08
-32.00000000000008,1.652063342565498e-08
-31.874999999999908,1.6485762373376897e-08
-31.749999999999925,1.6450892146424853e-08
-31.62499999999994,1.6416022743503515e-08
-31.499999999999957,1.6381154161680457e-08
-31.374999999999975,1.6346286399888167e-08
-31.249999999999993,1.6311419454789288e-08
-31.12500000000001,1.627655332520323e-08
-31.000000000000025,1.624168800784943e-08
-30.875000000000043,1.6206823502191842e-08
-30.75000000000006,1.617195980391721e-08
-30.625000000000078,1.6137096912048736e-08
-30.49999999999991,1.6102234822641104e-08
-30.374999999999925,1.606737353441589e-08
-30.249999999999943,1.6032513043567804e-08
-30.12499999999996,1.5997653349034786e-08
-29.99999999999998,1.5962794446817403e-08
-29.874999999999996,1.5927936335791473e-08
-29.75000000000001,1.589307901225512e-08
-29.62500000000003,1.5858222475332943e-08
-29.500000000000046,1.582336672092856e-08
-29.375000000000064,1.5788511748613667e-08
-29.25000000000008,1.5753657554022784e-08
-29.12499999999991,1.5718804136460542e-08
-28.99999999999993,1.5683951491641247e-08
-28.874999999999947,1.5649099618684027e-08
-28.749999999999964,1.561424851356099e-08
-28.624999999999982,1.5579398175386815e-08
-28.499999999999996,1.5544548600249732e-08
-28.375000000000014,1.550969978754598e-08
-28.250000000000032,1.547485173325046e-08
-28.12500000000005,1.5440004436769564e-08
-28.000000000000068,1.5405157894063457e-08
-27.87500000000008,1.537031210463688e-08
-27.749999999999915,1.5335467064223836e-08
-27.624999999999932,1.5300622772270108e-08
-27.49999999999995,1.526577922435165e-08
-27.374999999999964,1.5230936419597873e-08
-27.249999999999982,1.5196094353734908e-08
-27.125,1.5161253026056077e-08
-27.000000000000018,1.512641243222067e-08
-26.875000000000036,1.5091572571628482e-08
-26.75000000000005,1.5056733440066116e-08
-26.625000000000068,1.5021895037020525e-08
-26.500000000000085,1.498705735812534e-08
-26.37499999999992,1.4952220402971697e-08
-26.249999999999936,1.4917384167284197e-08
-26.12499999999995,1.4882548650600359e-08
-25.999999999999968,1.4847713848693575e-08
-25.874999999999986,1.4812879761282036e-08
-25.750000000000004,1.4778046383755681e-08
-25.62500000000002,1.4743213715985678e-08
-25.500000000000036,1.4708381753575923e-08
-25.375000000000053,1.467355049631449e-08
-25.25000000000007,1.463871993951356e-08
-25.124999999999904,1.4603890083046332e-08
-24.99999999999992,1.456906092228775e-08
-24.874999999999936,1.4534232456574083e-08
-24.749999999999954,1.449940468138141e-08
-24.62499999999997,1.4464577596606308e-08
-24.49999999999999,1.442975119728271e-08
-24.375000000000004,1.4394925483418998e-08
-24.25000000000002,1.4360100450009209e-08
-24.12500000000004,1.4325276097227662e-08
-24.000000000000057,1.429045241998098e-08
-23.875000000000075,1.4255629418574096e-08
-23.749999999999904,1.422080708830394e-08
-23.624999999999922,1.4185985428922503e-08
-23.49999999999994,1.4151164435773475e-08
-23.374999999999957,1.4116344109136887e-08
-23.249999999999975,1.4081524444002707e-08
-23.12499999999999,1.4046705440573714e-08
-23.000000000000007,1.4011887093850042e-08
-22.875000000000025,1.3977069404417162e-08
-22.750000000000043,1.3942252366947404e-08
-22.62500000000006,1.3907435981770096e-08
-22.500000000000075,1.3872620243704444e-08
-22.374999999999908,1.3837805153025398e-08
-22.249999999999925,1.3802990704460174e-08
-22.124999999999943,1.3768176898485485e-08
-21.999999999999957,1.3733363729489058e-08
-21.874999999999975,1.3698551198009608e-08
-21.749999999999993,1.3663739298291037e-08
-21.62500000000001,1.3628928031253477e-08
-21.50000000000003,1.3594117391194448e-08
-21.375000000000046,1.355930737892151e-08
-21.25000000000006,1.3524497988859747e-08
-21.125000000000078,1.348968922191481e-08
-20.99999999999991,1.3454881072657382e-08
-20.87499999999993,1.3420073541837597e-08
-20.749999999999943,1.3385266623837088e-08
-20.62499999999996,1.3350460319907344e-08
-20.49999999999998,1.331565462398022e-08
-20.374999999999996,1.328084953730416e-08
-20.250000000000014,1.3246045053918507e-08
-20.12500000000003,1.3211241175174618e-08
-20.000000000000046,1.31764378948313e-08
-19.875000000000064,1.3141635214455903e-08
-19.75000000000008,1.3106833127622242e-08
-19.624999999999915,1.3072031635787383e-08
-19.49999999999993,1.3037230732601374e-08
-19.374999999999947,1.3002430419629024e-08
-19.249999999999964,1.296763069026678e-08
-19.124999999999982,1.2932831546327967e-08
-19.0,1.2898032981118573e-08
-18.875000000000014,1.2863234996491055e-08
-18.750000000000032,1.2828437585805016e-08
-18.62500000000005,1.2793640751070465e-08
-18.500000000000068,1.2758844485483101e-08
-18.375000000000085,1.2724048790942903e-08
-18.249999999999915,1.2689253660576963e-08
-18.124999999999932,1.265445909660264e-08
-17.99999999999995,1.2619665091777298e-08
-17.874999999999968,1.2584871648653215e-08
-17.749999999999982,1.2550078759691714e-08
-17.625,1.2515286427493862e-08
-17.500000000000018,1.2480494644433061e-08
-17.375000000000036,1.2445703413543636e-08
-17.250000000000053,1.241091272698274e-08
-17.125000000000068,1.2376122587779871e-08
-17.000000000000085,1.234133298792396e-08
-16.87499999999992,1.230654393056597e-08
-16.749999999999936,1.2271755407640454e-08
-16.624999999999954,1.2236967422746878e-08
-16.499999999999968,1.2202179967485385e-08
-16.374999999999986,1.2167393045504994e-08
-16.250000000000004,1.2132606648408135e-08
-16.12500000000002,1.2097820779979012e-08
-16.00000000000004,1.2063035431730865e-08
-15.875000000000055,1.2028250607841512e-08
-15.750000000000071,1.1993466299348501e-08
-15.624999999999904,1.195868251031225e-08
-15.49999999999992,1.1923899231603101e-08
-15.374999999999938,1.1889116467736585e-08
-15.249999999999956,1.1854334209073047e-08
-15.124999999999972,1.1819552460471827e-08
-14.99999999999999,1.1784771212041952e-08
-14.875000000000005,1.1749990468911616e-08
-14.750000000000023,1.1715210221133686e-08
-14.62500000000004,1.1680430474257412e-08
-14.500000000000057,1.164565121794027e-08
-14.375000000000075,1.1610872458182812e-08
-14.249999999999906,1.1576094184075336e-08
-14.124999999999924,1.1541316401783056e-08
-13.99999999999994,1.1506539100023747e-08
-13.874999999999957,1.1471762285599171e-08
-13.749999999999975,1.1436985946557013e-08
-13.624999999999991,1.140221008978238e-08
-13.500000000000009,1.1367434703143304e-08
-13.375000000000025,1.1332659794094101e-08
-13.250000000000043,1.1297885350320857e-08
-13.12500000000006,1.1263111379837691e-08
-13.000000000000076,1.1228337869735314e-08
-12.87499999999991,1.1193564828077901e-08
-12.749999999999925,1.1158792241588973e-08
-12.624999999999943,1.112402011937659e-08
-12.49999999999996,1.1089248447324441e-08
-12.374999999999977,1.105447723483866e-08
-12.249999999999995,1.1019706467053813e-08
-12.12500000000001,1.0984936153878156e-08
-12.000000000000028,1.0950166280308789e-08
-11.875000000000046,1.0915396856730162e-08
-11.750000000000062,1.0880627867680964e-08
-11.62500000000008,1.0845859324630186e-08
-11.499999999999911,1.0811091211037057e-08
-11.374999999999929,1.0776323539153991e-08
-11.249999999999945,1.0741556291757167e-08
-11.124999999999963,1.0706789482130178e-08
-10.999999999999979,1.0672023091575111e-08
-10.874999999999996,1.063725713479502e-08
-10.750000000000014,1.060249159188014e-08
-10.62500000000003,1.0567726477937301e-08
-10.500000000000048,1.0532961772357434e-08
-10.375000000000066,1.0498197491694016e-08
-10.250000000000082,1.0463433614156362e-08
-10.124999999999913,1.0428670157108564e-08
-9.99999999999993,1.0393907097896725e-08
-9.874999999999948,1.035914445510441e-08
-9.749999999999964,1.0324382204824451e-08
-9.624999999999982,1.0289620367130515e-08
-9.5,1.0254858916583151e-08
-9.375000000000016,1.0220097874529625e-08
-9.250000000000034,1.0185337213910534e-08
-9.12500000000005,1.0150576957826248e-08
-9.000000000000068,1.0115817077200241e-08
-8.875000000000085,1.0081057597271981e-08
-8.749999999999917,1.0046298486706667e-08
-8.624999999999934,1.0011539772434101e-08
-8.49999999999995,9.976781421305399e-09
-8.374999999999968,9.942023462669488e-09
-8.249999999999984,9.90726586119747e-09
-8.125000000000002,9.872508649112764e-09
-8.00000000000002,9.83775178812635e-09
-7.8750000000000355,9.802995313246438e-09
-7.750000000000053,9.768239183446478e-09
-7.62500000000007,9.733483436841174e-09
-7.500000000000087,9.698728029220741e-09
-7.374999999999919,9.66397300203279e-09
-7.249999999999936,9.629218307103933e-09
-7.124999999999953,9.594463989436519e-09
-6.99999999999997,9.559709997631489e-09
-6.874999999999988,9.524956380478448e-09
-6.750000000000004,9.49020308207297e-09
-6.625000000000021,9.455450155791596e-09
-6.500000000000038,9.4206975412845e-09
-6.375000000000056,9.385945296274012e-09
-6.250000000000073,9.351193355583236e-09
-6.124999999999904,9.316441782028132e-09
-5.999999999999922,9.281690505566107e-09
-5.874999999999939,9.246939593655206e-09
-5.749999999999956,9.212188971682791e-09
-5.6249999999999725,9.17743871134165e-09
-5.499999999999989,9.142688734710257e-09
-5.375000000000007,9.107939116185375e-09
-5.250000000000024,9.073189776928276e-09
-5.125000000000041,9.038440789689089e-09
-5.000000000000058,9.003692079814017e-09
-4.8750000000000755,8.968943711156935e-09
-4.749999999999907,8.934195624031878e-09
-4.624999999999924,8.899447859967519e-09
-4.499999999999941,8.864700392320304e-09
-4.374999999999958,8.829953213331372e-09
-4.249999999999975,8.795206367736262e-09
-4.124999999999992,8.760459746255523e-09
-4.00000000000001,8.725713537825445e-09
-3.8750000000000266,8.690967429526732e-09
-3.7500000000000435,8.656221897660537e-09
-3.625000000000061,8.621476224661205e-09
-3.5000000000000777,8.586731455231642e-09
-3.3749999999999094,8.551986080828956e-09
-3.2499999999999267,8.5172422296449e-09
-3.1249999999999436,8.482496961611976e-09
-2.999999999999961,8.447755891770377e-09
-2.874999999999978,8.413144767192922e-09
-2.7499999999999947,8.385102652085429e-09
-2.625000000000012,8.562544580755735e-09
-2.500000000000029,1.288278673364524e-08
-2.375000000000046,7.24476738607078e-08
-2.250000000000063,6.354938491046059e-07
-2.1250000000000804,4.452144475859997e-06
-1.999999999999912,2.374991648689226e-05
-1.8749999999999292,9.925153763316779e-05
-1.7499999999999463,0.00033547764759667153
-1.6249999999999634,0.0009438270754515379
-1.4999999999999805,0.002266089556122108
-1.3749999999999973,0.004745045909749983
-1.2500000000000144,0.008830213471611167
-1.1250000000000315,0.014844988339359298
-1.0000000000000486,0.022866158542725216
-0.8750000000000657,0.03265805697520936
-0.7500000000000828,0.04367264888385712
-0.6249999999999146,0.05510335994194523
-0.49999999999993167,0.0659799893608262
-0.37499999999994876,0.07530049111593179
-0.24999999999996583,0.08218968461142656
-0.12499999999998292,0.086053620830564
0.0,0.08668340944512073
0.12499999999998292,0.08427298119093211
0.24999999999996583,0.07934752105158588
0.37499999999994876,0.07263212225912226
0.49999999999993167,0.064905433433945
0.6249999999999146,0.05687734868169795
0.7500000000000828,0.049111832894280706
0.8750000000000657,0.04199715535359281
1.0000000000000486,0.0357532949990532
1.1250000000000315,0.03046163487902484
1.2500000000000144,0.026103249024514368
1.3749999999999973,0.022596075037466214
1.4999999999999805,0.019825654297439325
1.6249999999999634,0.017667610326500698
1.7499999999999463,0.01600224615894601
1.8749999999999292,0.014722723637671962
2.0000000000000973,0.01373858588744934
2.1250000000000804,0.012976239066920232
2.250000000000063,0.012377674998116383
2.375000000000046,0.011898349072376734
2.500000000000029,0.011504806906146652
2.625000000000012,0.011172406641289054
2.7499999999999947,0.010883311487989688
2.874999999999978,0.010624816551087211
2.999999999999961,0.010388009341386216
3.1249999999999436,0.01016673012090003
3.2499999999999267,0.009956784844448237
3.3750000000000946,0.009755361633644941
3.5000000000000777,0.009560605896505212
3.625000000000061,0.009371315919655322
3.7500000000000435,0.009186728007545242
3.8750000000000266,0.009006366981087822
4.00000000000001,0.008829943624279019
4.124999999999992,0.008657285367377006
4.249999999999975,0.008488290180885375
4.374999999999958,0.008322896465077771
4.499999999999941,0.008161063815772232
4.624999999999924,0.00800276108164995
4.750000000000092,0.007847959234384564
4.8750000000000755,0.007696627358861182
5.000000000000058,0.007548730622292878
5.125000000000041,0.007404229463398289
5.250000000000024,0.007263079504769454
5.375000000000007,0.007125231868910799
5.499999999999989,0.006990633696997901
5.6249999999999725,0.006859228747591857
5.749999999999956,0.006730958003301277
5.874999999999939,0.006605760245724019
5.999999999999922,0.006483572579128819
6.12500000000009,0.006364330895482004
6.250000000000073,0.006247970280433391
6.375000000000056,0.006134425363647076
6.500000000000038,0.006023630618643601
6.625000000000021,0.005915520617919636
6.750000000000004,0.00581003024904388
6.874999999999988,0.005707094897015369
6.99999999999997,0.005606650597606032
7.124999999999953,0.005508634165807405
7.249999999999936,0.005412983302922646
7.374999999999919,0.0053196366853207906
7.500000000000087,0.005228534037411136
7.62500000000007,0.00513961619100373
7.750000000000053,0.005052825132891454
7.8750000000000355,0.004968104042214104
8.00000000000002,0.004885397318936211
8.125000000000002,0.004804650604581502
8.249999999999984,0.0047258107962100376
8.374999999999968,0.004648826054494073
8.49999999999995,0.004573645806639731
8.624999999999934,0.004500220744810357
8.749999999999917,0.004428502820629724
8.875000000000085,0.004358445236277272
9.000000000000068,0.0042900024326303285
9.12500000000005,0.004223130074858846
9.250000000000034,0.0041577850358345955
9.375000000000016,0.004093925377678611
9.5,0.004031510331736392
9.624999999999982,0.00397050027724023
9.749999999999964,0.003910856718890468
9.874999999999948,0.003852542263563167
9.99999999999993,0.00379552059632925
10.124999999999913,0.0037397564559503113
10.250000000000082,0.0036852156099978863
10.375000000000066,0.0036318648297266553
10.500000000000048,0.0035796718648169207
10.62500000000003,0.0035286054180882907
10.750000000000014,0.003478635120273999
10.874999999999996,0.0034297315049343496
10.999999999999979,0.0033818659835774837
11.124999999999963,0.0033350108210467274
11.249999999999945,0.003289139111225369
11.374999999999929,0.0032442247531024784
11.500000000000096,0.003200242427236511
11.62500000000008,0.0031571675726476413
11.750000000000062,0.0031149763641641925
11.875000000000046,0.003073645690243927
12.000000000000028,0.0030331531312864824
12.12500000000001,0.002993476938449584
12.249999999999995,0.002954596012978118
12.374999999999977,0.002916489886052325
12.49999999999996,0.0028791386991585243
12.624999999999943,0.0028425231849836534
12.749999999999925,0.0028066246488326818
12.875000000000094,0.0027714249505663476
13.000000000000076,0.002736906487054968
13.12500000000006,0.0027030521751428773
13.250000000000043,0.0026698454351167878
13.375000000000025,0.00263727017467051
13.500000000000009,0.0026053107733575343
13.624999999999991,0.002573952067522405
13.749999999999975,0.0025431793357011613
13.874999999999957,0.002512978284480756
13.99999999999994,0.0024833350348069205
14.124999999999924,0.002454236108729762
14.25000000000009,0.0024256684165760945
14.375000000000075,0.0023976192445374716
14.500000000000057,0.0023700762426627246
14.62500000000004,0.002343027413243878
14.750000000000023,0.002316461099584263
14.875000000000005,0.002290365975137783
14.99999999999999,0.0022647310330083195
15.124999999999972,0.002239545575798455
15.249999999999956,0.002214799205796771
15.374999999999938,0.0021904818154932395
15.49999999999992,0.0021665835784123017
15.625000000000089,0.0021430949402535594
15.750000000000071,0.0021200066103300936
15.875000000000055,0.0020973095532947597
16.00000000000004,0.002074994981144937
16.12500000000002,0.0020530543454965553
16.250000000000004,0.0020314793301183438
16.374999999999986,0.0020102618437176077
16.499999999999968,0.00198939401296897
16.624999999999954,0.0019688681757778644
16.749999999999936,0.0019486768747707076
16.87499999999992,0.0019288128510040166
17.000000000000085,0.0019092690378848787
17.125000000000068,0.0018900385552955146
17.250000000000053,0.0018711147039148063
17.375000000000036,0.0018524909597299926
17.500000000000018,0.0018341609687318522
17.625,0.0018161185417870155
17.749999999999982,0.0017983576496811665
17.874999999999968,0.0017808724183271875
17.99999999999995,0.0017636571241324255
18.124999999999932,0.001746706189519534
18.249999999999915,0.0017300141785954587
18.375000000000085,0.001713575792963401
18.500000000000068,0.0016973858676726948
18.62500000000005,0.0016814393673017936
18.750000000000032,0.0016657313821696476
18.875000000000014,0.0016502571246710023
19.0,0.001635011925731232
19.124999999999982,0.0016199912313765454
19.249999999999964,0.0016051905994154956
19.374999999999947,0.0015906056962279144
19.49999999999993,0.0015762322936574917
19.624999999999915,0.001562066266004407
19.75000000000008,0.001548103587114487
19.875000000000064,0.0015343403275615594
20.000000000000046,0.0015207726519197268
20.12500000000003,0.0015073968161224657
20.250000000000014,0.0014942091649055129
20.374999999999996,0.0014812061293306626
20.49999999999998,0.0014683842243876507
20.62499999999996,0.001455740046671461
20.749999999999943,0.0014432702721324279
20.87499999999993,0.0014309716538966604
21.000000000000096,0.0014188410201543503
21.125000000000078,0.0014068752721136718
21.25000000000006,0.0013950713820179972
21.375000000000046,0.0013834263912243104
21.50000000000003,0.0013719374083407036
21.62500000000001,0.0013606016074209852
21.749999999999993,0.001349416226214435
21.874999999999975,0.0013383785644688817
21.999999999999957,0.0013274859822852765
22.124999999999943,0.001316735898522057
22.249999999999925,0.0013061257892476167
22.375000000000092,0.0012956531862392934
22.500000000000075,0.001285315675527306
22.62500000000006,0.0012751108959821657
22.750000000000043,0.0012650365379441061
22.875000000000025,0.0012550903418931602
23.000000000000007,0.001245270097158526
23.12499999999999,0.0012355736406659513
23.249999999999975,0.0012259988557218736
23.374999999999957,0.001216543670833131
23.49999999999994,0.0012072060585610683
23.624999999999922,0.0011979840344089406
23.750000000000092,0.0011888756557415184
23.875000000000075,0.00117987902073587
24.000000000000057,0.0011709922673623014
24.12500000000004,0.0011622135723945077
24.25000000000002,0.0011535411504479721
24.375000000000004,0.0011449732530457446
24.49999999999999,0.0011365081677106995
24.62499999999997,0.0011281442170834554
24.749999999999954,0.0011198797580651257
24.874999999999936,0.0011117131809841414
24.99999999999992,0.0011036429087863619
25.12500000000009,0.0010956673962477707
25.25000000000007,0.0010877851292090297
25.375000000000053,0.001079994623831227
25.500000000000036,0.0010722944258721502
25.62500000000002,0.0010646831099824564
25.750000000000004,0.0010571592790211205
25.874999999999986,0.0010497215633895763
25.999999999999968,0.0010423686203839652
26.12499999999995,0.0010350991335649567
26.249999999999936,0.0010279118121445834
26.37499999999992,0.0010208053903895979
26.500000000000085,0.0010137786270408315
26.625000000000068,0.0010068303047480844
26.75000000000005,0.0009999592295200717
26.875000000000036,0.0009931642301889848
27.000000000000018,0.0009864441578892142
27.125,0.000979797885549836
27.249999999999982,0.0009732243074004235
27.374999999999964,0.0009667223384898204
27.49999999999995,0.0009602909142174649
27.624999999999932,0.0009539289898769203
27.749999999999915,0.0009476355402112321
27.87500000000008,0.0009414095589797849
28.000000000000068,0.0009352500585363067
28.12500000000005,0.0009291560694177133
28.250000000000032,0.0009231266399434646
28.375000000000014,0.0009171608358251399
28.499999999999996,0.0009112577397859297
28.624999999999982,0.0009054164511897704
28.749999999999964,0.0008996360856798292
28.874999999999947,0.0008939157748260938
28.99999999999993,0.0008882546657817895
29.125000000000096,0.0008826519209483869
29.25000000000008,0.0008771067176489466
29.375000000000064,0.0008716182478095781
29.500000000000046,0.0008661857176487736
29.62500000000003,0.0008608083473744062
29.75000000000001,0.0008554853708881694
29.874999999999996,0.0008502160354972628
29.99999999999998,0.0008449996016331092
30.12499999999996,0.0008398353425769226
30.249999999999943,0.0008347225441919265
30.374999999999925,0.0008296605046620509
30.500000000000096,0.0008246485342369198
30.625000000000078,0.0008196859549829681
30.75000000000006,0.0008147721005405124
30.875000000000043,0.0008099063158866203
31.000000000000025,0.000805087957103617
31.12500000000001,0.0008003163911530839
31.249999999999993,0.0007955909956551913
31.374999999999975,0.0007909111586732359
31.499999999999957,0.0007862762785032279
31.62499999999994,0.0007816857634684108
31.749999999999925,0.0007771390317185672
31.875000000000092,0.0007726355110339986
32.00000000000008,0.0007681746386340395
32.12500000000006,0.0007637558609900056
32.25000000000004,0.00075937863364244
32.37500000000002,0.0007550424210225637
32.50000000000001,0.0007507466962778055
32.62499999999999,0.0007464909411013177
32.74999999999997,0.0007422746455653634
32.87499999999996,0.0007380973079584858
32.999999999999936,0.0007339584346263538
33.12499999999992,0.000729857539816196
33.25000000000009,0.0007257941455247235
33.37500000000007,0.0007217677813494645
33.50000000000006,0.0007177779843434104
33.625000000000036,0.0007138242988729004
33.75000000000002,0.000709906276478654
33.87500000000001,0.0007060234757398817
33.999999999999986,0.000702175462141385
34.12499999999997,0.0006983618079435834
34.24999999999995,0.0006945820920553831
34.374999999999936,0.0006908358999098281
34.49999999999992,0.0006871228233424532
34.625000000000085,0.000683442460472284
34.75000000000007,0.0006797944155854058
34.87500000000005,0.0006761782990210511
35.000000000000036,0.0006725937270601322
35.12500000000002,0.00066904032181617
35.25,0.0006655177111285484
35.374999999999986,0.0006620255284580515
35.499999999999964,0.0006585634127846142
35.62499999999995,0.0006551310085072471
35.749999999999936,0.0006517279653460675
35.874999999999915,0.0006483539382464035
36.000000000000085,0.0006450085872849018
36.12500000000007,0.0006416915775776122
36.25000000000005,0.0006384025791899814
36.375000000000036,0.0006351412670487295
36.500000000000014,0.0006319073208555471
36.625,0.0006287004250025864
36.74999999999998,0.0006255202684896892
36.874999999999964,0.0006223665448433228
36.99999999999995,0.0006192389520371768
37.12499999999993,0.0006161371924143849
37.249999999999915,0.0006130609726113317
37.375000000000085,0.000610010003483012
37.500000000000064,0.0006069840000298991
37.62500000000005,0.0006039826813262972
37.75000000000003,0.0006010057704501322
37.875000000000014,0.000598052994414161
38.0,0.0005951240840985529
38.12499999999998,0.0005922187741848247
38.249999999999964,0.0005893368030910871
38.37499999999994,0.0005864779129085841
38.49999999999993,0.0005836418493394837
38.6250000000001,0.0005808283616359051
38.75000000000008,0.0005780372025401406
38.875000000000064,0.0005752681282260581
39.00000000000004,0.0005725208982416474
39.12500000000003,0.000569795275452694
39.250000000000014,0.0005670910259875448
39.37499999999999,0.0005644079191829532
39.49999999999998,0.0005617457275309698
39.62499999999996,0.0005591042266268612
39.74999999999994,0.0005564831951180301
39.87499999999993,0.0005538824146539228
40.00000000000009,0.0005513016698368902
40.12500000000008,0.0005487407481739927
40.25000000000006,0.000546199440029721
40.37500000000004,0.0005436775385796174
40.50000000000003,0.000541174839764775
40.62500000000001,0.0005386911422471988
40.74999999999999,0.0005362262473660071
40.87499999999997,0.0005337799590944571
40.99999999999996,0.0005313520839977751
41.12499999999994,0.0005289424311917792
41.24999999999992,0.0005265508123022682
41.37500000000009,0.0005241770414251718
41.50000000000007,0.0005218209350874346
41.62500000000006,0.000519482312208629
41.75000000000004,0.0005171609940632717
41.87500000000002,0.000514856804243838
42.00000000000001,0.0005125695686244512
42.124999999999986,0.0005102991153252403
42.24999999999997,0.0005080452746773456
42.37499999999996,0.0005058078791885639
42.499999999999936,0.0005035867635096151
42.62499999999992,0.0005013817644010237
42.75000000000009,0.0004991927207005937
42.87500000000007,0.0004970194732914753
43.00000000000006,0.0004948618650707995
43.125000000000036,0.0004927197409188812
43.25000000000002,0.0004905929476689667
43.37500000000001,0.0004884813340775268
43.499999999999986,0.00048638475079507365
43.62499999999997,0.00048430305033749773
43.74999999999995,0.00048223608705791186
43.874999999999936,0.0004801837171189925
43.999999999999915,0.00047814579846580614
44.125000000000085,0.00047612219079911576
44.25000000000007,0.00047411275554915205
44.37500000000005,0.00047211735584984604
44.500000000000036,0.0004701358565135065
44.62500000000002,0.0004681681240059429
44.75,0.0004662140264220141
44.874999999999986,0.00046427343346160533
44.999999999999964,0.0004623462164060154
45.12499999999995,0.00046043224809475355
45.249999999999936,0.0004585314029027318
45.374999999999915,0.00045664355671785087
45.500000000000085,0.0004547685869189654
45.625000000000064,0.00045290637235422833
45.75000000000005,0.0004510567933198001
45.875000000000036,0.00044921973153892194
46.000000000000014,0.00044739507014133947
46.125,0.0004455826936430774
46.24999999999998,0.0004437824879265515
46.374999999999964,0.0004419943402210166
46.49999999999995,0.00044021813908334026
46.62499999999993,0.0004384537743790999
46.749999999999915,0.00043670113726399206
46.87500000000008,0.00043496012016555375
47.000000000000064,0.0004332306167651842
47.12500000000005,0.0004315125219804667
47.25000000000003,0.0004298057319477795
47.375000000000014,0.00042811014400519605
47.49999999999999,0.0004264256566756631
47.62499999999998,0.00042475216965045685
47.749999999999964,0.00042308958377290873
47.87499999999994,0.00042143780102239635
47.99999999999993,0.0004197967244985945
48.12500000000009,0.0004181662584059832
48.25000000000008,0.0004165463080386051
48.375000000000064,0.0004149367797650707
48.50000000000004,0.00041333758101380223
48.62500000000003,0.0004117486202585207
48.75000000000001,0.0004101698070039568
48.87499999999999,0.0004086010517718004
48.99999999999998,0.00040704226608686645
49.12499999999996,0.00040549336246348657
49.24999999999994,0.00040395425439211267
49.37499999999992,0.00040242485632613676
49.50000000000009,0.00040090508366891626
49.62500000000008,0.0003993948527610056
49.75000000000006,0.0003978940808675885
49.87500000000004,0.0003964026861661076
50.00000000000003,0.00039492058773408785
50.12500000000001,0.00039344770553715095
50.24999999999999,0.0003919839604172156
50.37499999999997,0.00039052927408088264
50.49999999999996,0.000389083569088
50.624999999999936,0.0003876467688404046
50.74999999999992,0.00038621879757083833
50.87500000000009,0.0003847995803320364
51.00000000000007,0.00038338904298598054
51.12500000000006,0.0003819871121933203
51.25000000000004,0.0003805937154029548
51.37500000000002,0.0003792087808417736
51.50000000000001,0.00037783223750455523
51.624999999999986,0.00037646401514401844
51.74999999999997,0.00037510404426102406
51.87499999999996,0.00037375225609492736
51.999999999999936,0.0003724085826140731
52.12499999999992,0.0003710729565064369
52.250000000000085,0.00036974531117040557
52.37500000000007,0.00036842558070569693
52.50000000000006,0.0003671136999044144
52.625000000000036,0.00036580960424223674
52.75000000000002,0.00036451322986973806
52.875,0.0003632245136038385
52.999999999999986,0.0003619433929193795
53.12499999999997,0.0003606698059408266
53.24999999999995,0.00035940369143409287
53.374999999999936,0.0003581449887984841
53.499999999999915,0.00035689363805876164
53.625000000000085,0.00035564957985732344
53.75000000000007,0.000354412755446497
53.87500000000005,0.00035318310668094795
54.000000000000036,0.0003519605760101977
54.125000000000014,0.00035074510647125067
54.25,0.00034953664168132793
54.374999999999986,0.00034833512583070763
54.499999999999964,0.0003471405036756673
54.62499999999995,0.0003459527205315293
54.74999999999993,0.0003447717222658057
54.874999999999915,0.000343597455291443
55.000000000000085,0.00034242986656016065
55.125000000000064,0.0003412689035558897
55.25000000000005,0.0003401145142883001
55.37500000000003,0.00033896664728642537
55.500000000000014,0.0003378252515923726
55.625,0.0003366902767551279
55.74999999999998,0.00033556167282444265
55.874999999999964,0.00033443939034481324
55.99999999999994,0.00033332338034954006
56.12499999999993,0.00033221359435487335
56.2500000000001,0.00033110998435423924
56.37500000000008,0.000330012502812549
56.500000000000064,0.00032892110266058563
56.62500000000005,0.00032783573728947026
56.75000000000003,0.0003267563605452051
56.875000000000014,0.00032568292672329277
56.99999999999999,0.00032461539056342903
57.12499999999998,0.0003235537072442712
57.249999999999964,0.0003224978323782766
57.37499999999994,0.0003214477220066137
57.49999999999993,0.00032040333259414214
57.62500000000009,0.0003193646210244629
57.75000000000008,0.0003183315445950352
57.875000000000064,0.0003173040610123613
58.00000000000004,0.00031628212838723566
58.12500000000003,0.0003152657052300607
58.25000000000001,0.000314254750446224
58.37499999999999,0.00031324922333154074
58.49999999999998,0.0003122490835677551
58.62499999999996,0.00031125429121810525
58.74999999999994,0.00031026480672294516
58.87499999999992,0.00030928059089542855
59.00000000000009,0.00030830160491724805
59.12500000000008,0.0003073278103344333
59.25000000000006,0.000306359169053204
59.37500000000004,0.0003053956433358798
59.50000000000002,0.0003044371957968428
59.62500000000001,0.0003034837893985557
59.74999999999999,0.0003025353874476316
59.87499999999997,0.00030159195359095623
59.99999999999996,0.0003006534518118607
60.124999999999936,0.00029971984642634676
60.24999999999992,0.000298791102079359
60.37500000000009,0.0002978671837411087
60.50000000000007,0.0002969480567034439
60.62500000000006,0.000296033686576269
60.750000000000036,0.0002951240392840083
60.87500000000002,0.00029421908106211917
61.00000000000001,0.0002933187784536474
61.124999999999986,0.0002924230983058293
61.24999999999997,0.00029153200776673734
61.37499999999995,0.00029064547428196935
61.499999999999936,0.0002897634655913792
61.62499999999992,0.00028888594972585195
61.750000000000085,0.0002880128950041178
61.87500000000007,0.00028714427002961003
62.00000000000005,0.0002862800436873601
62.125000000000036,0.00028542018514093566
62.25000000000002,0.0002845646638294141
62.375,0.00028371344946439794
62.499999999999986,0.00028286651202706593
62.624999999999964,0.00028202382176526316
62.74999999999995,0.0002811853491906264
62.874999999999936,0.0002803510650757479
62.999999999999915,0.00027952094045137336
63.125000000000085,0.0002786949466036355
63.25000000000007,0.00027787305507132325
63.37500000000005,0.00027705523764318417
63.500000000000036,0.00027624146635526163
63.625000000000014,0.0002754317134882644
63.75,0.0002746259515649693
63.874999999999986,0.00027382415334765715
63.999999999999964,0.00027302629183557827
64.12499999999994,0.00027223234026245235
64.24999999999993,0.00027144227209399734
64.37499999999991,0.0002706560610254904
64.50000000000009,0.00026987368097935614
64.62500000000007,0.00026909510610278976
64.75000000000004,0.0002683203107654036
64.87500000000003,0.00026754926955690675
65.00000000000001,0.0002667819572848109
65.125,0.0002660183489721664
65.24999999999999,0.0002652584198553222
65.37499999999996,0.00026450214538171736
65.49999999999994,0.0002637495012076964
65.62499999999993,0.0002630004631963531
65.7500000000001,0.00026225500741539857
65.87500000000009,0.0002615131101350574
66.00000000000006,0.0002607747478259869
66.12500000000004,0.0002600398971572235
66.25000000000003,0.00025930853499415204
66.37500000000001,0.0002585806383965012
66.5,0.0002578561846163613
66.62499999999997,0.0002571351510962275
66.74999999999996,0.00025641751546706464
66.87499999999994,0.0002557032555463968
66.99999999999993,0.00025499234933641803
67.1250000000001,0.00025428477502212777
67.25000000000007,0.00025358051096948547
67.37500000000006,0.0002528795357235895
67.50000000000004,0.0002521818280068765
67.62500000000003,0.0002514873667173427
67.75000000000001,0.0002507961309267843
67.87499999999999,0.00025010809987906197
67.99999999999997,0.00024942325298838217
68.12499999999996,0.00024874156983760063
68.24999999999994,0.000248063030176545
68.37499999999993,0.0002473876139203579
68.50000000000009,0.00024671530114785817
68.62500000000007,0.00024604607209992156
68.75000000000006,0.00024537990717788066
68.87500000000004,0.00024471678694194343
69.00000000000003,0.00024405669210962892
69.125,0.0002433996035542229
69.24999999999999,0.00024274550230324906
69.37499999999997,0.00024209436953696048
69.49999999999996,0.00024144618658684575
69.62499999999994,0.0002408009349341544
69.74999999999991,0.00024015859620843784
69.87500000000009,0.00023951915218610784
70.00000000000007,0.00023888258478901048
70.12500000000006,0.00023824887608301813
70.25000000000004,0.0002376180082766353
70.37500000000001,0.00023698996371962228
70.5,0.00023636472490163262
70.62499999999999,0.00023574227445086781
70.74999999999997,0.00023512259513274516
70.87499999999996,0.000234505669848583
70.99999999999993,0.00023389148163429832
71.12499999999991,0.0002332800136591212
71.25000000000009,0.00023267124922432214
71.37500000000007,0.0002320651717619546
71.50000000000006,0.0002314617648336109
71.62500000000003,0.00023086101212919298
71.75000000000001,0.0002302628974656958
71.875,0.0002296674047860059
71.99999999999999,0.00022907451815771054
72.12499999999997,0.00022848422177192295
72.24999999999994,0.0002278964999421188
72.37499999999993,0.0002273113371029864
72.49999999999991,0.00022672871780928905
72.62500000000009,0.00022614862673474038
72.75000000000007,0.0002255710486708915
72.87500000000006,0.00022499596852603042
73.00000000000003,0.00022442337132409513
73.12500000000001,0.00022385324220359655
73.25,0.00022328556641655354
73.37499999999999,0.0002227203293274412
73.49999999999996,0.00022215751641214824
73.62499999999994,0.0002215971132569478
73.74999999999993,0.00022103910555747798
73.87499999999991,0.00022048347911773507
74.00000000000009,0.00021993021984907497
74.12500000000007,0.0002193793137692289
74.25000000000004,0.00021883074700132643
74.37500000000003,0.00021828450577293152
74.50000000000001,0.00021774057641508747
74.625,0.00021719894536137308
74.74999999999999,0.00021665959914696784
74.87499999999996,0.00021612252440772822
74.99999999999994,0.0002155877078792727
75.12499999999993,0.00021505513639607813
75.2500000000001,0.00021452479689058388
75.37500000000009,0.0002139966763923071
75.50000000000006,0.00021347076202696597
75.62500000000004,0.00021294704101561428
75.75000000000003,0.00021242550067378252
75.87500000000001,0.00021190612841063034
76.0,0.00021138891172810682
76.12499999999997,0.00021087383822012
76.24999999999996,0.00021036089557171454
76.37499999999994,0.00020985007155825913
76.49999999999993,0.0002093413540446408
76.6250000000001,0.0002088347309844696
76.75000000000007,0.00020833019041928926
76.87500000000006,0.0002078277204777991
77.00000000000004,0.00020732730937508096
77.12500000000003,0.00020682894541183591
77.25000000000001,0.00020633261697362897
77.37499999999999,0.00020583831253014124
77.49999999999997,0.00020534602063442954
77.62499999999996,0.0002048557299221941
77.74999999999994,0.00020436742911105396
77.87499999999993,0.00020388110699982948
78.00000000000009,0.00020339675246783178
78.12500000000007,0.00020291435447416102
78.25000000000006,0.0002024339020570099
78.37500000000004,0.0002019553843329761
78.50000000000003,0.00020147879049638002
78.625,0.00020100410981859163
78.74999999999999,0.00020053133164736159
78.87499999999997,0.00020006044540616202
78.99999999999996,0.00019959144059353092
79.12499999999994,0.00019912430678242643
79.24999999999991,0.00019865903361958486
79.37500000000009,0.00019819561082488717
79.50000000000007,0.0001977340281907305
79.62500000000006,0.0001972742755814075
79.75000000000004,0.0001968163429324898
79.87500000000001,0.0001963602202502202
80.0,0.00019590589761090885
80.12499999999999,0.00019545336516033657
80.24999999999997,0.00019500261311316405
80.37499999999996,0.00019455363175234725
80.49999999999993,0.00019410641142855693
80.62499999999991,0.00019366094255960663
80.75000000000009,0.00019321721562988396
80.87500000000007,0.00019277522118978877
81.00000000000006,0.00019233494985517713
81.12500000000003,0.00019189639230680994
81.25000000000001,0.0001914595392898074
81.375,0.00019102438161310926
81.49999999999999,0.0001905909101489397
81.62499999999997,0.00019015911583227795
81.74999999999994,0.0001897289896603337
81.87499999999993,0.00018930052269202892
81.99999999999991,0.0001888737060474823
82.12500000000009,0.00018844853090750174
82.25000000000007,0.00018802498851307892
82.37500000000004,0.00018760307016489107
82.50000000000003,0.00018718276722280648
82.62500000000001,0.00018676407110539505
82.75,0.00018634697328944374
82.87499999999999,0.00018593146530947635
82.99999999999996,0.00018551753875727851
83.12499999999994,0.0001851051852814266
83.24999999999993,0.00018469439658682163
83.37499999999991,0.00018428516443422743
83.50000000000009,0.00018387748063981345
83.62500000000006,0.00018347133707470242
83.75000000000004,0.0001830667256645208
83.87500000000003,0.0001826636383889561
84.00000000000001,0.00018226206728131532
84.125,0.00018186200442809092
84.24999999999997,0.00018146344196852808
84.37499999999996,0.00018106637209419827
84.49999999999994,0.00018067078704857515
84.62499999999993,0.0001802766791266152
84.7500000000001,0.00017988404067434294
84.87500000000007,0.00017949286408843918
85.00000000000006,0.00017910314181583347
85.12500000000004,0.00017871486635330077
85.25000000000003,0.00017832803024706118
85.37500000000001,0.00017794262609238464
85.49999999999999,0.00017755864653319772
85.62499999999997,0.0001771760842616956
85.74999999999996,0.00017679493201795663
85.87499999999994,0.0001764151825895612
85.99999999999993,0.00017603682881121347
86.1250000000001,0.00017565986356436766
86.25000000000007,0.00017528427977685665
86.37500000000006,0.00017491007042252528
86.50000000000004,0.00017453722852086626
86.62500000000003,0.00017416574713666015
86.75000000000001,0.00017379561937961742
86.87499999999999,0.00017342683840402556
86.99999999999997,0.00017305939740839754
87.12499999999996,0.0001726932896351255
87.24999999999994,0.00017232850837013561
87.37499999999991,0.00017196504694254723
87.50000000000009,0.0001716028987243356
87.62500000000007,0.00017124205712999688
87.75000000000006,0.00017088251561621598
87.87500000000004,0.00017052426768153923
88.00000000000003,0.00017016730686604794
88.125,0.00016981162675103637
88.24999999999999,0.0001694572209586921
88.37499999999997,0.00016910408315177965
88.49999999999996,0.00016875220703332528
88.62499999999994,0.00016840158634630692
88.74999999999991,0.00016805221487334578
88.87500000000009,0.00016770408643640075
89.00000000000007,0.0001673571948964656
89.12500000000006,0.0001670115341532694
89.25000000000004,0.00016666709814497924
89.37500000000001,0.00016632388084790646
89.5,0.00016598187627621448
89.62499999999999,0.00016564107848163044
89.74999999999997,0.00016530148155315764
89.87499999999996,0.0001649630796167921
89.99999999999993,0.00016462586683524072
90.12499999999991,0.00016428983740764228
90.25000000000009,0.0001639549855692906
90.37500000000007,0.00016362130559136075
90.50000000000006,0.00016328879178063727
90.62500000000003,0.00016295743847924492
90.75000000000001,0.00016262724006438234
90.875,0.0001622981909480575
90.99999999999999,0.0001619702855768258
91.12499999999997,0.0001616435184315309
91.24999999999994,0.00016131788402704714
91.37499999999993,0.00016099337691202474
91.49999999999991,0.00016066999166863686
91.62500000000009,0.0001603477229123287
91.75000000000007,0.00016002656529156962
91.87500000000004,0.0001597065134876063
92.00000000000003,0.00015938756221421841
92.12500000000001,0.00015906970621747663
92.25,0.00015875294027550198
92.37499999999999,0.00015843725919822862
92.49999999999996,0.00015812265782716764
92.62499999999994,0.00015780913103517405
92.74999999999993,0.0001574966737262148
92.8750000000001,0.00015718528083513998
93.00000000000009,0.00015687494732745519
93.12500000000006,0.00015656566819909615
93.25000000000004,0.00015625743847620527
93.37500000000003,0.0001559502532149098
93.50000000000001,0.00015564410750110156
93.625,0.00015533899645021966
93.74999999999997,0.00015503491520703342
93.87499999999996,0.00015473185894542915
93.99999999999994,0.00015442982286819655
94.12499999999993,0.00015412880220681935
94.2500000000001,0.00015382879222126545
94.37500000000007,0.00015352978819978144
94.50000000000006,0.00015323178545868584
94.62500000000004,0.00015293477934216697
94.75000000000003,0.00015263876522208036
94.87500000000001,0.00015234373849774973
94.99999999999999,0.00015204969459576734
95.12499999999997,0.0001517566289697994
95.24999999999996,0.00015146453710038915
95.37499999999994,0.00015117341449476574
95.49999999999993,0.00015088325668665128
95.62500000000009,0.00015059405923607114
95.75000000000007,0.00015030581772916614
95.87500000000006,0.00015001852777800492
96.00000000000004,0.00014973218502039922
96.12500000000003,0.0001494467851197196
96.25,0.0001491623237647138
96.37499999999999,0.00014887879666932493
96.49999999999997,0.00014859619957251376
96.62499999999996,0.00014831452823808056
96.74999999999994,0.00014803377845448845
96.87499999999991,0.00014775394603469
97.00000000000009,0.00014747502681595323
97.12500000000007,0.00014719701665969053
97.25000000000006,0.00014691991145128765
97.37500000000004,0.0001466437070999358
97.50000000000001,0.00014636839953846277
97.625,0.0001460939847231683
97.74999999999999,0.00014582045863365778
97.87499999999997,0.00014554781727268008
97.99999999999996,0.00014527605666596465
98.12499999999993,0.00014500517286206114
98.24999999999991,0.00014473516193218023
98.37500000000009,0.00014446601997003539
98.50000000000007,0.00014419774309168607
98.62500000000006,0.00014393032743538242
98.75000000000003,0.00014366376916141095
98.87500000000001,0.00014339806445194163
99.0,0.0001431332095108761
99.12499999999999,0.00014286920056369776
99.24999999999997,0.00014260603385732106
99.37499999999994,0.00014234370565994504
99.49999999999993,0.0001420822122609055
99.62499999999991,0.00014182154997052998
99.75000000000009,0.0001415617151199928
99.87500000000007,0.00014130270406117234
100.00000000000006,0.00014104451316650836
100.12500000000003,0.00014078713882886148
100.25000000000001,0.00014053057746137316
100.375,0.00014027482549732695
100.49999999999999,0.00014001987939001102
100.62499999999997,0.0001397657356125815
100.74999999999994,0.00013951239065792723
100.87499999999993,0.0001392598410385355
100.99999999999991,0.00013900808328635886
101.12500000000009,0.0001387571139526828
101.25000000000007,0.00013850692960799504
101.37500000000004,0.0001382575268418552
101.50000000000003,0.00013800890226276584
101.62500000000001,0.0001377610524980445
101.75,0.00013751397419369657
101.87499999999999,0.00013726766401428938
101.99999999999996,0.00013702211864282697
102.12499999999994,0.0001367773347806264
102.24999999999993,0.00013653330914719457
102.3750000000001,0.00013629003848010632
102.50000000000009,0.00013604751953488308
102.62500000000006,0.00013580574908487325
102.75000000000004,0.00013556472392113277
102.87500000000003,0.000135324440852307
103.00000000000001,0.00013508489670451335
103.125,0.00013484608832122546
103.24999999999997,0.0001346080125631568
103.37499999999996,0.0001343706663081467
103.49999999999994,0.00013413404645104676
103.62499999999993,0.00013389814990360794
103.7500000000001,0.00013366297359436807
103.87500000000007,0.0001334285144685418
104.00000000000006,0.00013319476948790986
104.12500000000004,0.00013296173563070987
104.25000000000003,0.00013272940989152797
104.37500000000001,0.00013249778928119138
104.49999999999999,0.00013226687082666091
104.62499999999997,0.00013203665157092588
104.74999999999996,0.00013180712857289837
104.87499999999994,0.00013157829890730966
104.99999999999993,0.00013135015966460564
105.12500000000009,0.00013112270795084504
105.25000000000007,0.00013089594088759677
105.37500000000006,0.00013066985561183933
105.50000000000004,0.00013044444927586032
105.62500000000003,0.00013021971904715647
105.75,0.00012999566210833543
105.87499999999999,0.00012977227565701718
105.99999999999997,0.00012954955690573693
106.12499999999996,0.00012932750308184844
106.24999999999994,0.00012910611142742833
106.37499999999991,0.00012888537919918084
106.50000000000009,0.00012866530366834335
106.62500000000007,0.000128445882120593
106.75000000000006,0.00012822711185595336
106.87500000000004,0.00012800899018870256
107.00000000000001,0.00012779151444728133
107.125,0.00012757468197420287
107.24999999999999,0.00012735849012596151
107.37499999999997,0.00012714293627294422
107.49999999999996,0.00012692801779934091
107.62499999999993,0.00012671373210305716
107.74999999999991,0.00012650007659562571
107.87500000000009,0.0001262870487021206
108.00000000000007,0.00012607464586106984
108.12500000000006,0.00012586286552437097
108.25000000000003,0.00012565170515720548
108.37500000000001,0.000125441162237955
108.5,0.0001252312342581173
108.62499999999999,0.00012502191872222366
108.74999999999997,0.00012481321314775627
108.87499999999994,0.0001246051150650663
108.99999999999993,0.00012439762201729316
109.12499999999991,0.00012419073156028353
109.25000000000009,0.00012398444126251123
109.37500000000007,0.00012377874870499864
109.50000000000004,0.0001235736514812369
109.62500000000003,0.00012336914719710844
109.75000000000001,0.00012316523347080882
109.875,0.0001229619079327703
109.99999999999999,0.00012275916822558432
110.12499999999996,0.00012255701200392652
110.24999999999994,0.00012235543693448096
110.37499999999993,0.00012215444069586513
110.49999999999991,0.00012195402097855589
110.62500000000009,0.00012175417548481598
110.75000000000006,0.00012155490192861993
110.87500000000004,0.00012135619803558276
111.00000000000003,0.00012115806154288686
111.12500000000001,0.00012096049019921117
111.25,0.00012076348176465957
111.37499999999997,0.00012056703401069044
111.49999999999996,0.00012037114472004696
111.62499999999994,0.00012017581168668719
111.74999999999993,0.00011998103271571482
111.8750000000001,0.00011978680562331121
112.00000000000009,0.00011959312823666704
112.12500000000006,0.00011939999839391415
112.25000000000004,0.00011920741394405931
112.37500000000003,0.00011901537274691746
112.50000000000001,0.00011882387267304508
112.62499999999999,0.00011863291160367537
112.74999999999997,0.00011844248743065297
112.87499999999996,0.00011825259805636873
112.99999999999994,0.00011806324139369582
113.12499999999993,0.00011787441536592663
113.2500000000001,0.00011768611790670855
113.37500000000007,0.00011749834695998161
113.50000000000006,0.0001173111004799162
113.62500000000004,0.00011712437643085057
113.75000000000003,0.00011693817278722989
113.87500000000001,0.00011675248753354497
113.99999999999999,0.00011656731866427143
114.12499999999997,0.00011638266418380995
114.24999999999996,0.00011619852210642588
114.37499999999994,0.0001160148904561904
114.49999999999993,0.00011583176726692106
114.62500000000009,0.00011564915058212408
114.75000000000007,0.00011546703845493505
114.87500000000006,0.00011528542894806258
115.00000000000004,0.00011510432013373024
115.12500000000003,0.00011492371009361987
115.25,0.00011474359691881529
115.37499999999999,0.00011456397870974593
115.49999999999997,0.00011438485357613125
115.62499999999996,0.00011420621963692566
115.74999999999994,0.00011402807502026318
115.87499999999991,0.00011385041786340294
116.00000000000009,0.0001136732463126751
116.12500000000007,0.0001134965585234272
116.25000000000006,0.00011332035265997043
116.37500000000004,0.00011314462689552716
116.50000000000001,0.00011296937941217793
116.625,0.00011279460840080916
116.74999999999999,0.00011262031206106182
116.87499999999997,0.00011244648860127934
116.99999999999996,0.00011227313623845651
117.12499999999993,0.0001121002531981889
117.24999999999991,0.0001119278377146219
117.37500000000009,0.00011175588803040101
117.50000000000007,0.00011158440239662165
117.62500000000006,0.00011141337907278003
117.75000000000003,0.00011124281632672362
117.87500000000001,0.0001110727124346027
118.0,0.00011090306568082164
118.12499999999999,0.00011073387435799089
118.24999999999997,0.00011056513676687931
118.37499999999994,0.00011039685121636667
118.49999999999993,0.0001102290160233964
118.62499999999991,0.00011006162951292883
118.75000000000009,0.00010989469001789516
118.87500000000007,0.00010972819587915093
119.00000000000004,0.00010956214544543038
119.12500000000003,0.00010939653707330069
119.25000000000001,0.0001092313691271172
119.375,0.00010906663997897795
119.49999999999999,0.00010890234800867934
119.62499999999996,0.00010873849160367155
119.74999999999994,0.00010857506915901434
119.87499999999993,0.0001084120790773339
120.0000000000001,0.00010824951976877878
120.12500000000009,0.00010808738965097759
120.25000000000006,0.00010792568714899511
120.37500000000004,0.00010776441069529066
120.50000000000003,0.00010760355872967537
120.62500000000001,0.0001074431296992707
120.75,0.00010728312205846641
120.87499999999997,0.00010712353426887907
120.99999999999996,0.00010696436479931093
121.12499999999994,0.00010680561212570957
121.24999999999993,0.0001066472747311265
121.3750000000001,0.0001064893511056777
121.50000000000007,0.0001063318397465029
121.62500000000006,0.00010617473915772625
121.75000000000004,0.00010601804785041639
121.87500000000003,0.00010586176434254791
122.00000000000001,0.00010570588715896155
122.12499999999999,0.00010555041483132591
122.24999999999997,0.00010539534589809862
122.37499999999996,0.00010524067890448869
122.49999999999994,0.0001050864124024179
122.62499999999993,0.00010493254495048359
122.75000000000009,0.00010477907511392113
122.87500000000007,0.0001046260014645662
123.00000000000006,0.0001044733225808184
123.12500000000004,0.00010432103704760432
123.25000000000003,0.000104169143456341
123.375,0.00010401764040489963
123.49999999999999,0.00010386652649756985
123.62499999999997,0.00010371580034502366
123.74999999999996,0.00010356546056428017
123.87499999999994,0.00010341550577867025
123.99999999999991,0.00010326593461780155
124.12500000000009,0.0001031167457175236
124.25000000000007,0.00010296793771989315
124.37500000000006,0.00010281950927313987
124.50000000000004,0.00010267145903163195
124.62500000000001,0.00010252378565584238
124.75,0.00010237648781231494
124.87499999999999,0.00010222956417363112
124.99999999999997,0.00010208301341837633
125.12499999999996,0.00010193683423110737
125.24999999999993,0.00010179102530231898
125.37499999999991,0.00010164558532841224
125.50000000000009,0.0001015005130116607
125.62500000000007,0.00010135580706017971
125.75000000000006,0.0001012114661878929
125.87500000000004,0.00010106748911450149
126.00000000000001,0.00010092387456545216
126.125,0.00010078062127190573
126.24999999999999,0.00010063772797070621
126.37499999999997,0.00010049519340434945
126.49999999999994,0.00010035301632095265
126.62499999999993,0.00010021119547422365
126.74999999999991,0.00010006972962343061
126.87500000000009,9.992861753337183e-05
127.00000000000007,9.978785797434519e-05
127.12500000000006,9.964744972212055e-05
127.25000000000003,9.950739155790757e-05
127.37500000000001,9.936768226832642e-05
127.5,9.922832064537949e-05
127.62499999999999,9.908930548642251e-05
127.74999999999997,9.895063559413577e-05
127.87499999999994,9.88123097764934e-05
127.99999999999993,9.867432684673781e-05
128.12499999999991,9.853668562334807e-05
128.25000000000009,9.839938493001362e-05
128.37500000000006,9.826242359560721e-05
128.50000000000006,9.812580045415587e-05
128.62500000000003,9.798951434481316e-05
128.75,9.785356411183141e-05
128.875,9.771794860453658e-05
128.99999999999997,9.75826666772988e-05
129.12499999999997,9.744771718950653e-05
129.24999999999994,9.731309900554008e-05
129.37499999999991,9.717881099474465e-05
129.50000000000009,9.70448520314039e-05
129.62500000000009,9.691122099471316e-05
129.75000000000006,9.677791676875393e-05
129.87500000000006,9.664493824246806e-05
130.00000000000003,9.65122843096311e-05
130.125,9.637995386882775e-05
130.25,9.62479458234258e-05
130.37499999999997,9.611625908155103e-05
130.49999999999997,9.598489255606173e-05
130.62499999999994,9.58538451645244e-05
130.74999999999991,9.572311582918871e-05
130.87500000000009,9.55927034769623e-05
131.00000000000009,9.5462607039387e-05
131.12500000000006,9.533282545261383e-05
131.25000000000003,9.520335765737926e-05
131.37500000000003,9.507420259898038e-05
131.5,9.494535922725219e-05
131.625,9.481682649654282e-05
131.74999999999997,9.468860336569036e-05
131.87499999999994,9.456068879799938e-05
131.99999999999994,9.443308176121741e-05
132.12499999999991,9.430578122751218e-05
132.25000000000009,9.417878617344792e-05
132.37500000000009,9.405209557996309e-05
132.50000000000006,9.392570843234693e-05
132.62500000000003,9.379962372021774e-05
132.75000000000003,9.36738404374993e-05
132.875,9.35483575823996e-05
133.0,9.342317415738799e-05
133.12499999999997,9.329828916917346e-05
133.24999999999994,9.317370162868214e-05
133.37499999999994,9.304941055103652e-05
133.49999999999991,9.29254149555328e-05
133.62500000000009,9.28017138656198e-05
133.75000000000009,9.267830630887702e-05
133.87500000000006,9.255519131699412e-05
134.00000000000003,9.243236792574906e-05
134.12500000000003,9.230983517498759e-05
134.25,9.218759210860226e-05
134.375,9.206563777451166e-05
134.49999999999997,9.194397122463953e-05
134.62499999999994,9.182259151489454e-05
134.74999999999994,9.170149770514994e-05
134.87499999999991,9.158068885922281e-05
135.00000000000009,9.146016404485434e-05
135.12500000000006,9.13399223336898e-05
135.25000000000006,9.12199628012581e-05
135.37500000000003,9.110028452695277e-05
135.50000000000003,9.098088659401188e-05
135.625,9.086176808949855e-05
135.74999999999997,9.074292810428157e-05
135.87499999999997,9.062436573301675e-05
135.99999999999994,9.050608007412613e-05
136.12499999999994,9.038807022978034e-05
136.24999999999991,9.027033530587886e-05
136.37500000000009,9.015287441203089e-05
136.50000000000006,9.003568666153735e-05
136.62500000000006,8.991877117137187e-05
136.75000000000003,8.98021270621621e-05
136.87500000000003,8.968575345817135e-05
137.0,8.956964948728098e-05
137.12499999999997,8.945381428097134e-05
137.24999999999997,8.933824697430421e-05
137.37499999999994,8.922294670590495e-05
137.49999999999994,8.910791261794369e-05
137.62499999999991,8.899314385611896e-05
137.75000000000009,8.887863956963858e-05
137.87500000000006,8.876439891120328e-05
138.00000000000006,8.865042103698844e-05
138.12500000000003,8.853670510662708e-05
138.25,8.842325028319246e-05
138.375,8.831005573318124e-05
138.49999999999997,8.819712062649626e-05
138.62499999999997,8.808444413642952e-05
138.74999999999994,8.79720254396456e-05
138.87499999999991,8.78598637161645e-05
139.00000000000009,8.774795814934491e-05
139.12500000000009,8.763630792586826e-05
139.25000000000006,8.752491223572158e-05
139.37500000000006,8.741377027218124e-05
139.50000000000003,8.730288123179668e-05
139.625,8.719224431437483e-05
139.75,8.708185872296333e-05
139.87499999999997,8.697172366383469e-05
139.99999999999997,8.68618383464709e-05
140.12499999999994,8.675220198354728e-05
140.24999999999991,8.664281379091656e-05
140.37500000000009,8.653367298759402e-05
140.50000000000009,8.64247787957411e-05
140.62500000000006,8.63161304406502e-05
140.75000000000003,8.620772715072948e-05
140.87500000000003,8.609956815748778e-05
141.0,8.5991652695519e-05
141.125,8.58839800024871e-05
141.24999999999997,8.577654931911148e-05
141.37499999999994,8.566935988915183e-05
141.49999999999994,8.556241095939303e-05
141.62499999999991,8.54557017796309e-05
141.75000000000009,8.534923160265716e-05
141.87500000000009,8.524299968424498e-05
142.00000000000006,8.513700528313438e-05
142.12500000000003,8.503124766101796e-05
142.25000000000003,8.492572608252659e-05
142.375,8.482043981521505e-05
142.5,8.471538812954815e-05
142.62499999999997,8.461057029888627e-05
142.74999999999994,8.450598559947159e-05
142.87499999999994,8.440163331041458e-05
142.99999999999991,8.429751271367937e-05
143.12500000000009,8.419362309407064e-05
143.25000000000006,8.408996373921946e-05
143.37500000000006,8.398653393956982e-05
143.50000000000003,8.38833329883654e-05
143.62500000000003,8.378036018163578e-05
143.75,8.367761481818305e-05
143.87499999999997,8.357509619956855e-05
143.99999999999997,8.347280363009935e-05
144.12499999999994,8.337073641681629e-05
144.24999999999994,8.32688938694792e-05
144.37499999999991,8.316727530055557e-05
144.50000000000009,8.30658800252059e-05
144.62500000000006,8.296470736127223e-05
144.75000000000006,8.286375662926472e-05
144.87500000000003,8.276302715234916e-05
145.00000000000003,8.266251825633448e-05
145.125,8.25622292696595e-05
145.24999999999997,8.246215952338147e-05
145.37499999999997,8.236230835116259e-05
145.49999999999994,8.226267508925864e-05
145.62499999999994,8.216325907650593e-05
145.74999999999991,8.206405965430955e-05
145.87500000000009,8.196507616663068e-05
146.00000000000006,8.186630795997511e-05
146.12500000000006,8.176775438338077e-05
146.25000000000003,8.166941478840595e-05
146.37500000000003,8.157128852911772e-05
146.5,8.147337496207961e-05
146.62499999999997,8.137567344634026e-05
146.74999999999997,8.127818334342115e-05
146.87499999999994,8.118090401730605e-05
146.99999999999991,8.108383483442808e-05
147.12500000000009,8.098697516365904e-05
147.25000000000009,8.089032437629765e-05
147.37500000000006,8.079388184605859e-05
147.50000000000006,8.069764694906037e-05
147.62500000000003,8.060161906381506e-05
147.75,8.050579757121662e-05
147.875,8.041018185452991e-05
147.99999999999997,8.031477129937969e-05
148.12499999999997,8.021956529373978e-05
148.24999999999994,8.012456322792167e-05
148.37499999999991,8.00297644945639e-05
148.50000000000009,7.993516848862148e-05
148.62500000000009,7.984077460735453e-05
148.75000000000006,7.974658225031798e-05
148.87500000000006,7.96525908193508e-05
149.00000000000003,7.955879971856539e-05
149.125,7.9465208354337e-05
149.25,7.937181613529369e-05
149.37499999999997,7.92786224723055e-05
149.49999999999997,7.918562677847416e-05
149.62499999999994,7.90928284691232e-05
149.74999999999991,7.900022696178707e-05
149.87500000000009,7.890782167620139e-05
150.00000000000009,7.881561203429247e-05
150.12500000000006,7.872359746016791e-05
150.25000000000003,7.863177738010553e-05
150.37500000000003,7.854015122254443e-05
150.5,7.844871841807424e-05
150.625,7.835747839942589e-05
150.74999999999997,7.826643060146158e-05
150.87499999999994,7.817557446116512e-05
150.99999999999994,7.808490941763184e-05
151.12499999999991,7.79944349120593e-05
151.25000000000009,7.790415038773768e-05
151.37500000000009,7.781405529003989e-05
151.50000000000006,7.772414906641269e-05
151.62500000000003,7.763443116636635e-05
151.75000000000003,7.754490104146612e-05
151.875,7.745555814532257e-05
152.0,7.736640193358238e-05
152.12499999999997,7.727743186391876e-05
152.24999999999994,7.71886473960229e-05
152.37499999999994,7.710004799159451e-05
152.49999999999991,7.701163311433233e-05
152.62500000000009,7.69234022299258e-05
152.75000000000006,7.683535480604535e-05
152.87500000000006,7.674749031233399e-05
153.00000000000003,7.665980822039808e-05
153.12500000000003,7.657230800379917e-05
153.25,7.64849891380438e-05
153.37499999999997,7.639785110057606e-05
153.49999999999997,7.631089337076845e-05
153.62499999999994,7.622411542991298e-05
153.74999999999994,7.613751676121266e-05
153.87499999999991,7.605109684977304e-05
154.00000000000009,7.596485518259331e-05
154.12500000000006,7.587879124855808e-05
154.25000000000006,7.579290453842933e-05
154.37500000000003,7.570719454483736e-05
154.50000000000003,7.562166076227274e-05
154.625,7.553630268707823e-05
154.74999999999997,7.545111981744028e-05
154.87499999999997,7.536611165338078e-05
154.99999999999994,7.528127769674913e-05
155.12499999999994,7.519661745121378e-05
155.24999999999991,7.511213042225384e-05
155.37500000000009,7.5027816117152e-05
155.50000000000006,7.494367404498533e-05
155.62500000000006,7.485970371661823e-05
155.75000000000003,7.477590464469397e-05
155.875,7.469227634362722e-05
156.0,7.460881832959608e-05
156.12499999999997,7.452553012053434e-05
156.24999999999997,7.444241123612357e-05
156.37499999999994,7.435946119778525e-05
156.49999999999991,7.427667952867375e-05
156.62500000000009,7.419406575366789e-05
156.75000000000009,7.411161939936377e-05
156.87500000000006,7.402933999406713e-05
157.00000000000006,7.394722706778562e-05
157.12500000000003,7.386528015222168e-05
157.25,7.378349878076487e-05
157.375,7.370188248848442e-05
157.49999999999997,7.362043081212183e-05
157.62499999999997,7.353914329008415e-05
157.74999999999994,7.345801946243598e-05
157.87499999999991,7.337705887089245e-05
158.00000000000009,7.329626105881214e-05
158.12500000000009,7.321562557118972e-05
158.25000000000006,7.313515195464906e-05
158.37500000000003,7.305483975743623e-05
158.50000000000003,7.297468852941176e-05
158.625,7.289469782204419e-05
158.75,7.281486718840242e-05
158.87499999999997,7.273519618314967e-05
158.99999999999994,7.265568436253576e-05
159.12499999999994,7.257633128439008e-05
159.24999999999991,7.249713650811527e-05
159.37500000000009,7.241809959467948e-05
159.50000000000009,7.233922010661189e-05
159.62500000000006,7.226049760799396e-05
159.75000000000003,7.218193166445318e-05
159.87500000000003,7.210352184315655e-05
160.0,7.202526771280332e-05
160.125,7.194716884362043e-05
160.24999999999997,7.186922480735344e-05
160.37499999999994,7.17914351772623e-05
160.49999999999994,7.171379952811167e-05
160.62499999999991,7.163631743616694e-05
160.75000000000009,7.155898847918747e-05
160.87500000000009,7.148181223641925e-05
161.00000000000006,7.140478828858986e-05
161.12500000000003,7.132791621790042e-05
161.25000000000003,7.125119560802069e-05
161.375,7.117462604408205e-05
161.5,7.109820711267162e-05
161.62499999999997,7.10219384018258e-05
161.74999999999994,7.094581950102407e-05
161.87499999999994,7.086985000118303e-05
161.99999999999991,7.079402949465021e-05
162.12500000000009,7.071835757519772e-05
162.25000000000006,7.064283383801664e-05
162.37500000000006,7.056745787971065e-05
162.50000000000003,7.04922292982901e-05
162.62500000000003,7.041714769316624e-05
162.75,7.0342212665145e-05
162.87499999999997,7.026742381642133e-05
162.99999999999997,7.019278075057276e-05
163.12499999999994,7.011828307255439e-05
163.24999999999994,7.004393038869216e-05
163.37499999999991,6.996972230667757e-05
163.50000000000009,6.989565843556198e-05
163.62500000000006,6.982173838575084e-05
163.75000000000006,6.974796176899742e-05
163.87500000000003,6.967432819839791e-05
164.00000000000003,6.960083728838545e-05
164.125,6.952748865472443e-05
164.24999999999997,6.945428191450501e-05
164.37499999999997,6.938121668613752e-05
164.49999999999994,6.930829258934664e-05
164.62499999999994,6.923550924516617e-05
164.74999999999991,6.916286627593376e-05
164.87500000000009,6.909036330528481e-05
165.00000000000006,6.901799995814743e-05
165.12500000000006,6.894577586073698e-05
165.25000000000003,6.887369064055049e-05
165.375,6.880174392636184e-05
165.5,6.872993534821593e-05
165.62499999999997,6.865826453742347e-05
165.74999999999997,6.858673112655586e-05
165.87499999999994,6.851533474944011e-05
165.99999999999991,6.844407504115323e-05
166.12500000000009,6.837295163801724e-05
166.25000000000009,6.8301964177594e-05
166.37500000000006,6.823111229867984e-05
166.50000000000006,6.816039564130064e-05
166.62500000000003,6.808981384670675e-05
166.75,6.80193665573676e-05
166.875,6.79490534169669e-05
166.99999999999997,6.787887407039746e-05
167.12499999999997,6.780882816375671e-05
167.24999999999994,6.773891534434072e-05
167.37499999999991,6.766913526063992e-05
167.50000000000009,6.759948756233461e-05
167.62500000000009,6.752997190028902e-05
167.75000000000006,6.746058792654714e-05
167.87500000000003,6.739133529432787e-05
168.00000000000003,6.732221365801962e-05
168.125,6.725322267317618e-05
168.25,6.718436199651176e-05
168.37499999999997,6.711563128589637e-05
168.49999999999994,6.704703020035023e-05
168.62499999999994,6.697855840004056e-05
168.74999999999991,6.691021554627553e-05
168.87500000000009,6.684200130150023e-05
169.00000000000009,6.677391532929201e-05
169.12500000000006,6.67059572943553e-05
169.25000000000003,6.663812686251752e-05
169.37500000000003,6.657042370072435e-05
169.5,6.650284747703501e-05
169.625,6.643539786061786e-05
169.74999999999997,6.636807452174595e-05
169.87499999999994,6.630087713179261e-05
169.99999999999994,6.623380536322667e-05
170.12499999999991,6.616685888960832e-05
170.25000000000009,6.610003738558461e-05
170.37500000000006,6.60333405268849e-05
170.50000000000006,6.596676799031639e-05
170.62500000000003,6.590031945375994e-05
170.75000000000003,6.583399459616577e-05
170.875,6.576779309754883e-05
170.99999999999997,6.570171463898491e-05
171.12499999999997,6.563575890260663e-05
171.24999999999994,6.556992557159828e-05
171.37499999999994,6.550421433019232e-05
171.49999999999991,6.543862486366518e-05
171.62500000000009,6.537315685833269e-05
171.75000000000006,6.530781000154582e-05
171.87500000000006,6.524258398168671e-05
172.00000000000003,6.517747848816432e-05
172.12500000000003,6.511249321141038e-05
172.25,6.504762784287552e-05
172.37499999999997,6.498288207502493e-05
172.49999999999997,6.491825560133421e-05
172.62499999999994,6.485374811628558e-05
172.74999999999994,6.478935931536385e-05
172.87499999999991,6.47250888950522e-05
173.00000000000009,6.466093655282842e-05
173.12500000000006,6.459690198716077e-05
173.25000000000006,6.453298489750402e-05
173.37500000000003,6.446918498429563e-05
173.50000000000003,6.440550194895186e-05
173.625,6.434193549386384e-05
173.74999999999997,6.427848532239372e-05
173.87499999999997,6.421515113887096e-05
173.99999999999994,6.41519326485881e-05
174.12499999999994,6.408882955779733e-05
174.25000000000009,6.402584157370651e-05
174.37500000000009,6.396296840447526e-05
174.50000000000006,6.390020975921119e-05
174.62500000000006,6.383756534796631e-05
174.75000000000003,6.377503488173307e-05
174.875,6.371261807244091e-05
175.0,6.365031463295234e-05
175.12499999999997,6.358812427705948e-05
175.24999999999997,6.352604671948005e-05
175.37499999999994,6.346408167585431e-05
175.49999999999991,6.340222886274055e-05
175.62500000000009,6.334048799761224e-05
175.75000000000009,6.327885879885435e-05
175.87500000000006,6.321734098575859e-05
176.00000000000006,6.315593427852213e-05
176.12500000000003,6.30946383982417e-05
176.25,6.303345306691191e-05
176.375,6.297237800742037e-05
176.49999999999997,6.291141294354559e-05
176.62499999999997,6.285055759995248e-05
176.74999999999994,6.278981170218874e-05
176.87499999999991,6.272917497668283e-05
177.00000000000009,6.266864715073844e-05
177.12500000000009,6.260822795253264e-05
177.25000000000006,6.254791711111165e-05
177.37500000000003,6.24877143563878e-05
177.50000000000003,6.242761941913604e-05
177.625,6.236763203099058e-05
177.75,6.230775192444161e-05
177.87499999999997,6.224797883283181e-05
177.99999999999994,6.218831249035311e-05
178.12499999999994,6.212875263204338e-05
178.24999999999991,6.206929899378307e-05
178.37500000000009,6.200995131229232e-05
178.50000000000009,6.19507093251271e-05
178.62500000000006,6.189157277067649e-05
178.75000000000003,6.183254138815928e-05
178.87500000000003,6.177361491762117e-05
179.0,6.171479309993098e-05
179.125,6.165607567677825e-05
179.24999999999997,6.159746239066925e-05
179.37499999999994,6.15389529849244e-05
179.49999999999994,6.14805472036746e-05
179.62499999999991,6.142224479185852e-05
179.75000000000009,6.136404549521917e-05
179.87500000000006,6.130594906030133e-05
180.00000000000006,6.12479552344479e-05
180.12500000000003,6.119006376579713e-05
180.25000000000003,6.113227440327961e-05
180.375,6.107458689661527e-05
180.49999999999997,6.10170009963103e-05
180.62499999999997,6.0959516453654064e-05
180.74999999999994,6.090213302071586e-05
180.87499999999994,6.084485045034226e-05
180.99999999999991,6.078766849615396e-05
181.12500000000009,6.0730586912542556e-05
181.25000000000006,6.0673605454668e-05
181.37500000000006,6.061672387845533e-05
181.50000000000003,6.055994194059188e-05
181.62500000000003,6.050325939852466e-05
181.75,6.044667601045766e-05
181.87499999999997,6.039019153534857e-05
181.99999999999997,6.03338057329063e-05
182.12499999999994,6.0277518363588075e-05
182.24999999999994,6.0221329188596485e-05
182.37499999999991,6.0165237969876556e-05
182.50000000000009,6.010924447011305e-05
182.62500000000006,6.005334845272744e-05
182.75000000000006,5.9997549681874936e-05
182.87500000000003,5.994184792244186e-05
183.0,5.9886242940042644e-05
183.125,5.9830734501017335e-05
183.24999999999997,5.977532237242861e-05
183.37499999999997,5.972000632205977e-05
183.49999999999994,5.9664786118411066e-05
183.62499999999991,5.960966153069831e-05
183.75000000000009,5.9554632328849674e-05
183.87500000000009,5.949969828350272e-05
184.00000000000006,5.944485916600304e-05
184.12500000000006,5.939011474840077e-05
184.25000000000003,5.9335464803447826e-05
184.375,5.928090910459494e-05
184.5,5.9226447425989574e-05
184.62499999999997,5.9172079542472315e-05
184.74999999999997,5.911780522957407e-05
184.87499999999994,5.9063624263514613e-05
184.99999999999991,5.900953642119802e-05
185.12500000000009,5.89555414802115e-05
185.25000000000009,5.890163921882241e-05
185.37500000000006,5.884782941597607e-05
185.50000000000003,5.879411185129349e-05
185.62500000000003,5.874048630506911e-05
185.75,5.868695255826889e-05
185.875,5.863351039252743e-05
185.99999999999997,5.858015959014599e-05
186.12499999999994,5.852689993408941e-05
186.24999999999994,5.8473731207984075e-05
186.37499999999991,5.84206531961149e-05
186.50000000000009,5.836766568342214e-05
186.62500000000009,5.8314768455499474e-05
186.75000000000006,5.826196129859089e-05
186.87500000000003,5.8209243999588435e-05
187.00000000000003,5.815661634602968e-05
187.125,5.81040781260961e-05
187.25,5.8051629128610106e-05
187.37499999999997,5.799926914303379e-05
187.49999999999994,5.7946997959466255e-05
187.62499999999994,5.7894815368641316e-05
187.74999999999991,5.784272116192469e-05
187.87500000000009,5.7790715131312634e-05
188.00000000000009,5.773879706942855e-05
188.12500000000006,5.7686966769521056e-05
188.25000000000003,5.763522402546162e-05
188.37500000000003,5.758356863174238e-05
188.5,5.7532000383473734e-05
188.625,5.7480519076382157e-05
188.74999999999997,5.7429124506807996e-05
188.87499999999994,5.73778164717027e-05
188.99999999999994,5.732659476862697e-05
189.12499999999991,5.727545919574825e-05
189.25000000000009,5.722440955183875e-05
189.37500000000006,5.717344563627287e-05
189.50000000000006,5.712256724902531e-05
189.62500000000003,5.707177419066907e-05
189.75000000000003,5.7021066262373066e-05
189.875,5.697044326590031e-05
189.99999999999997,5.691990500360559e-05
190.12499999999997,5.686945127843367e-05
190.24999999999994,5.6819081893916716e-05
190.37499999999994,5.6768796654172503e-05
190.49999999999991,5.6718595363901714e-05
190.62500000000009,5.6668477828386254e-05
190.75000000000006,5.6618443853486767e-05
190.87500000000006,5.6568493245640734e-05
191.00000000000003,5.651862581186027e-05
191.12500000000003,5.646884135972973e-05
191.25,5.641913969740395e-05
191.37499999999997,5.6369520633605714e-05
191.49999999999997,5.6319983977625204e-05
191.62499999999994,5.627052953931534e-05
191.74999999999994,5.622115712909252e-05
191.87499999999991,5.617186655793382e-05
192.00000000000009,5.6122657637374464e-05
192.12500000000006,5.607353017950587e-05
192.25000000000006,5.602448399697494e-05
192.37500000000003,5.597551890298047e-05
192.5,5.5926634711271266e-05
192.625,5.5877831236145996e-05
192.74999999999997,5.5829108292448736e-05
192.87499999999997,5.578046569556747e-05
192.99999999999994,5.573190326143296e-05
193.12499999999991,5.568342080651694e-05
193.25000000000009,5.563501814782864e-05
193.37500000000009,5.558669510291485e-05
193.50000000000006,5.553845148985646e-05
193.62500000000006,5.549028712726773e-05
193.75000000000003,5.544220183429357e-05
193.875,5.5394195430608164e-05
194.0,5.534626773641287e-05
194.12499999999997,5.5298418572434354e-05
194.24999999999997,5.525064775992259e-05
194.37499999999994,5.520295512064919e-05
194.49999999999991,5.5155340476905644e-05
194.62500000000009,5.5107803651500835e-05
194.75000000000009,5.5060344467759985e-05
194.87500000000006,5.501296274952247e-05
195.00000000000003,5.496565832113993e-05
195.12500000000003,5.4918431007474636e-05
195.25,5.487128063389768e-05
195.375,5.482420702628697e-05
195.49999999999997,5.477721001102564e-05
195.62499999999994,5.473028941500046e-05
195.74999999999994,5.468344506559916e-05
195.87499999999991,5.4636676790710026e-05
196.00000000000009,5.4589984418718805e-05
196.12500000000009,5.4543367778508124e-05
196.25000000000006,5.449682669945468e-05
196.37500000000003,5.445036101142841e-05
196.50000000000003,5.44039705447899e-05
196.625,5.43576551303891e-05
196.75,5.43114145995638e-05
196.87499999999997,5.426524878413743e-05
196.99999999999994,5.421915751641758e-05
197.12499999999994,5.417314062919434e-05
197.24999999999991,5.412719795573857e-05
197.37500000000009,5.408132932980031e-05
197.50000000000006,5.4035534585606915e-05
197.62500000000006,5.3989813557861935e-05
197.75000000000003,5.3944166081742994e-05
197.87500000000003,5.389859199290014e-05
198.0,5.3853091127454325e-05
198.12499999999997,5.3807663321995674e-05
198.24999999999997,5.3762308413581774e-05
198.37499999999994,5.371702623973626e-05
198.49999999999994,5.36718166384468e-05
198.62499999999991,5.3626679448163786e-05
198.75000000000009,5.358161450779864e-05
198.87500000000006,5.353662165672226e-05
199.00000000000006,5.34917007347632e-05
199.12500000000003,5.344685158220621e-05
199.25000000000003,5.340207403979088e-05
199.375,5.335736794870966e-05
199.49999999999997,5.331273315060657e-05
199.62499999999997,5.326816948757545e-05
199.74999999999994,5.322367680215837e-05
199.87499999999994,5.317925493734448e-05
199.99999999999991,5.313490373656852e-05
200.12500000000009,5.309062304370865e-05
200.25000000000006,5.304641270308566e-05
200.37500000000006,5.300227255946085e-05
200.50000000000003,5.295820245803494e-05
200.62500000000003,5.291420224444638e-05
200.75,5.2870271764769726e-05
200.87499999999997,5.282641086551399e-05
200.99999999999997,5.278261939362121e-05
201.12499999999994,5.273889719646522e-05
201.24999999999994,5.2695244121849806e-05
201.37500000000009,5.2651660018007555e-05
201.50000000000009,5.2608144733598345e-05
201.62500000000006,5.25646981177078e-05
201.75000000000006,5.252132001984586e-05
201.87500000000003,5.2478010289945336e-05
202.0,5.2434768778360375e-05
202.125,5.239159533586516e-05
202.24999999999997,5.2348489813652394e-05
202.37499999999997,5.2305452063331886e-05
202.49999999999994,5.2262481936929046e-05
202.62499999999991,5.221957928688355e-05
202.75000000000009,5.2176743966048146e-05
202.87500000000009,5.213397582768686e-05
203.00000000000006,5.209127472547375e-05
203.12500000000006,5.204864051349179e-05
203.25000000000003,5.200607304623069e-05
203.375,5.1963572178586226e-05
203.5,5.1921137765858623e-05
203.62499999999997,5.1878769663751135e-05
203.74999999999997,5.183646772836842e-05
203.87499999999994,5.179423181621616e-05
203.99999999999991,5.1752061784198656e-05
204.12500000000009,5.1709957489618214e-05
204.25000000000009,5.166791879017327e-05
204.37500000000006,5.162594554395761e-05
204.50000000000003,5.1584037609458116e-05
204.62500000000003,5.154219484555423e-05
204.75,5.150041711151642e-05
204.875,5.145870426700438e-05
204.99999999999997,5.141705617206639e-05
205.12499999999994,5.137547268713746e-05
205.24999999999994,5.1333953673038724e-05
205.37499999999991,5.1292498990975604e-05
205.50000000000009,5.125110850253674e-05
205.62500000000009,5.120978206969285e-05
205.75000000000006,5.1168519554794934e-05
205.87500000000003,5.112732082057363e-05
206.00000000000003,5.108618573013727e-05
206.125,5.104511414697115e-05
206.25,5.1004105934935786e-05
206.37499999999997,5.0963160958266084e-05
206.49999999999994,5.0922279081569775e-05
206.62499999999994,5.088146016982635e-05
206.74999999999991,5.084070408838578e-05
206.87500000000009,5.0800010702967275e-05
207.00000000000006,5.075937987965799e-05
207.12500000000006,5.07188114849116e-05
207.25000000000003,5.0678305385547625e-05
207.37500000000003,5.063786144874938e-05
207.5,5.0597479542063695e-05
207.62499999999997,5.0557159533398974e-05
207.74999999999997,5.0516901291024475e-05
207.87499999999994,5.047670468356887e-05
207.99999999999994,5.0436569580019464e-05
208.12499999999991,5.039649584972079e-05
208.25000000000009,5.035648336237307e-05
208.37500000000006,5.031653198803185e-05
208.50000000000006,5.0276641597105676e-05
208.62500000000003,5.023681206035595e-05
208.75000000000003,5.019704324889513e-05
208.875,5.015733503418568e-05
208.99999999999997,5.0117687288038975e-05
209.12499999999997,5.007809988261406e-05
209.24999999999994,5.003857269041658e-05
209.37499999999994,4.999910558429742e-05
209.49999999999991,4.9959698437452066e-05
209.62500000000009,4.992035112341892e-05
209.75000000000006,4.988106351607822e-05
209.87500000000006,4.9841835489651434e-05
210.00000000000003,4.980266691869936e-05
210.125,4.97635576781219e-05
210.25,4.972450764315614e-05
210.37499999999997,4.968551668937597e-05
210.49999999999997,4.964658469269041e-05
210.62499999999994,4.96077115293429e-05
210.74999999999991,4.956889707591004e-05
210.87500000000009,4.9530141209300385e-05
211.00000000000009,4.94914438067537e-05
211.12500000000006,4.945280474583927e-05
211.25000000000006,4.9414223904455494e-05
211.37500000000003,4.9375701160828184e-05
211.5,4.93372363935101e-05
211.625,4.9298829481379336e-05
211.74999999999997,4.9260480303638766e-05
211.87499999999997,4.9222188739814654e-05
211.99999999999994,4.9183954669755554e-05
212.12499999999991,4.914577797363157e-05
212.25000000000009,4.91076585319329e-05
212.37500000000009,4.906959622546928e-05
212.50000000000006,4.903159093536817e-05
212.62500000000006,4.899364254307459e-05
212.75000000000003,4.895575093034937e-05
212.875,4.8917915979268616e-05
213.0,4.8880137572222304e-05
213.12499999999997,4.884241559191367e-05
213.24999999999994,4.8804749921357796e-05
213.37499999999994,4.8767140443880974e-05
213.49999999999991,4.87295870431196e-05
213.62500000000009,4.869208960301901e-05
213.75000000000009,4.865464800783259e-05
213.87500000000006,4.861726214212097e-05
214.00000000000003,4.85799318907509e-05
214.12500000000003,4.854265713889422e-05
214.25,4.850543777202682e-05
214.375,4.8468273675927715e-05
214.49999999999997,4.84311647366779e-05
214.62499999999994,4.839411084065979e-05
214.74999999999994,4.8357111874555557e-05
214.87499999999991,4.832016772534687e-05
215.00000000000009,4.8283278280313274e-05
215.12500000000009,4.824644342703146e-05
215.25000000000006,4.820966305337445e-05
215.37500000000003,4.817293704751071e-05
215.50000000000003,4.813626529790292e-05
215.625,4.809964769330725e-05
215.75,4.8063084122772926e-05
215.87499999999997,4.802657447564024e-05
215.99999999999994,4.799011864154053e-05
216.12499999999994,4.7953716510395124e-05
216.24999999999991,4.7917367972413914e-05
216.37500000000009,4.7881072918094785e-05
216.50000000000006,4.7844831238222715e-05
216.62500000000006,4.780864282386867e-05
216.75000000000003,4.777250756638841e-05
216.87500000000003,4.773642535742234e-05
217.0,4.770039608889381e-05
217.12499999999997,4.766441965300859e-05
217.24999999999997,4.762849594225411e-05
217.37499999999994,4.759262484939829e-05
217.49999999999994,4.755680626748882e-05
217.62499999999991,4.752104008985204e-05
217.75000000000009,4.7485326210092565e-05
217.87500000000006,4.744966452209206e-05
218.00000000000006,4.741405492000829e-05
218.12500000000003,4.73784972982744e-05
218.25000000000003,4.734299155159808e-05
218.375,4.7307537574960484e-05
218.49999999999997,4.7272135263615525e-05
218.62499999999997,4.7236784513088986e-05
218.74999999999994,4.720148521917726e-05
218.87499999999994,4.716623727794705e-05
218.99999999999991,4.713104058573424e-05
219.12500000000009,4.709589503914316e-05
219.25000000000006,4.7060800535045636e-05
219.37500000000006,4.7025756970580305e-05
219.50000000000003,4.699076424315173e-05
219.625,4.695582225042947e-05
219.75,4.692093089034746e-05
219.87499999999997,4.688609006110286e-05
219.99999999999997,4.6851299661155335e-05
220.12499999999994,4.681655958922649e-05
220.24999999999991,4.678186974429888e-05
220.37500000000009,4.674723002561477e-05
220.50000000000009,4.6712640332676086e-05
220.62500000000006,4.667810056524312e-05
220.75000000000006,4.6643610623333866e-05
220.87500000000003,4.660917040722304e-05
221.0,4.65747798174416e-05
221.125,4.654043875477557e-05
221.24999999999997,4.6506147120265316e-05
221.37499999999997,4.6471904815204955e-05
221.49999999999994,4.64377117411413e-05
221.62499999999991,4.6403567799873324e-05
221.75000000000009,4.636947289345123e-05
221.87500000000009,4.6335426924175695e-05
222.00000000000006,4.6301429794597186e-05
222.12500000000003,4.6267481407515024e-05
222.25000000000003,4.623358166597676e-05
222.375,4.6199730473277504e-05
222.5,4.61659277329586e-05
222.62499999999997,4.613217334880762e-05
222.74999999999994,4.6098467224856716e-05
222.87499999999994,4.606480926538256e-05
222.99999999999991,4.603119937490541e-05
223.12500000000009,4.599763745818802e-05
223.25000000000009,4.5964123420235345e-05
223.37500000000006,4.5930657166294116e-05
223.50000000000003,4.589723860185108e-05
223.62500000000003,4.586386763263295e-05
223.75,4.5830544164606225e-05
223.875,4.579726810397486e-05
223.99999999999997,4.576403935718098e-05
224.12499999999994,4.573085783090331e-05
224.24999999999994,4.569772343205685e-05
224.37499999999991,4.566463606779164e-05
224.50000000000009,4.56315956454928e-05
224.62500000000006,4.559860207277934e-05
224.75000000000006,4.556565525750299e-05
224.87500000000003,4.553275510774879e-05
225.00000000000003,4.5499901531832855e-05
225.125,4.546709443830307e-05
225.24999999999997,4.543433373593709e-05
225.37499999999997,4.540161933374233e-05
225.49999999999994,4.5368951140955286e-05
225.62499999999994,4.5336329067040626e-05
225.74999999999991,4.530375302169063e-05
225.87500000000009,4.527122291482452e-05
226.00000000000006,4.523873865658772e-05
226.12500000000006,4.5206300157351055e-05
226.25000000000003,4.517390732771014e-05
226.37500000000003,4.5141560078484805e-05
226.5,4.510925832071832e-05
226.62499999999997,4.507700196567653e-05
226.74999999999997,4.504479092484731e-05
226.87499999999994,4.501262510993994e-05
226.99999999999994,4.4980504432884257e-05
227.12499999999991,4.4948428805830325e-05
227.25000000000009,4.4916398141147636e-05
227.37500000000006,4.488441235142403e-05
227.50000000000006,4.48524713494656e-05
227.62500000000003,4.4820575048295814e-05
227.75000000000003,4.4788723361154774e-05
227.875,4.47569162014987e-05
227.99999999999997,4.472515348299913e-05
228.12499999999997,4.469343511954263e-05
228.24999999999994,4.466176102522953e-05
228.37499999999994,4.4630131114373886e-05
228.50000000000009,4.459854530150241e-05
228.62500000000009,4.456700350135386e-05
228.75000000000006,4.453550562887862e-05
228.87500000000006,4.4504051599237835e-05
229.00000000000003,4.44726413278031e-05
229.125,4.444127473015516e-05
229.25,4.440995172208404e-05
229.37499999999997,4.437867221958785e-05
229.49999999999997,4.434743613887274e-05
229.62499999999994,4.4316243396351495e-05
229.74999999999991,4.428509390864377e-05
229.87500000000009,4.425398759257489e-05
230.00000000000009,4.4222924365175404e-05
230.12500000000006,4.419190414368063e-05
230.25000000000006,4.416092684552967e-05
230.37500000000003,4.412999238836534e-05
230.5,4.409910069003246e-05
230.625,4.406825166857874e-05
230.74999999999997,4.403744524225291e-05
230.87499999999997,4.400668132950478e-05
230.99999999999994,4.397595984898419e-05
231.12499999999991,4.394528071954096e-05
231.25000000000009,4.391464386022407e-05
231.37500000000009,4.388404919028072e-05
231.50000000000006,4.3853496629156726e-05
231.62500000000003,4.38229860964949e-05
231.75000000000003,4.379251751213478e-05
231.875,4.376209079611209e-05
232.0,4.373170586865872e-05
232.12499999999997,4.370136265020085e-05
232.24999999999994,4.3671061061359225e-05
232.37499999999994,4.364080102294864e-05
232.49999999999991,4.361058245597674e-05
232.62500000000009,4.3580405281644195e-05
232.75000000000009,4.3550269421343784e-05
232.87500000000006,4.352017479665982e-05
233.00000000000003,4.349012132936736e-05
233.12500000000003,4.346010894143225e-05
233.25,4.3430137555009954e-05
233.375,4.340020709244522e-05
233.49999999999997,4.33703174762718e-05
233.62499999999994,4.334046862921123e-05
233.74999999999994,4.3310660474172834e-05
233.87499999999991,4.3280892934253033e-05
234.00000000000009,4.325116593273458e-05
234.12500000000006,4.322147939308634e-05
234.25000000000006,4.31918332389626e-05
234.37500000000003,4.31622273942025e-05
234.50000000000003,4.3132661782829355e-05
234.625,4.310313632905042e-05
234.74999999999997,4.3073650957256136e-05
234.87499999999997,4.304420559201967e-05
234.99999999999994,4.3014800158096084e-05
235.12499999999994,4.298543458042246e-05
235.24999999999991,4.295610878411659e-05
235.37500000000009,4.2926822694476896e-05
235.50000000000006,4.289757623698179e-05
235.62500000000006,4.2868369337289176e-05
235.75000000000003,4.28392019212358e-05
235.87500000000003,4.281007391483665e-05
236.0,4.2780985244284886e-05
236.12499999999997,4.2751935835950946e-05
236.24999999999997,4.272292561638208e-05
236.37499999999994,4.269395451230202e-05
236.49999999999994,4.2665022450610306e-05
236.62499999999991,4.2636129358381906e-05
236.75000000000009,4.260727516286638e-05
236.87500000000006,4.25784597914881e-05
237.00000000000006,4.254968317184486e-05
237.12500000000003,4.252094523170789e-05
237.25,4.249224589902118e-05
237.375,4.246358510190102e-05
237.49999999999997,4.2434962768635635e-05
237.62499999999997,4.240637882768419e-05
237.74999999999994,4.2377833207676754e-05
237.87499999999991,4.2349325837413526e-05
238.00000000000009,4.232085664586456e-05
238.12500000000009,4.2292425562168866e-05
238.25000000000006,4.22640325156344e-05
238.37500000000006,4.223567743573723e-05
238.50000000000003,4.2207360252120985e-05
238.625,4.217908089459691e-05
238.75,4.215083929314298e-05
238.87499999999997,4.212263537790367e-05
238.99999999999997,4.20944690791893e-05
239.12499999999994,4.206634032747576e-05
239.24999999999991,4.203824905340392e-05
239.37500000000009,4.201019518777935e-05
239.50000000000009,4.1982178661571186e-05
239.62500000000006,4.195419940591277e-05
239.75000000000006,4.1926257352099556e-05
239.87500000000003,4.189835243159042e-05
240.0,4.187048457600554e-05
240.125,4.1842653717126604e-05
240.24999999999997,4.181485978689705e-05
240.37499999999997,4.178710271742027e-05
240.49999999999994,4.175938244096029e-05
240.62499999999991,4.1731698889940486e-05
240.75000000000009,4.170405199694412e-05
240.87500000000009,4.167644169471285e-05
241.00000000000006,4.164886791614696e-05
241.12500000000003,4.162133059430505e-05
241.25000000000003,4.159382966240232e-05
241.375,4.156636505381177e-05
241.5,4.153893670206269e-05
241.62499999999997,4.151154454084039e-05
241.74999999999994,4.1484188503985754e-05
241.87499999999994,4.1456868525494916e-05
241.99999999999991,4.142958453951879e-05
242.12500000000009,4.1402336480362664e-05
242.25000000000009,4.137512428248575e-05
242.37500000000006,4.134794788050061e-05
242.50000000000003,4.132080720917301e-05
242.62500000000003,4.1293702203421216e-05
242.75,4.126663279831578e-05
242.875,4.1239598929078976e-05
242.99999999999997,4.121260053108428e-05
243.12499999999994,4.118563753985613e-05
243.24999999999994,4.115870989106943e-05
243.37499999999991,4.113181752054917e-05
243.50000000000009,4.110496036426983e-05
243.62500000000006,4.1078138358355137e-05
243.75000000000006,4.105135143907756e-05
243.87500000000003,4.102459954285773e-05
244.00000000000003,4.099788260626409e-05
244.125,4.097120056601255e-05
244.24999999999997,4.094455335896595e-05
244.37499999999997,4.0917940922133713e-05
244.49999999999994,4.089136319267159e-05
244.62499999999994,4.086482010788109e-05
244.74999999999991,4.08383116052091e-05
244.87500000000009,4.0811837622247726e-05
245.00000000000006,4.078539809673359e-05
245.12500000000006,4.0758992966547425e-05
245.25000000000003,4.073262216971379e-05
245.37500000000003,4.0706285644400405e-05
245.5,4.0679983328918056e-05
245.62499999999997,4.065371516171972e-05
245.74999999999997,4.062748108140083e-05
245.87499999999994,4.060128102669831e-05
245.99999999999994,4.0575114936490586e-05
246.12499999999991,4.0548982749797067e-05
246.25000000000009,4.0522884405777816e-05
246.37500000000006,4.049681984373299e-05
246.50000000000006,4.047078900310247e-05
246.62500000000003,4.044479182346563e-05
246.75,4.041882824454057e-05
246.875,4.03928982061841e-05
246.99999999999997,4.036700164839114e-05
247.12499999999997,4.034113851129435e-05
247.24999999999994,4.03153087351638e-05
247.37499999999991,4.0289512260406755e-05
247.50000000000009,4.026374902756712e-05
247.62500000000009,4.023801897732518e-05
247.75000000000006,4.0212322050497104e-05
247.87500000000006,4.018665818803435e-05
248.00000000000003,4.016102733102387e-05
248.125,4.013542942068735e-05
248.25,4.0109864398380285e-05
248.37499999999997,4.008433220559291e-05
248.49999999999997,4.0058832783948384e-05
248.62499999999994,4.0033366075203755e-05
248.74999999999991,4.000793202124849e-05
248.87500000000009,3.9982530564104916e-05
249.00000000000009,3.99571616459271e-05
249.12500000000006,3.9931825209001176e-05
249.25000000000003,3.990652119574481e-05
249.37500000000003,3.988124954870645e-05
249.5,3.985601021056502e-05
249.625,3.9830803124130164e-05
249.74999999999997,3.98056282323411e-05
249.87499999999994,3.978048547826708e-05
249.99999999999994,3.975537480510628e-05
250.12499999999991,3.9730296156186144e-05
250.25000000000009,3.9705249474962424e-05
250.37500000000009,3.9680234705019186e-05
250.50000000000006,3.965525179006852e-05
250.62500000000003,3.9630300673949556e-05
250.75000000000003,3.9605381300628866e-05
250.875,3.958049361419961e-05
251.0,3.9555637558881506e-05
251.12499999999997,3.953081307902004e-05
251.24999999999994,3.9506020119086685e-05
251.37499999999994,3.948125862367822e-05
251.49999999999991,3.945652853751654e-05
251.62500000000009,3.943182980544786e-05
251.75000000000009,3.940716237244327e-05
251.87500000000006,3.938252618359755e-05
252.00000000000003,3.935792118412894e-05
252.12500000000003,3.9333347319379424e-05
252.25,3.930880453481341e-05
252.37499999999997,3.928429277601821e-05
252.49999999999997,3.925981198870322e-05
252.62499999999994,3.9235362118700266e-05
252.74999999999994,3.921094311196237e-05
252.87499999999991,3.918655491456392e-05
253.00000000000009,3.9162197472700676e-05
253.12500000000006,3.913787073268875e-05
253.25000000000006,3.9113574640964915e-05
253.37500000000003,3.908930914408563e-05
253.50000000000003,3.9065074188727474e-05
253.625,3.9040869721686216e-05
253.74999999999997,3.901669568987657e-05
253.87499999999997,3.899255204033195e-05
253.99999999999994,3.896843872020412e-05
254.12499999999994,3.894435567676273e-05
254.24999999999991,3.892030285739524e-05
254.37500000000009,3.889628020960625e-05
254.50000000000006,3.887228768101755e-05
254.62500000000006,3.884832521936744e-05
254.75000000000003,3.882439277251067e-05
254.87500000000003,3.880049028841832e-05
255.0,3.877661771517697e-05
255.12499999999997,3.8752775000988526e-05
255.24999999999997,3.8728962094171616e-05
255.37499999999994,3.870517894315741e-05
255.49999999999994,3.8681425496493634e-05
255.62500000000009,3.865770170284177e-05
255.75000000000009,3.8634007510977154e-05
255.87500000000006,3.8610342869788894e-05
256.00000000000006,3.8586707728279186e-05
256.12500000000006,3.8563102035563514e-05
256.25,3.8539525740868664e-05
256.375,3.851597879353651e-05
256.5,3.849246114301827e-05
256.62499999999994,3.8468972738877896e-05
256.74999999999994,3.8445513530791325e-05
256.87499999999994,3.842208346854491e-05
257.0000000000001,3.8398682502036455e-05
257.12500000000006,3.837531058127444e-05
257.25000000000006,3.83519676563775e-05
257.37500000000006,3.83286536775741e-05
257.5,3.830536859520291e-05
257.625,3.8282112359711945e-05
257.75,3.8258884921657726e-05
257.875,3.823568623170638e-05
257.99999999999994,3.8212516240632225e-05
258.12499999999994,3.818937489931787e-05
258.24999999999994,3.816626215875362e-05
258.3750000000001,3.8143177970037684e-05
258.50000000000006,3.812012228437542e-05
258.62500000000006,3.80970950530795e-05
258.75000000000006,3.807409622756926e-05
258.875,3.805112575937047e-05
259.0,3.8028183600115284e-05
259.125,3.800526970154162e-05
259.25,3.7982384015493215e-05
259.37499999999994,3.79595264939192e-05
259.49999999999994,3.7936697088873825e-05
259.62499999999994,3.791389575251611e-05
259.7500000000001,3.789112243710962e-05
259.87500000000006,3.786837709502214e-05
260.00000000000006,3.784565967872554e-05
260.12500000000006,3.782297014079537e-05
260.25,3.780030843391074e-05
260.375,3.77776745108537e-05
260.5,3.775506832450936e-05
260.62499999999994,3.77324898278654e-05
260.74999999999994,3.7709938974011785e-05
260.87499999999994,3.768741571614069e-05
260.99999999999994,3.766492000754599e-05
261.1250000000001,3.764245180162303e-05
261.25000000000006,3.762001105186835e-05
261.37500000000006,3.759759771187966e-05
261.50000000000006,3.75752117353552e-05
261.625,3.7552853076093715e-05
261.75,3.753052168799409e-05
261.875,3.750821752505523e-05
261.99999999999994,3.7485940541375615e-05
262.12499999999994,3.746369069115315e-05
262.24999999999994,3.744146792868491e-05
262.37499999999994,3.741927220836675e-05
262.50000000000006,3.7397103484693174e-05
262.62500000000006,3.737496171225703e-05
262.75000000000006,3.7352846845749264e-05
262.87500000000006,3.733075883995887e-05
263.0,3.7308697649772285e-05
263.125,3.728666323017327e-05
263.25,3.7264655536242836e-05
263.37499999999994,3.724267452315845e-05
263.49999999999994,3.7220720146194596e-05
263.62499999999994,3.719879236072175e-05
263.7499999999999,3.717689112220637e-05
263.87500000000006,3.715501638621072e-05
264.00000000000006,3.713316810839232e-05
264.12500000000006,3.711134624450444e-05
264.25000000000006,3.7089550750394966e-05
264.375,3.706778158200692e-05
264.5,3.704603869537768e-05
264.625,3.7024322046639075e-05
264.74999999999994,3.700263159201696e-05
264.87499999999994,3.6980967287830964e-05
264.99999999999994,3.695932909049458e-05
265.1250000000001,3.693771695651436e-05
265.25000000000006,3.691613084248993e-05
265.37500000000006,3.6894570705114077e-05
265.50000000000006,3.687303650117154e-05
265.62500000000006,3.685152818754002e-05
265.75,3.6830045721189135e-05
265.875,3.6808589059180256e-05
266.0,3.678715815866628e-05
266.12499999999994,3.676575297689165e-05
266.24999999999994,3.674437347119183e-05
266.37499999999994,3.6723019598992975e-05
266.5000000000001,3.670169131781221e-05
266.62500000000006,3.668038858525683e-05
266.75000000000006,3.6659111359024394e-05
266.87500000000006,3.663785959690273e-05
267.0,3.661663325676925e-05
267.125,3.659543229659116e-05
267.25,3.657425667442474e-05
267.375,3.655310634841574e-05
267.49999999999994,3.6531981276798424e-05
267.62499999999994,3.6510881417895805e-05
267.74999999999994,3.648980673011927e-05
267.8750000000001,3.6468757171968215e-05
268.00000000000006,3.6447732702029744e-05
268.12500000000006,3.642673327897878e-05
268.25000000000006,3.640575886157759e-05
268.375,3.638480940867543e-05
268.5,3.636388487920866e-05
268.625,3.634298523220027e-05
268.75,3.632211042675973e-05
268.87499999999994,3.630126042208299e-05
268.99999999999994,3.6280435177452096e-05
269.12499999999994,3.6259634652234804e-05
269.2500000000001,3.62388588058848e-05
269.37500000000006,3.6218107597941344e-05
269.50000000000006,3.6197380988028966e-05
269.62500000000006,3.6176678935857344e-05
269.75,3.615600140122101e-05
269.875,3.613534834399884e-05
270.0,3.61147197241543e-05
270.12499999999994,3.609411550173479e-05
270.24999999999994,3.6073535636871654e-05
270.37499999999994,3.6052980089779726e-05
270.49999999999994,3.60324488207572e-05
270.6250000000001,3.601194179018543e-05
270.75000000000006,3.5991458958529054e-05
270.87500000000006,3.59710002863356e-05
271.00000000000006,3.595056573423521e-05
271.125,3.5930155262940515e-05
271.25,3.59097688332464e-05
271.375,3.5889406406030006e-05
271.49999999999994,3.5869067942249894e-05
271.62499999999994,3.584875340294695e-05
271.74999999999994,3.582846274924193e-05
271.87499999999994,3.580819594233756e-05
272.00000000000006,3.5787952943517426e-05
272.12500000000006,3.5767733714146044e-05
272.25000000000006,3.5747538215668426e-05
272.37500000000006,3.572736640960988e-05
272.5,3.570721825757635e-05
272.625,3.568709372125322e-05
272.75,3.56669927624067e-05
272.87499999999994,3.5646915342882054e-05
272.99999999999994,3.562686142460354e-05
273.12499999999994,3.5606830969574554e-05
273.2499999999999,3.558682393987737e-05
273.37500000000006,3.5566840297672805e-05
273.50000000000006,3.554688000520007e-05
273.62500000000006,3.552694302477659e-05
273.75000000000006,3.550702931879783e-05
273.875,3.548713884973707e-05
274.0,3.5467271580145584e-05
274.125,3.544742747265224e-05
274.24999999999994,3.542760648996345e-05
274.37499999999994,3.540780859486294e-05
274.49999999999994,3.53880337502115e-05
274.6250000000001,3.5368281918946905e-05
274.75000000000006,3.534855306408371e-05
274.87500000000006,3.5328847148712756e-05
275.00000000000006,3.5309164136001066e-05
275.125,3.528950398919166e-05
275.25,3.526986667160295e-05
275.375,3.525025214662892e-05
275.5,3.523066037773872e-05
275.62499999999994,3.5211091328476884e-05
275.74999999999994,3.51915449624629e-05
275.87499999999994,3.517202124339103e-05
276.0000000000001,3.5152520135030354e-05
276.12500000000006,3.5133041601224504e-05
276.25000000000006,3.511358560589153e-05
276.37500000000006,3.5094152113023586e-05
276.5,3.5074741086687e-05
276.625,3.5055352491021535e-05
276.75,3.503598629024056e-05
276.875,3.501664244863084e-05
276.99999999999994,3.499732093055247e-05
277.12499999999994,3.497802170043825e-05
277.24999999999994,3.495874472279396e-05
277.3750000000001,3.4939489962198064e-05
277.50000000000006,3.492025738330153e-05
277.62500000000006,3.490104695082737e-05
277.75000000000006,3.4881858629570784e-05
277.875,3.4862692384399014e-05
278.0,3.484354818025072e-05
278.125,3.482442598213643e-05
278.24999999999994,3.480532575513795e-05
278.37499999999994,3.4786247464408376e-05
278.49999999999994,3.476719107517184e-05
278.62499999999994,3.47481565527234e-05
278.7500000000001,3.4729143862428784e-05
278.87500000000006,3.471015296972416e-05
279.00000000000006,3.4691183840116175e-05
279.12500000000006,3.4672236439181435e-05
279.25,3.46533107325665e-05
279.375,3.463440668598742e-05
279.5,3.461552426523006e-05
279.62499999999994,3.4596663436149996e-05
279.74999999999994,3.45778241646718e-05
279.87499999999994,3.455900641678937e-05
279.99999999999994,3.4540210158565326e-05
280.1250000000001,3.452143535613128e-05
280.25000000000006,3.45026819756875e-05
280.37500000000006,3.4483949983502875e-05
280.50000000000006,3.4465239345914496e-05
280.625,3.444655002932714e-05
280.75,3.442788200021387e-05
280.875,3.4409235225115484e-05
280.99999999999994,3.439060967064046e-05
281.12499999999994,3.437200530346443e-05
281.24999999999994,3.4353422090330394e-05
281.37499999999994,3.4334859998048524e-05
281.50000000000006,3.4316318993495655e-05
281.62500000000006,3.429779904361561e-05
281.75000000000006,3.427930011541876e-05
281.87500000000006,3.42608221759818e-05
282.0,3.4242365192447546e-05
282.125,3.422392913202525e-05
282.25,3.4205513961989974e-05
282.37499999999994,3.418711964968255e-05
282.49999999999994,3.416874616250949e-05
282.62499999999994,3.415039346794287e-05
282.7499999999999,3.413206153351994e-05
282.87500000000006,3.4113750326843263e-05
283.00000000000006,3.40954598155804e-05
283.12500000000006,3.407718996746385e-05
283.25000000000006,3.405894075029053e-05
283.375,3.4040712131922075e-05
283.5,3.4022504080284337e-05
283.625,3.400431656336754e-05
283.74999999999994,3.398614954922587e-05
283.87499999999994,3.396800300597742e-05
283.99999999999994,3.394987690180397e-05
284.1250000000001,3.393177120495082e-05
284.25000000000006,3.3913685883726685e-05
284.37500000000006,3.389562090650353e-05
284.50000000000006,3.387757624171647e-05
284.625,3.385955185786355e-05
284.75,3.3841547723505484e-05
284.875,3.382356380726583e-05
285.0,3.380560007783058e-05
285.12499999999994,3.378765650394797e-05
285.24999999999994,3.376973305442855e-05
285.37499999999994,3.375182969814508e-05
285.5000000000001,3.373394640403185e-05
285.62500000000006,3.371608314108507e-05
285.75000000000006,3.369823987836258e-05
285.87500000000006,3.3680416584983695e-05
286.0,3.366261323012899e-05
286.125,3.364482978304021e-05
286.25,3.3627066213020115e-05
286.375,3.3609322489432154e-05
286.49999999999994,3.359159858170105e-05
286.62499999999994,3.357389445931157e-05
286.74999999999994,3.3556210091809e-05
286.8750000000001,3.3538545448798754e-05
287.00000000000006,3.352090049994682e-05
287.12500000000006,3.350327521497835e-05
287.25000000000006,3.348566956367897e-05
287.375,3.346808351589347e-05
287.5,3.3450517041526354e-05
287.625,3.343297011054194e-05
287.74999999999994,3.3415442692963665e-05
287.87499999999994,3.3397934758874e-05
287.99999999999994,3.338044627841403e-05
288.12499999999994,3.336297722178498e-05
288.2500000000001,3.334552755924518e-05
288.37500000000006,3.3328097261113155e-05
288.50000000000006,3.3310686297764486e-05
288.62500000000006,3.3293294639633385e-05
288.75,3.327592225721222e-05
288.875,3.325856912105151e-05
289.0,3.324123520175926e-05
289.12499999999994,3.322392047000113e-05
289.24999999999994,3.3206624896500844e-05
289.37499999999994,3.3189348452038765e-05
289.49999999999994,3.317209110745302e-05
289.62500000000006,3.315485283363898e-05
289.75000000000006,3.313763360154883e-05
289.87500000000006,3.312043338219194e-05
290.00000000000006,3.3103252146634347e-05
290.125,3.30860898659986e-05
290.25,3.306894651146401e-05
290.375,3.3051822054266034e-05
290.49999999999994,3.303471646569649e-05
290.62499999999994,3.301762971710313e-05
290.74999999999994,3.30005617798896e-05
290.8749999999999,3.2983512625515224e-05
291.00000000000006,3.296648222549541e-05
291.12500000000006,3.2949470551400964e-05
291.25000000000006,3.293247757485816e-05
291.37500000000006,3.291550326754867e-05
291.5,3.2898547601209314e-05
291.625,3.2881610547631684e-05
291.75,3.2864692078662536e-05
291.87499999999994,3.284779216620331e-05
291.99999999999994,3.283091078220983e-05
292.12499999999994,3.281404789869242e-05
292.2500000000001,3.279720348771578e-05
292.37500000000006,3.2780377521398773e-05
292.50000000000006,3.276356997191435e-05
292.62500000000006,3.274678081148978e-05
292.75000000000006,3.273001001240592e-05
292.875,3.271325754699743e-05
293.0,3.269652338765285e-05
293.125,3.2679807506814064e-05
293.24999999999994,3.2663109876976294e-05
293.37499999999994,3.264643047068789e-05
293.49999999999994,3.262976926055059e-05
293.6250000000001,3.2613126219218746e-05
293.75000000000006,3.2596501319399605e-05
293.87500000000006,3.2579894533853255e-05
294.00000000000006,3.2563305835392195e-05
294.125,3.254673519688166e-05
294.25,3.253018259123899e-05
294.375,3.251364799143407e-05
294.5,3.249713137048849e-05
294.62499999999994,3.248063270147618e-05
294.74999999999994,3.2464151957522655e-05
294.87499999999994,3.244768911180547e-05
295.0000000000001,3.243124413755363e-05
295.12500000000006,3.2414817008047816e-05
295.25000000000006,3.2398407696619964e-05
295.37500000000006,3.238201617665359e-05
295.5,3.2365642421583215e-05
295.625,3.234928640489452e-05
295.75,3.233294810012405e-05
295.875,3.2316627480858526e-05
295.99999999999994,3.230032452073568e-05
296.12499999999994,3.228403919344355e-05
296.24999999999994,3.2267771472720696e-05
296.3750000000001,3.2251521332355785e-05
296.50000000000006,3.223528874618781e-05
296.62500000000006,3.221907368810589e-05
296.75000000000006,3.2202876132048944e-05
296.875,3.2186696052006336e-05
297.0,3.2170533422016775e-05
297.125,3.215438821616873e-05
297.24999999999994,3.21382604086003e-05
297.37499999999994,3.212214997349862e-05
297.49999999999994,3.210605688510017e-05
297.62499999999994,3.208998111769059e-05
297.7500000000001,3.2073922645604574e-05
297.87500000000006,3.2057881443225546e-05
298.00000000000006,3.204185748498585e-05
298.12500000000006,3.2025850745366345e-05
298.25,3.200986119889669e-05
298.375,3.199388882015472e-05
298.5,3.1977933583766936e-05
298.62499999999994,3.196199546440764e-05
298.74999999999994,3.194607443679981e-05
298.87499999999994,3.1930170475714214e-05
298.99999999999994,3.1914283555969774e-05
299.12500000000006,3.1898413652433194e-05
299.25000000000006,3.188256074001885e-05
299.37500000000006,3.186672479368904e-05
299.50000000000006,3.185090578845327e-05
299.625,3.183510369936863e-05
299.75,3.181931850153912e-05
299.875,3.180355017011585e-05
299.99999999999994,3.178779868029669e-05
300.12499999999994,3.177206400732669e-05
300.24999999999994,3.175634612649724e-05
300.3749999999999,3.1740645013146496e-05
300.50000000000006,3.172496064265922e-05
300.62500000000006,3.1709292990466704e-05
300.75000000000006,3.169364203204676e-05
300.87500000000006,3.167800774292351e-05
301.0,3.1662390098667395e-05
301.125,3.164678907489472e-05
301.25,3.163120464726824e-05
301.37499999999994,3.161563679149612e-05
301.49999999999994,3.160008548333258e-05
301.62499999999994,3.158455069857724e-05
301.7500000000001,3.156903241307545e-05
301.87500000000006,3.155353060271774e-05
302.00000000000006,3.1538045243440066e-05
302.12500000000006,3.152257631122386e-05
302.25,3.15071237820952e-05
302.375,3.149168763212557e-05
302.5,3.147626783743124e-05
302.625,3.146086437417338e-05
302.74999999999994,3.144547721855763e-05
302.87499999999994,3.143010634683446e-05
302.99999999999994,3.141475173529847e-05
303.1250000000001,3.1399413360288885e-05
303.25000000000006,3.1384091198188795e-05
303.37500000000006,3.136878522542615e-05
303.50000000000006,3.1353495418472206e-05
303.625,3.1338221753842526e-05
303.75,3.13229642080968e-05
303.875,3.1307722757838594e-05
304.0,3.1292497379715e-05
304.12499999999994,3.127728805041682e-05
304.24999999999994,3.126209474667885e-05
304.37499999999994,3.124691744527858e-05
304.5000000000001,3.123175612303762e-05
304.62500000000006,3.1216610756820316e-05
304.75000000000006,3.12014813235339e-05
304.87500000000006,3.11863678001289e-05
305.0,3.117127016359875e-05
305.125,3.1156188390979335e-05
305.25,3.114112245934922e-05
305.37499999999994,3.112607234582985e-05
305.49999999999994,3.1111038027584954e-05
305.62499999999994,3.1096019481821025e-05
305.74999999999994,3.108101668578631e-05
305.8750000000001,3.106602961677186e-05
306.00000000000006,3.105105825211042e-05
306.12500000000006,3.103610256917711e-05
306.25000000000006,3.102116254538877e-05
306.375,3.100623815820436e-05
306.5,3.099132938512423e-05
306.625,3.097643620369047e-05
306.74999999999994,3.096155859148709e-05
306.87499999999994,3.094669652613923e-05
306.99999999999994,3.0931849985313564e-05
307.12499999999994,3.0917018946718085e-05
307.2500000000001,3.0902203388102106e-05
307.37500000000006,3.0887403287255774e-05
307.50000000000006,3.087261862201055e-05
307.62500000000006,3.085784937023888e-05
307.75,3.0843095509853955e-05
307.875,3.0828357018809546e-05
308.0,3.0813633875100295e-05
308.12499999999994,3.079892605676124e-05
308.24999999999994,3.07842335418679e-05
308.37499999999994,3.076955630853619e-05
308.49999999999994,3.0754894334922e-05
308.62500000000006,3.074024759922148e-05
308.75000000000006,3.072561607967076e-05
308.87500000000006,3.071099975454601e-05
309.00000000000006,3.069639860216335e-05
309.125,3.0681812600878824e-05
309.25,3.066724172908806e-05
309.375,3.06526859652264e-05
309.49999999999994,3.063814528776907e-05
309.62499999999994,3.062361967523081e-05
309.74999999999994,3.060910910616543e-05
309.8749999999999,3.059461355916637e-05
310.00000000000006,3.0580133012866186e-05
310.12500000000006,3.056566744593628e-05
310.25000000000006,3.0551216837087287e-05
310.37500000000006,3.0536781165068856e-05
310.5,3.0522360408669275e-05
310.625,3.0507954546715394e-05
310.75,3.0493563558073127e-05
310.87499999999994,3.047918742164689e-05
310.99999999999994,3.046482611637952e-05
311.12499999999994,3.045047962125268e-05
311.2500000000001,3.0436147915285985e-05
311.37500000000006,3.042183097753783e-05
311.50000000000006,3.0407528787104065e-05
311.62500000000006,3.039324132311948e-05
311.75,3.0378968564756633e-05
311.875,3.036471049122555e-05
312.0,3.035046708177454e-05
312.125,3.03362383156892e-05
312.24999999999994,3.0322024172293075e-05
312.37499999999994,3.0307824630946596e-05
312.49999999999994,3.029363967104842e-05
312.6250000000001,3.0279469272033893e-05
312.75000000000006,3.026531341337582e-05
312.87500000000006,3.025117207458479e-05
313.00000000000006,3.0237045235208065e-05
313.125,3.0222932874830433e-05
313.25,3.020883497307365e-05
313.375,3.019475150959652e-05
313.5,3.018068246409465e-05
313.62499999999994,3.01666278163006e-05
313.74999999999994,3.0152587545983714e-05
313.87499999999994,3.0138561632949618e-05
314.0000000000001,3.0124550057040696e-05
314.12500000000006,3.011055279813551e-05
314.25000000000006,3.009656983614912e-05
314.37500000000006,3.008260115103285e-05
314.5,3.006864672277406e-05
314.625,3.0054706531396353e-05
314.75,3.0040780556959092e-05
314.87499999999994,3.0026868779557735e-05
314.99999999999994,3.0012971179323413e-05
315.12499999999994,2.9999087736423428e-05
315.24999999999994,2.9985218431060394e-05
315.3750000000001,2.997136324347284e-05
315.50000000000006,2.995752215393474e-05
315.62500000000006,2.9943695142755598e-05
315.75000000000006,2.992988219028058e-05
315.875,2.9916083276890042e-05
316.0,2.9902298382999718e-05
316.125,2.9888527489060334e-05
316.24999999999994,2.987477057555787e-05
316.37499999999994,2.9861027623013175e-05
316.49999999999994,2.98472986119821e-05
316.62499999999994,2.9833583523055254e-05
316.75000000000006,2.9819882336857935e-05
316.87500000000006,2.9806195034050354e-05
317.00000000000006,2.9792521595327377e-05
317.12500000000006,2.9778862001418617e-05
317.25,2.9765216233087842e-05
317.375,2.9751584271133618e-05
317.5,2.9737966096388717e-05
317.62499999999994,2.9724361689720138e-05
317.74999999999994,2.971077103202885e-05
317.87499999999994,2.9697194104250082e-05
317.9999999999999,2.9683630887352946e-05
318.12500000000006,2.967008136234062e-05
318.25000000000006,2.9656545510250397e-05
318.37500000000006,2.964302331215324e-05
318.50000000000006,2.9629514749154136e-05
318.625,2.9616019802391862e-05
318.75,2.9602538453038656e-05
318.875,2.958907068230047e-05
318.99999999999994,2.957561647141575e-05
319.12499999999994,2.9562175801657448e-05
319.24999999999994,2.9548748654330213e-05
319.3750000000001,2.9535335010773047e-05
319.50000000000006,2.952193485235768e-05
319.62500000000006,2.9508548160488676e-05
319.75000000000006,2.949517491660445e-05
319.87500000000006,2.94818151021757e-05
320.0,2.9468468698707304e-05
320.125,2.9455135687735538e-05
320.25,2.944181605083106e-05
320.37499999999994,2.9428509769595646e-05
320.49999999999994,2.9415216825664264e-05
320.62499999999994,2.9401937200704865e-05
320.7500000000001,2.9388670876416767e-05
320.87500000000006,2.9375417834532516e-05
321.00000000000006,2.9362178056816193e-05
321.12500000000006,2.934895152506461e-05
321.25,2.9335738221106592e-05
321.375,2.932253812680346e-05
321.5,2.930935122404832e-05
321.625,2.9296177494766106e-05
321.74999999999994,2.9283016920913995e-05
321.87499999999994,2.9269869484480824e-05
321.99999999999994,2.9256735167487348e-05
322.1250000000001,2.9243613951985775e-05
322.25000000000006,2.9230505820059936e-05
322.37500000000006,2.9217410753825438e-05
322.50000000000006,2.9204328735428937e-05
322.625,2.919125974704872e-05
322.75,2.917820377089434e-05
322.875,2.916516078920672e-05
323.0,2.915213078425785e-05
323.12499999999994,2.913911373835122e-05
323.24999999999994,2.9126109633821294e-05
323.37499999999994,2.9113118453033695e-05
323.5000000000001,2.9100140178384846e-05
323.62500000000006,2.9087174792302378e-05
323.75000000000006,2.9074222277244814e-05
323.87500000000006,2.9061282615701202e-05
324.0,2.9048355790191465e-05
324.125,2.9035441783265863e-05
324.25,2.9022540577505134e-05
324.37499999999994,2.900965215552037e-05
324.49999999999994,2.8996776499953307e-05
324.62499999999994,2.8983913593475645e-05
324.74999999999994,2.8971063418789518e-05
324.8750000000001,2.895822595862722e-05
325.00000000000006,2.894540119575139e-05
325.12500000000006,2.8932589112954688e-05
325.25000000000006,2.8919789693060064e-05
325.375,2.890700291892052e-05
325.5,2.8894228773418996e-05
325.625,2.8881467239468148e-05
325.74999999999994,2.886871830001064e-05
325.87499999999994,2.8855981938018903e-05
325.99999999999994,2.884325813649482e-05
326.12499999999994,2.8830546878469993e-05
326.25000000000006,2.8817848147005548e-05
326.37500000000006,2.8805161925191855e-05
326.50000000000006,2.8792488196148863e-05
326.62500000000006,2.8779826943026046e-05
326.75,2.8767178149001777e-05
326.875,2.8754541797283635e-05
327.0,2.874191787110858e-05
327.12499999999994,2.8729306353742534e-05
327.24999999999994,2.8716707228480244e-05
327.37499999999994,2.8704120478645725e-05
327.4999999999999,2.8691546087591786e-05
327.62500000000006,2.8678984038699875e-05
327.75000000000006,2.8666434315380663e-05
327.87500000000006,2.865389690107345e-05
328.00000000000006,2.8641371779246117e-05
328.125,2.8628858933395388e-05
328.25,2.861635834704657e-05
328.375,2.860387000375321e-05
328.49999999999994,2.8591393887097436e-05
328.62499999999994,2.8578929980690116e-05
328.74999999999994,2.8566478268169772e-05
328.8750000000001,2.8554038733203556e-05
329.00000000000006,2.854161135948684e-05
329.12500000000006,2.8529196130743032e-05
329.25000000000006,2.8516793030723452e-05
329.375,2.8504402043207635e-05
329.5,2.8492023152002994e-05
329.625,2.8479656340944636e-05
329.75,2.846730159389561e-05
329.87499999999994,2.8454958894746858e-05
329.99999999999994,2.8442628227416743e-05
330.12499999999994,2.8430309575851584e-05
330.2500000000001,2.8418002924025274e-05
330.37500000000006,2.8405708255939435e-05
330.50000000000006,2.83934255556229e-05
330.62500000000006,2.838115480713224e-05
330.75,2.8368895994551174e-05
330.875,2.835664910199068e-05
331.0,2.8344414113589135e-05
331.125,2.8332191013511922e-05
331.24999999999994,2.831997978595152e-05
331.37499999999994,2.8307780415127377e-05
331.49999999999994,2.829559288528647e-05
331.6250000000001,2.8283417180702117e-05
331.75000000000006,2.8271253285675224e-05
331.87500000000006,2.8259101184533288e-05
332.00000000000006,2.8246960861630787e-05
332.125,2.823483230134876e-05
332.25,2.8222715488095188e-05
332.375,2.821061040630465e-05
332.49999999999994,2.819851704043794e-05
332.62499999999994,2.8186435374982903e-05
332.74999999999994,2.8174365394453333e-05
332.87499999999994,2.8162307083389756e-05
333.0000000000001,2.81502604263589e-05
333.12500000000006,2.8138225407953886e-05
333.25000000000006,2.8126202012794318e-05
333.37500000000006,2.8114190225525777e-05
333.5,2.8102190030820123e-05
333.625,2.80902014133753e-05
333.75,2.8078224357915267e-05
333.87499999999994,2.806625884918992e-05
333.99999999999994,2.805430487197499e-05
334.12499999999994,2.8042362411072242e-05
334.24999999999994,2.8030431451309014e-05
334.3750000000001,2.80185119775386e-05
334.50000000000006,2.8006603974639716e-05
334.62500000000006,2.7994707427517014e-05
334.75000000000006,2.7982822321100635e-05
334.875,2.797094864034627e-05
335.0,2.795908637023517e-05
335.125,2.7947235495774203e-05
335.24999999999994,2.7935396001995487e-05
335.37499999999994,2.7923567873956643e-05
335.49999999999994,2.7911751096740628e-05
335.62499999999994,2.7899945655455362e-05
335.75000000000006,2.788815153523459e-05
335.87500000000006,2.7876368721236553e-05
336.00000000000006,2.7864597198644838e-05
336.12500000000006,2.78528369526677e-05
336.25,2.784108796853875e-05
336.375,2.782935023151611e-05
336.5,2.7817623726883e-05
336.62499999999994,2.7805908439947476e-05
336.74999999999994,2.7794204356042036e-05
336.87499999999994,2.7782511460524174e-05
336.9999999999999,2.7770829738776134e-05
337.12500000000006,2.7759159176204867e-05
337.25000000000006,2.7747499758241755e-05
337.37500000000006,2.7735851470342914e-05
337.50000000000006,2.772421429798899e-05
337.625,2.771258822668484e-05
337.75,2.7700973241959838e-05
337.875,2.7689369329367936e-05
337.99999999999994,2.7677776474487043e-05
338.12499999999994,2.766619466291933e-05
338.24999999999994,2.7654623880291056e-05
338.3750000000001,2.764306411225275e-05
338.50000000000006,2.7631515344478903e-05
338.62500000000006,2.7619977562668212e-05
338.75000000000006,2.760845075254316e-05
338.875,2.759693489985022e-05
339.0,2.7585429990359634e-05
339.125,2.7573936009865544e-05
339.25,2.7562452944185903e-05
339.37499999999994,2.7550980779162192e-05
339.49999999999994,2.75395195006595e-05
339.62499999999994,2.7528069094566712e-05
339.7500000000001,2.7516629546796027e-05
339.87500000000006,2.7505200843283487e-05
340.00000000000006,2.749378296998875e-05
340.12500000000006,2.7482375912894886e-05
340.25,2.7470979658008164e-05
340.375,2.745959419135866e-05
340.5,2.7448219498999592e-05
340.625,2.7436855567007492e-05
340.74999999999994,2.7425502381482107e-05
340.87499999999994,2.7414159928546377e-05
340.99999999999994,2.740282819434596e-05
341.1250000000001,2.7391507165049946e-05
341.25000000000006,2.7380196826850278e-05
341.37500000000006,2.7368897165961913e-05
341.50000000000006,2.735760816862247e-05
341.625,2.7346329821092525e-05
341.75,2.7335062109655582e-05
341.875,2.7323805020617684e-05
341.99999999999994,2.7312558540307818e-05
342.12499999999994,2.7301322655077567e-05
342.24999999999994,2.7290097351301396e-05
342.37499999999994,2.727888261537624e-05
342.5000000000001,2.7267678433721824e-05
342.62500000000006,2.7256484792780397e-05
342.75000000000006,2.724530167901675e-05
342.87500000000006,2.723412907891819e-05
343.0,2.7222966978994e-05
343.125,2.721181536577596e-05
343.25,2.72006742258181e-05
343.37499999999994,2.7189543545696418e-05
343.49999999999994,2.717842331200898e-05
343.62499999999994,2.7167313511376307e-05
343.74999999999994,2.7156214130440784e-05
343.87500000000006,2.7145125155866646e-05
344.00000000000006,2.713404657434109e-05
344.12500000000006,2.712297837257247e-05
344.25000000000006,2.7111920537291543e-05
344.375,2.7100873055250905e-05
344.5,2.7089835913225277e-05
344.625,2.7078809098010488e-05
344.74999999999994,2.706779259642459e-05
344.87499999999994,2.705678639530742e-05
344.99999999999994,2.704579048151992e-05
345.1249999999999,2.7034804841945147e-05
345.25000000000006,2.702382946348754e-05
345.37500000000006,2.7012864333073187e-05
345.50000000000006,2.700190943764977e-05
345.62500000000006,2.699096476418634e-05
345.75,2.6980030299673292e-05
345.875,2.6969106031122662e-05
346.0,2.6958191945567424e-05
346.12499999999994,2.6947288030061947e-05
346.24999999999994,2.6936394271681714e-05
346.37499999999994,2.692551065752342e-05
346.5000000000001,2.691463717470489e-05
346.62500000000006,2.6903773810365217e-05
346.75000000000006,2.689292055166459e-05
346.87500000000006,2.6882077385784038e-05
347.00000000000006,2.6871244299925735e-05
347.125,2.6860421281312837e-05
347.25,2.68496083171892e-05
347.375,2.6838805394819297e-05
347.49999999999994,2.6828012501488463e-05
347.62499999999994,2.6817229624502963e-05
347.74999999999994,2.6806456751189673e-05
347.8750000000001,2.6795693868896168e-05
348.00000000000006,2.678494096499083e-05
348.12500000000006,2.6774198026862745e-05
348.25000000000006,2.676346504192165e-05
348.375,2.675274199759809e-05
348.5,2.674202888134294e-05
348.625,2.673132568062754e-05
348.75,2.672063238294355e-05
348.87499999999994,2.670994897580307e-05
348.99999999999994,2.669927544673833e-05
349.12499999999994,2.6688611783302016e-05
349.2500000000001,2.6677957973066805e-05
349.37500000000006,2.6667314003625602e-05
349.50000000000006,2.6656679862591565e-05
349.62500000000006,2.6646055537597665e-05
349.75,2.6635441016297376e-05
349.875,2.662483628636399e-05
350.0,2.6614241335490993e-05
350.125,2.6603656151391476e-05
350.24999999999994,2.6593080721798604e-05
350.37499999999994,2.6582515034465546e-05
350.49999999999994,2.6571959077165142e-05
350.6250000000001,2.6561412837690288e-05
350.75000000000006,2.6550876303852966e-05
350.87500000000006,2.654034946348557e-05
351.00000000000006,2.6529832304440045e-05
351.125,2.651932481458775e-05
351.25,2.650882698182065e-05
351.375,2.6498338794049282e-05
351.49999999999994,2.64878602392046e-05
351.62499999999994,2.6477391305236526e-05
351.74999999999994,2.6466931980114702e-05
351.87499999999994,2.645648225182802e-05
352.0000000000001,2.644604210838452e-05
352.12500000000006,2.6435611537812116e-05
352.25000000000006,2.6425190528156635e-05
352.37500000000006,2.6414779067484435e-05
352.5,2.640437714388021e-05
352.625,2.639398474544848e-05
352.75,2.6383601860312637e-05
352.87499999999994,2.6373228476615404e-05
352.99999999999994,2.6362864582518567e-05
353.12499999999994,2.6352510166202927e-05
353.24999999999994,2.6342165215868404e-05
353.37500000000006,2.6331829719734033e-05
353.50000000000006,2.6321503666037456e-05
353.62500000000006,2.631118704303556e-05
353.75000000000006,2.6300879839003783e-05
353.875,2.629058204223647e-05
354.0,2.6280293641046912e-05
354.125,2.6270014623766978e-05
354.24999999999994,2.625974497874743e-05
354.37499999999994,2.624948469435742e-05
354.49999999999994,2.6239233758984873e-05
354.6249999999999,2.622899216103609e-05
354.75000000000006,2.6218759888936407e-05
354.87500000000006,2.620853693112898e-05
355.00000000000006,2.619832327607599e-05
355.12500000000006,2.6188118912257862e-05
355.25,2.617792382817363e-05
355.375,2.616773801234059e-05
355.5,2.6157561453294454e-05
355.62499999999994,2.614739413958926e-05
355.74999999999994,2.613723605979712e-05
355.87499999999994,2.612708720250875e-05
356.0000000000001,2.611694755633274e-05
356.12500000000006,2.6106817109895944e-05
356.25000000000006,2.6096695851843346e-05
356.37500000000006,2.608658377083804e-05
356.5,2.6076480855561284e-05
356.625,2.606638709471238e-05
356.75,2.6056302477008656e-05
356.875,2.6046226991185347e-05
356.99999999999994,2.603616062599565e-05
357.12499999999994,2.6026103370210715e-05
357.24999999999994,2.6016055212619246e-05
357.3750000000001,2.6006016142028033e-05
357.50000000000006,2.59959861472614e-05
357.62500000000006,2.5985965217161554e-05
357.75000000000006,2.5975953340588118e-05
357.875,2.5965950506418832e-05
358.0,2.595595670354868e-05
358.125,2.5945971920890608e-05
358.25,2.593599614737497e-05
358.37499999999994,2.5926029371949885e-05
358.49999999999994,2.5916071583580918e-05
358.62499999999994,2.590612277125108e-05
358.7500000000001,2.5896182923960993e-05
358.87500000000006,2.5886252030728392e-05
359.00000000000006,2.5876330080588517e-05
359.12500000000006,2.586641706259404e-05
359.25,2.585651296581487e-05
359.375,2.5846617779337763e-05
359.5,2.5836731492267293e-05
359.625,2.582685409372517e-05
359.74999999999994,2.5816985572849998e-05
359.87499999999994,2.580712591879796e-05
359.99999999999994,2.5797275120741812e-05
360.1250000000001,2.578743316787202e-05
360.25000000000006,2.5777600049395704e-05
360.37500000000006,2.576777575453731e-05
360.50000000000006,2.5757960272538004e-05
360.625,2.5748153592655675e-05
360.75,2.573835570416555e-05
360.875,2.5728566596359293e-05
360.99999999999994,2.571878625854605e-05
361.12499999999994,2.5709014680050843e-05
361.24999999999994,2.5699251850216083e-05
361.37499999999994,2.5689497758400918e-05
361.5000000000001,2.5679752393981007e-05
361.62500000000006,2.567001574634893e-05
361.75000000000006,2.5660287804913756e-05
361.87500000000006,2.5650568559101506e-05
362.0,2.5640857998354685e-05
362.125,2.563115611213254e-05
362.25,2.5621462889910668e-05
362.37499999999994,2.561177832118103e-05
362.49999999999994,2.560210239545217e-05
362.62499999999994,2.559243510224912e-05
362.74999999999994,2.558277643111318e-05
362.87500000000006,2.5573126371601887e-05
363.00000000000006,2.5563484913288996e-05
363.12500000000006,2.555385204576488e-05
363.25000000000006,2.5544227758636002e-05
363.375,2.5534612041525377e-05
363.5,2.5525004884072002e-05
363.625,2.5515406275931377e-05
363.74999999999994,2.5505816206774826e-05
363.87499999999994,2.549623466629009e-05
363.99999999999994,2.548666164418095e-05
364.1249999999999,2.547709713016675e-05
364.25000000000006,2.546754111398316e-05
364.37500000000006,2.545799358538181e-05
364.50000000000006,2.544845453413042e-05
364.62500000000006,2.543892395001235e-05
364.75,2.5429401822827534e-05
364.875,2.5419888142391715e-05
365.0,2.541038289853633e-05
365.12499999999994,2.540088608110908e-05
365.24999999999994,2.5391397679973104e-05
365.37499999999994,2.5381917685007567e-05
365.5000000000001,2.5372446086106846e-05
365.62500000000006,2.5362982873181025e-05
365.75000000000006,2.5353528036155734e-05
365.87500000000006,2.5344081564972153e-05
366.0,2.5334643449587007e-05
366.125,2.532521367997272e-05
366.25,2.531579224611737e-05
366.375,2.5306379138024434e-05
366.49999999999994,2.5296974345712988e-05
366.62499999999994,2.528757785921773e-05
366.74999999999994,2.5278189668588697e-05
366.8750000000001,2.5268809763891404e-05
367.00000000000006,2.5259438135206948e-05
367.12500000000006,2.5250074772631677e-05
367.25000000000006,2.5240719666277433e-05
367.375,2.5231372806271388e-05
367.5,2.522203418275607e-05
367.625,2.5212703785888978e-05
367.75,2.520338160584317e-05
367.87499999999994,2.5194067632806293e-05
367.99999999999994,2.5184761856981268e-05
368.12499999999994,2.5175464268585902e-05
368.2500000000001,2.516617485785331e-05
368.37500000000006,2.5156893615030966e-05
368.50000000000006,2.5147620530381905e-05
368.62500000000006,2.513835559418436e-05
368.75,2.5129098796731107e-05
368.875,2.5119850128330516e-05
369.0,2.511060957930584e-05
369.12499999999994,2.510137713999536e-05
369.24999999999994,2.509215280075216e-05
369.37499999999994,2.508293655194471e-05
369.49999999999994,2.5073728383956152e-05
369.6250000000001,2.5064528287184024e-05
369.75000000000006,2.5055336252041097e-05
369.87500000000006,2.5046152268954282e-05
370.00000000000006,2.5036976328365006e-05
370.125,2.5027808420729135e-05
370.25,2.5018648536516746e-05
370.375,2.5009496666212322e-05
370.49999999999994,2.5000352800314975e-05
370.62499999999994,2.499121692933876e-05
370.74999999999994,2.498208904381244e-05
370.87499999999994,2.4972969134279677e-05
371.00000000000006,2.4963857191298724e-05
371.12500000000006,2.495475320544285e-05
371.25000000000006,2.4945657167299463e-05
371.37500000000006,2.493656906747053e-05
371.5,2.492748889657196e-05
371.625,2.49184166452337e-05
371.75,2.490935230409965e-05
371.87499999999994,2.490029586382801e-05
371.99999999999994,2.4891247315091108e-05
372.12499999999994,2.488220664857543e-05
372.2499999999999,2.487317385498217e-05
372.37500000000006,2.4864148925026805e-05
372.50000000000006,2.4855131849439202e-05
372.62500000000006,2.4846122618963813e-05
372.75000000000006,2.483712122435913e-05
372.875,2.482812765639809e-05
373.0,2.4819141905867608e-05
373.125,2.4810163963568594e-05
373.24999999999994,2.4801193820315847e-05
373.37499999999994,2.479223146693821e-05
373.49999999999994,2.4783276894278207e-05
373.6250000000001,2.4774330093192082e-05
373.75000000000006,2.4765391054549695e-05
373.87500000000006,2.4756459769234547e-05
374.00000000000006,2.4747536228143847e-05
374.12500000000006,2.4738620422188382e-05
374.25,2.4729712342292906e-05
374.375,2.4720811979395786e-05
374.5,2.4711919324449284e-05
374.62499999999994,2.4703034368419434e-05
374.74999999999994,2.469415710228644e-05
374.87499999999994,2.4685287517043975e-05
375.0000000000001,2.4676425603699665e-05
375.12500000000006,2.466757135327525e-05
375.25000000000006,2.4658724756806202e-05
375.37500000000006,2.4649885805340974e-05
375.5,2.464105448994218e-05
375.625,2.463223080168589e-05
375.75,2.4623414731661097e-05
375.875,2.4614606270970525e-05
375.99999999999994,2.4605805410730035e-05
376.12499999999994,2.4597012142068582e-05
376.24999999999994,2.4588226456128222e-05
376.3750000000001,2.4579448344065354e-05
376.50000000000006,2.457067779704904e-05
376.62500000000006,2.4561914806261668e-05
376.75000000000006,2.4553159362899176e-05
376.875,2.454441145817089e-05
377.0,2.4535671083299423e-05
377.125,2.452693822952047e-05
377.25,2.451821288808316e-05
377.37499999999994,2.450949505024954e-05
377.49999999999994,2.450078470729484e-05
377.62499999999994,2.4492081850507575e-05
377.7500000000001,2.4483386471189367e-05
377.87500000000006,2.447469856065482e-05
378.00000000000006,2.446601811023176e-05
378.12500000000006,2.445734511126124e-05
378.25,2.44486795550971e-05
378.375,2.4440021433106148e-05
378.5,2.4431370736668185e-05
378.62499999999994,2.442272745717576e-05
378.74999999999994,2.4414091586034408e-05
378.87499999999994,2.4405463114662312e-05
378.99999999999994,2.4396842034490438e-05
379.1250000000001,2.438822833696283e-05
379.25000000000006,2.4379622013536125e-05
379.37500000000006,2.437102305567992e-05
379.50000000000006,2.4362431454876402e-05
379.625,2.4353847202620827e-05
379.75,2.4345270290421245e-05
379.875,2.433670070979828e-05
379.99999999999994,2.4328138452285455e-05
380.12499999999994,2.4319583509428742e-05
380.24999999999994,2.4311035872786954e-05
380.37499999999994,2.430249553393154e-05
380.50000000000006,2.429396248444663e-05
380.62500000000006,2.428543671592877e-05
380.75000000000006,2.4276918219986898e-05
380.87500000000006,2.426840698824286e-05
381.0,2.4259903012330658e-05
381.125,2.4251406283896763e-05
381.25,2.4242916794600353e-05
381.37499999999994,2.423443453611264e-05
381.49999999999994,2.4225959500117247e-05
381.62499999999994,2.421749167831024e-05
381.7499999999999,2.420903106240002e-05
381.87500000000006,2.42005776441072e-05
382.00000000000006,2.4192131415164813e-05
382.12500000000006,2.418369236731815e-05
382.25000000000006,2.4175260492324608e-05
382.375,2.4166835781954074e-05
382.5,2.4158418227988826e-05
382.625,2.4150007822223406e-05
382.74999999999994,2.414160455646467e-05
382.87499999999994,2.4133208422531584e-05
382.99999999999994,2.4124819412255413e-05
383.1250000000001,2.4116437517478854e-05
383.25000000000006,2.410806273005704e-05
383.37500000000006,2.4099695041857633e-05
383.50000000000006,2.4091334444759437e-05
383.625,2.4082980930653146e-05
383.75,2.4074634491441727e-05
383.875,2.4066295119039818e-05
384.0,2.4057962805374574e-05
384.12499999999994,2.404963754238567e-05
384.24999999999994,2.4041319322023822e-05
384.37499999999994,2.403300813625214e-05
384.5000000000001,2.4024703977045876e-05
384.62500000000006,2.4016406836392047e-05
384.75000000000006,2.400811670628955e-05
384.87500000000006,2.3999833578749258e-05
385.0,2.399155744579301e-05
385.125,2.3983288299454402e-05
385.25,2.3975026131779358e-05
385.375,2.396677093482479e-05
385.49999999999994,2.3958522700659655e-05
385.62499999999994,2.395028142136486e-05
385.74999999999994,2.394204708903249e-05
385.8750000000001,2.3933819695766967e-05
386.00000000000006,2.3925599233684105e-05
386.12500000000006,2.39173856949115e-05
386.25000000000006,2.390917907158815e-05
386.375,2.39009793558649e-05
386.5,2.3892786539903643e-05
386.625,2.388460061587807e-05
386.75,2.3876421575973342e-05
386.87499999999994,2.3868249412385817e-05
386.99999999999994,2.3860084117323304e-05
387.12499999999994,2.385192568300547e-05
387.2500000000001,2.3843774101663197e-05
387.37500000000006,2.3835629365538805e-05
387.50000000000006,2.3827491466886076e-05
387.62500000000006,2.381936039796992e-05
387.75,2.381123615106692e-05
387.875,2.380311871846452e-05
388.0,2.3795008092461964e-05
388.12499999999994,2.3786904265369353e-05
388.24999999999994,2.3778807229508103e-05
388.37499999999994,2.3770716977210622e-05
388.49999999999994,2.376263350082078e-05
388.6250000000001,2.3754556792693935e-05
388.75000000000006,2.3746486845195996e-05
388.87500000000006,2.3738423650704492e-05
389.00000000000006,2.3730367201607857e-05
389.125,2.3722317490306114e-05
389.25,2.3714274509210126e-05
389.375,2.370623825074181e-05
389.49999999999994,2.3698208707334278e-05
389.62499999999994,2.3690185871431536e-05
389.74999999999994,2.3682169735488615e-05
389.87499999999994,2.3674160291971625e-05
390.00000000000006,2.3666157533357524e-05
390.12500000000006,2.3658161452133936e-05
390.25000000000006,2.3650172040799757e-05
390.37500000000006,2.3642189291864926e-05
390.5,2.363421319785009e-05
390.625,2.362624375128691e-05
390.75,2.3618280944718027e-05
390.87499999999994,2.3610324770696992e-05
390.99999999999994,2.360237522178798e-05
391.12499999999994,2.3594432290566192e-05
391.2499999999999,2.3586495969617305e-05
391.37500000000006,2.357856625153773e-05
391.50000000000006,2.35706431289345e-05
391.62500000000006,2.3562726594425444e-05
391.75000000000006,2.3554816640639255e-05
391.875,2.3546913260215022e-05
392.0,2.3539016445802503e-05
392.125,2.3531126190062718e-05
392.24999999999994,2.3523242485666856e-05
392.37499999999994,2.35153653252973e-05
392.49999999999994,2.3507494701646808e-05
392.6250000000001,2.3499630607418744e-05
392.75000000000006,2.3491773035326783e-05
392.87500000000006,2.3483921978095458e-05
393.00000000000006,2.3476077428459877e-05
393.125,2.346823937916502e-05
393.25,2.346040782296691e-05
393.375,2.345258275263149e-05
393.5,2.34447641609356e-05
393.62499999999994,2.3436952040666067e-05
393.74999999999994,2.3429146384620397e-05
393.87499999999994,2.3421347185606343e-05
394.0000000000001,2.3413554436442155e-05
394.12500000000006,2.3405768129956346e-05
394.25000000000006,2.339798825898789e-05
394.37500000000006,2.3390214816386028e-05
394.5,2.338244779501036e-05
394.625,2.337468718773082e-05
394.75,2.3366932987427644e-05
394.875,2.3359185186991143e-05
394.99999999999994,2.335144377932191e-05
395.12499999999994,2.334370875733103e-05
395.24999999999994,2.333598011393931e-05
395.3750000000001,2.332825784207825e-05
395.50000000000006,2.3320541934689013e-05
395.62500000000006,2.3312832384723295e-05
395.75000000000006,2.3305129185142596e-05
395.875,2.329743232891902e-05
396.0,2.3289741809034403e-05
396.125,2.3282057618480677e-05
396.24999999999994,2.327437975026009e-05
396.37499999999994,2.326670819738464e-05
396.49999999999994,2.3259042952876497e-05
396.62499999999994,2.325138400976778e-05
396.7500000000001,2.3243731361100625e-05
396.87500000000006,2.3236084999926933e-05
397.00000000000006,2.3228444919308703e-05
397.12500000000006,2.322081111231779e-05
397.25,2.3213183572035905e-05
397.375,2.3205562291554635e-05
397.5,2.31979472639755e-05
397.62499999999994,2.3190338482409883e-05
397.74999999999994,2.3182735939979133e-05
397.87499999999994,2.3175139629814154e-05
397.99999999999994,2.3167549545056003e-05
398.1250000000001,2.3159965678855283e-05
398.25000000000006,2.315238802437253e-05
398.37500000000006,2.3144816574777845e-05
398.50000000000006,2.3137251323251312e-05
398.625,2.3129692262982508e-05
398.75,2.3122139387170646e-05
398.875,2.3114592689024872e-05
398.99999999999994,2.3107052161763906e-05
399.12499999999994,2.3099517798616294e-05
399.24999999999994,2.3091989592820005e-05
399.3749999999999,2.308446753762342e-05
399.50000000000006,2.307695162628364e-05
399.62500000000006,2.3069441852067967e-05
399.75000000000006,2.30619382082529e-05
399.87500000000006,2.305444068812478e-05
400.0,2.3046949284979253e-05
400.125,2.3039463992121184e-05
400.25,2.3031984802865463e-05
400.37499999999994,2.3024511710535326e-05
400.49999999999994,2.301704470846484e-05
400.62499999999994,2.3009583789996623e-05
400.7500000000001,2.300212894848327e-05
400.87500000000006,2.2994680177286517e-05
401.00000000000006,2.2987237469777788e-05
401.12500000000006,2.2979800819337843e-05
401.25000000000006,2.2972370219356805e-05
401.375,2.2964945663234493e-05
401.5,2.295752714437948e-05
401.625,2.2950114656209954e-05
401.74999999999994,2.294270819215362e-05
401.87499999999994,2.2935307745647203e-05
401.99999999999994,2.292791331013675e-05
402.1250000000001,2.2920524879077783e-05
402.25000000000006,2.2913142445934828e-05
402.37500000000006,2.2905766004181833e-05
402.50000000000006,2.289839554730192e-05
402.625,2.289103106878755e-05
402.75,2.288367256213994e-05
402.875,2.2876320020869866e-05
403.0,2.2868973438496994e-05
403.12499999999994,2.286163280855007e-05
403.24999999999994,2.285429812456707e-05
403.37499999999994,2.284696938009472e-05
403.5000000000001,2.2839646568689315e-05
403.62500000000006,2.2832329683915965e-05
403.75000000000006,2.282501871934878e-05
403.87500000000006,2.2817713668571063e-05
404.0,2.2810414525175345e-05
404.125,2.2803121282762813e-05
404.25,2.2795833934944023e-05
404.375,2.2788552475338538e-05
404.49999999999994,2.2781276897574647e-05
404.62499999999994,2.2774007195289922e-05
404.74999999999994,2.276674336213082e-05
404.8750000000001,2.2759485391752745e-05
405.00000000000006,2.275223327781978e-05
405.12500000000006,2.274498701400525e-05
405.25000000000006,2.273774659399105e-05
405.375,2.2730512011467913e-05
405.5,2.272328326013545e-05
405.625,2.2716060333701923e-05
405.74999999999994,2.2708843225884588e-05
405.87499999999994,2.2701631930409136e-05
405.99999999999994,2.2694426441010433e-05
406.12499999999994,2.26872267514319e-05
406.2500000000001,2.268003285542581e-05
406.37500000000006,2.2672844746753453e-05
406.50000000000006,2.2665662419184427e-05
406.62500000000006,2.2658485866497414e-05
406.75,2.2651315082479402e-05
406.875,2.2644150060926655e-05
407.0,2.2636990795643373e-05
407.12499999999994,2.2629837280443206e-05
407.24999999999994,2.2622689509147614e-05
407.37499999999994,2.2615547475587525e-05
407.49999999999994,2.260841117360193e-05
407.62500000000006,2.260128059703911e-05
407.75000000000006,2.2594155739755318e-05
407.87500000000006,2.2587036595615216e-05
408.00000000000006,2.2579923158492526e-05
408.125,2.2572815422268855e-05
408.25,2.2565713380835163e-05
408.375,2.2558617028089697e-05
408.49999999999994,2.2551526357940372e-05
408.62499999999994,2.2544441364302527e-05
408.74999999999994,2.2537362041100768e-05
408.8749999999999,2.2530288382268036e-05
409.00000000000006,2.2523220381745348e-05
409.12500000000006,2.2516158033482618e-05
409.25000000000006,2.250910133143773e-05
409.37500000000006,2.2502050269577542e-05
409.5,2.2495004841876748e-05
409.625,2.2487965042318647e-05
409.75,2.2480930864894906e-05
409.87499999999994,2.2473902303605618e-05
409.99999999999994,2.2466879352459187e-05
410.12499999999994,2.2459862005472047e-05
410.2500000000001,2.2452850256669106e-05
410.37500000000006,2.2445844100083405e-05
410.50000000000006,2.2438843529756313e-05
410.62500000000006,2.243184853973727e-05
410.75,2.2424859124084147e-05
410.875,2.241787527686285e-05
411.0,2.2410896992147724e-05
411.125,2.240392426402115e-05
411.24999999999994,2.2396957086573864e-05
411.37499999999994,2.2389995453904818e-05
411.49999999999994,2.238303936012097e-05
411.6250000000001,2.237608879933763e-05
411.75000000000006,2.236914376567817e-05
411.87500000000006,2.2362204253273898e-05
412.00000000000006,2.2355270256264486e-05
412.125,2.234834176879761e-05
412.25,2.2341418785029195e-05
412.375,2.2334501299122774e-05
412.5,2.2327589305250338e-05
412.62499999999994,2.232068279759194e-05
412.74999999999994,2.231378177033524e-05
412.87499999999994,2.2306886217676307e-05
413.0000000000001,2.2299996133818692e-05
413.12500000000006,2.22931115129744e-05
413.25000000000006,2.2286232349362738e-05
413.37500000000006,2.227935863721161e-05
413.5,2.227249037075622e-05
413.625,2.2265627544240095e-05
413.75,2.2258770151914674e-05
413.875,2.2251918188039514e-05
413.99999999999994,2.224507164688176e-05
414.12499999999994,2.2238230522716668e-05
414.24999999999994,2.2231394809827552e-05
414.3750000000001,2.222456450250515e-05
414.50000000000006,2.2217739595048593e-05
414.62500000000006,2.2210920081764188e-05
414.75000000000006,2.2204105956966616e-05
414.875,2.219729721497776e-05
415.0,2.2190493850127824e-05
415.125,2.218369585675428e-05
415.24999999999994,2.2176903229203164e-05
415.37499999999994,2.217011596182747e-05
415.49999999999994,2.216333404898795e-05
415.62499999999994,2.2156557485053478e-05
415.7500000000001,2.2149786264399912e-05
415.87500000000006,2.2143020381411224e-05
416.00000000000006,2.2136259830479082e-05
416.12500000000006,2.2129504606002695e-05
416.25,2.212275470238865e-05
416.375,2.2116010114051655e-05
416.5,2.2109270835414155e-05
416.62499999999994,2.210253686090583e-05
416.74999999999994,2.209580818496438e-05
416.87499999999994,2.208908480203534e-05
416.99999999999994,2.2082366706571196e-05
417.12500000000006,2.207565389303262e-05
417.25000000000006,2.2068946355887155e-05
417.37500000000006,2.206224408961039e-05
417.50000000000006,2.2055547088684896e-05
417.625,2.2048855347600927e-05
417.75,2.204216886085632e-05
417.875,2.2035487622956053e-05
417.99999999999994,2.2028811628413122e-05
418.12499999999994,2.202214087174766e-05
418.24999999999994,2.20154753474874e-05
418.3749999999999,2.2008815050167515e-05
418.50000000000006,2.200215997433093e-05
418.62500000000006,2.1995510114527908e-05
418.75000000000006,2.1988865465316004e-05
418.87500000000006,2.1982226021260177e-05
419.0,2.1975591776932496e-05
419.125,2.1968962726912707e-05
419.25,2.1962338865787577e-05
419.37499999999994,2.1955720188151407e-05
419.49999999999994,2.1949106688605622e-05
419.62499999999994,2.1942498361759047e-05
419.7500000000001,2.1935895202227762e-05
419.87500000000006,2.1929297204635254e-05
420.00000000000006,2.1922704363612257e-05
420.12500000000006,2.191611667379693e-05
420.25,2.190953412983454e-05
420.375,2.190295672637786e-05
420.5,2.1896384458086523e-05
420.625,2.1889817319627725e-05
420.74999999999994,2.1883255305675737e-05
420.87499999999994,2.1876698410912032e-05
420.99999999999994,2.1870146630025175e-05
421.1250000000001,2.186359995771081e-05
421.25000000000006,2.185705838867201e-05
421.37500000000006,2.185052191761883e-05
421.50000000000006,2.1843990539268465e-05
421.625,2.1837464248345358e-05
421.75,2.1830943039580924e-05
421.875,2.1824426907713847e-05
422.0,2.1817915847489936e-05
422.12499999999994,2.1811409853662038e-05
422.24999999999994,2.180490892098996e-05
422.37499999999994,2.1798413044240324e-05
422.5000000000001,2.1791922218187187e-05
422.62500000000006,2.1785436437611324e-05
422.75000000000006,2.1778955697300615e-05
422.87500000000006,2.1772479992049797e-05
423.0,2.17660093166609e-05
423.125,2.1759543665942705e-05
423.25,2.1753083034711543e-05
423.37499999999994,2.1746627417790287e-05
423.49999999999994,2.1740176810009117e-05
423.62499999999994,2.173373120620506e-05
423.74999999999994,2.1727290601222275e-05
423.8750000000001,2.1720854989911435e-05
424.00000000000006,2.1714424367130404e-05
424.12500000000006,2.1707998727743702e-05
424.25000000000006,2.17015780666224e-05
424.375,2.169516237864489e-05
424.5,2.1688751658696067e-05
424.625,2.1682345901667755e-05
424.74999999999994,2.167594510245853e-05
424.87499999999994,2.166954925597424e-05
424.99999999999994,2.166315835712705e-05
425.12499999999994,2.1656772400836278e-05
425.2500000000001,2.1650391382028096e-05
425.37500000000006,2.164401529563546e-05
425.50000000000006,2.163764413659794e-05
425.62500000000006,2.1631277899862027e-05
425.75,2.162491658038104e-05
425.875,2.1618560173114724e-05
426.0,2.1612208673029735e-05
426.12499999999994,2.1605862075099607e-05
426.24999999999994,2.1599520374304334e-05
426.37499999999994,2.15931835656308e-05
426.4999999999999,2.158685164407257e-05
426.62500000000006,2.1580524604629858e-05
426.75000000000006,2.1574202442309363e-05
426.87500000000006,2.156788515212479e-05
427.00000000000006,2.1561572729096126e-05
427.125,2.1555265168249957e-05
427.25,2.1548962464619634e-05
427.375,2.154266461324486e-05
427.49999999999994,2.153637160917202e-05
427.62499999999994,2.1530083447454088e-05
427.74999999999994,2.1523800123150736e-05
427.8750000000001,2.151752163132806e-05
428.00000000000006,2.1511247967059037e-05
428.12500000000006,2.1504979125422846e-05
428.25000000000006,2.1498715101505493e-05
428.37500000000006,2.149245589039944e-05
428.5,2.1486201487203855e-05
428.625,2.1479951887024185e-05
428.75,2.1473707084972502e-05
428.87499999999994,2.1467467076167266e-05
428.99999999999994,2.146123185573353e-05
429.12499999999994,2.1455001418802884e-05
429.2500000000001,2.144877576051327e-05
429.37500000000006,2.1442554876008997e-05
429.50000000000006,2.1436338760440915e-05
429.62500000000006,2.143012740896634e-05
429.75,2.1423920816749044e-05
429.875,2.141771897895909e-05
430.0,2.14115218907729e-05
430.125,2.140532954737326e-05
430.24999999999994,2.139914194394921e-05
430.37499999999994,2.1392959075696276e-05
430.49999999999994,2.1386780937816104e-05
430.6250000000001,2.1380607525516743e-05
430.75000000000006,2.1374438834012378e-05
430.87500000000006,2.1368274858523697e-05
431.00000000000006,2.136211559427777e-05
431.125,2.1355961036508282e-05
431.25,2.1349811180454627e-05
431.375,2.1343666021363337e-05
431.5,2.1337525554486506e-05
431.62499999999994,2.1331389775083093e-05
431.74999999999994,2.1325258678417906e-05
431.87499999999994,2.1319132259762157e-05
432.0000000000001,2.1313010514393034e-05
432.12500000000006,2.130689343759377e-05
432.25000000000006,2.130078102465417e-05
432.37500000000006,2.1294673270869987e-05
432.5,2.128857017154328e-05
432.625,2.1282471721982047e-05
432.75,2.1276377917500687e-05
432.87499999999994,2.1270288753419797e-05
432.99999999999994,2.1264204225066097e-05
433.12499999999994,2.125812432777264e-05
433.24999999999994,2.1252049056878537e-05
433.3750000000001,2.1245978407728728e-05
433.50000000000006,2.1239912375674642e-05
433.62500000000006,2.1233850956073545e-05
433.75000000000006,2.1227794144288973e-05
433.875,2.1221741935690425e-05
434.0,2.1215694325653402e-05
434.125,2.1209651309559328e-05
434.24999999999994,2.1203612882795984e-05
434.37499999999994,2.1197579040756895e-05
434.49999999999994,2.1191549778841983e-05
434.62499999999994,2.118552509245698e-05
434.75000000000006,2.1179504977013586e-05
434.87500000000006,2.117348942792964e-05
435.00000000000006,2.1167478440629023e-05
435.12500000000006,2.1161472010541654e-05
435.25,2.115547013310341e-05
435.375,2.114947280375613e-05
435.5,2.1143480017947592e-05
435.62499999999994,2.1137491771131654e-05
435.74999999999994,2.1131508058767892e-05
435.87499999999994,2.1125528876321767e-05
435.9999999999999,2.1119554219264786e-05
436.12500000000006,2.1113584083074217e-05
436.25000000000006,2.1107618463233093e-05
436.37500000000006,2.1101657355230528e-05
436.50000000000006,2.1095700754561177e-05
436.625,2.1089748656725932e-05
436.75,2.1083801057231494e-05
436.875,2.107785795159044e-05
436.99999999999994,2.1071919335321322e-05
437.12499999999994,2.1065985203948475e-05
437.24999999999994,2.1060055553002216e-05
437.3750000000001,2.1054130378018666e-05
437.50000000000006,2.104820967453988e-05
437.62500000000006,2.1042293438113424e-05
437.75000000000006,2.1036381664292818e-05
437.875,2.1030474348637226e-05
438.0,2.102457148671157e-05
438.125,2.101867307408622e-05
438.25,2.101277910633742e-05
438.37499999999994,2.1006889579047105e-05
438.49999999999994,2.1001004487802966e-05
438.62499999999994,2.0995123828198476e-05
438.7500000000001,2.09892475958329e-05
438.87500000000006,2.0983375786311257e-05
439.00000000000006,2.0977508395244393e-05
439.12500000000006,2.097164541824894e-05
439.25,2.0965786850946843e-05
439.375,2.0959932688966235e-05
439.5,2.095408292794071e-05
439.625,2.0948237563509178e-05
439.74999999999994,2.0942396591316225e-05
439.87499999999994,2.093656000701209e-05
439.99999999999994,2.093072780625274e-05
440.1250000000001,2.0924899984699566e-05
440.25000000000006,2.0919076538020087e-05
440.37500000000006,2.0913257461886813e-05
440.50000000000006,2.0907442751977955e-05
440.625,2.0901632403977877e-05
440.75,2.0895826413576002e-05
440.875,2.089002477646773e-05
441.0,2.0884227488353433e-05
441.12499999999994,2.0878434544939578e-05
441.24999999999994,2.0872645941937677e-05
441.37499999999994,2.0866861675065274e-05
441.5000000000001,2.0861081740045124e-05
441.62500000000006,2.085530613260544e-05
441.75000000000006,2.0849534848480303e-05
441.87500000000006,2.084376788340923e-05
442.0,2.083800523313693e-05
442.125,2.0832246893413855e-05
442.25,2.0826492859995915e-05
442.37499999999994,2.082074312864421e-05
442.49999999999994,2.081499769512564e-05
442.62499999999994,2.080925655521241e-05
442.74999999999994,2.0803519704681915e-05
442.8750000000001,2.0797787139317147e-05
443.00000000000006,2.079205885490671e-05
443.12500000000006,2.0786334847244334e-05
443.25000000000006,2.0780615112129195e-05
443.375,2.0774899645366038e-05
443.5,2.0769188442764845e-05
443.625,2.0763481500140917e-05
443.74999999999994,2.0757778813315035e-05
443.87499999999994,2.075208037811334e-05
443.99999999999994,2.0746386190367196e-05
444.12499999999994,2.074069624591341e-05
444.25000000000006,2.073501054059412e-05
444.37500000000006,2.0729329070256942e-05
444.50000000000006,2.0723651830754453e-05
444.62500000000006,2.071797881794502e-05
444.75,2.0712310027692054e-05
444.875,2.0706645455864332e-05
445.0,2.0700985098335893e-05
445.12499999999994,2.0695328950986073e-05
445.24999999999994,2.068967700969955e-05
445.37499999999994,2.068402927036609e-05
445.4999999999999,2.06783857288809e-05
445.62500000000006,2.0672746381144262e-05
445.75000000000006,2.0667111223061604e-05
445.87500000000006,2.0661480250543768e-05
446.00000000000006,2.0655853459506634e-05
446.125,2.0650230845871438e-05
446.25,2.0644612405564456e-05
446.375,2.0638998134517094e-05
446.49999999999994,2.063338802866615e-05
446.62499999999994,2.0627782083953383e-05
446.74999999999994,2.062218029632588e-05
446.8750000000001,2.0616582661735833e-05
447.00000000000006,2.061098917614049e-05
447.12500000000006,2.060539983550253e-05
447.25000000000006,2.0599814635790046e-05
447.375,2.0594233572975824e-05
447.5,2.058865664303864e-05
447.625,2.058308384196134e-05
447.75,2.0577515165732786e-05
447.87499999999994,2.0571950610345818e-05
447.99999999999994,2.056639017180005e-05
448.12499999999994,2.0560833846098692e-05
448.2500000000001,2.0555281629250403e-05
448.37500000000006,2.0549733517268907e-05
448.50000000000006,2.0544189506172207e-05
448.62500000000006,2.0538649591984528e-05
448.75,2.053311377073443e-05
448.875,2.0527582038456137e-05
449.0,2.0522054391187495e-05
449.125,2.0516530824972792e-05
449.24999999999994,2.051101133586066e-05
449.37499999999994,2.0505495919904898e-05
449.49999999999994,2.049998457316449e-05
449.6250000000001,2.0494477291703326e-05
449.75000000000006,2.0488974071590173e-05
449.87500000000006,2.0483474908898953e-05
450.00000000000006,2.0477979799708754e-05
450.125,2.047248874010337e-05
450.25,2.0467001726171688e-05
450.375,2.0461518754007743e-05
450.49999999999994,2.0456039819710367e-05
450.62499999999994,2.0450564919383288e-05
450.74999999999994,2.0445094049135275e-05
450.87499999999994,2.043962720507986e-05
451.0000000000001,2.0434164383335453e-05
451.12500000000006,2.0428705580025394e-05
451.25000000000006,2.0423250791277594e-05
451.37500000000006,2.041780001322487e-05
451.5,2.0412353242004997e-05
451.625,2.0406910473760337e-05
451.75,2.0401471704638288e-05
451.87499999999994,2.0396036930791056e-05
451.99999999999994,2.0390606148375833e-05
452.12499999999994,2.038517935355484e-05
452.24999999999994,2.0379756542495123e-05
452.3750000000001,2.037433771136871e-05
452.50000000000006,2.0368922856352398e-05
452.62500000000006,2.0363511973627987e-05
452.75000000000006,2.0358105059381876e-05
452.875,2.0352702109805344e-05
453.0,2.034730312109435e-05
453.125,2.034190808944945e-05
453.24999999999994,2.0336517011075976e-05
453.37499999999994,2.0331129882183946e-05
453.49999999999994,2.0325746698987966e-05
453.62499999999994,2.0320367457707808e-05
453.75000000000006,2.0314992154567568e-05
453.87500000000006,2.0309620785796498e-05
454.00000000000006,2.0304253347628457e-05
454.12500000000006,2.0298889836302147e-05
454.25,2.0293530248061076e-05
454.375,2.0288174579153494e-05
454.5,2.028282282583232e-05
454.62499999999994,2.0277474984355083e-05
454.74999999999994,2.0272131050984204e-05
454.87499999999994,2.0266791021986474e-05
455.0000000000001,2.0261454893633386e-05
455.12500000000006,2.0256122662201008e-05
455.25000000000006,2.0250794323970214e-05
455.37500000000006,2.0245469875226246e-05
455.50000000000006,2.024014931225948e-05
455.625,2.0234832631364582e-05
455.75,2.0229519828840847e-05
455.875,2.0224210900992442e-05
455.99999999999994,2.0218905844127913e-05
456.12499999999994,2.0213604654560716e-05
456.24999999999994,2.020830732860852e-05
456.3750000000001,2.0203013862593795e-05
456.50000000000006,2.0197724252843116e-05
456.62500000000006,2.0192438495688008e-05
456.75000000000006,2.0187156587464266e-05
456.875,2.0181878524512502e-05
457.0,2.017660430317805e-05
457.125,2.0171333919810724e-05
457.25,2.016606737076494e-05
457.37499999999994,2.0160804652400286e-05
457.49999999999994,2.0155545761080537e-05
457.62499999999994,2.0150290693174137e-05
457.7500000000001,2.01450394450542e-05
457.87500000000006,2.013979201309804e-05
458.00000000000006,2.0134548393687246e-05
458.12500000000006,2.0129308583207808e-05
458.25,2.012407257805032e-05
458.375,2.0118840374609215e-05
458.5,2.01136119692839e-05
458.625,2.010838735847804e-05
458.74999999999994,2.0103166538599863e-05
458.87499999999994,2.009794950606201e-05
458.99999999999994,2.0092736257281897e-05
459.1250000000001,2.0087526788681432e-05
459.25000000000006,2.008232109668687e-05
459.37500000000006,2.0077119177729003e-05
459.50000000000006,2.007192102824309e-05
459.625,2.006672664466875e-05
459.75,2.006153602345006e-05
459.875,2.005634916103548e-05
459.99999999999994,2.005116605387786e-05
460.12499999999994,2.004598669843437e-05
460.24999999999994,2.0040811091166674e-05
460.37499999999994,2.0035639228540702e-05
460.5000000000001,2.003047110702661e-05
460.62500000000006,2.002530672309885e-05
460.75000000000006,2.0020146073236407e-05
460.87500000000006,2.001498915392249e-05
461.0,2.0009835961644662e-05
461.125,2.0004686492894954e-05
461.25,1.9999540744169595e-05
461.37499999999994,1.9994398711969374e-05
461.49999999999994,1.9989260392799484e-05
461.62499999999994,1.9984125783169542e-05
461.74999999999994,1.9978994879593297e-05
461.87500000000006,1.9973867678588823e-05
462.00000000000006,1.9968744176678473e-05
462.12500000000006,1.9963624370388963e-05
462.25000000000006,1.9958508256251235e-05
462.375,1.9953395830800337e-05
462.5,1.9948287090575626e-05
462.625,1.994318203212069e-05
462.74999999999994,1.9938080651983455e-05
462.87499999999994,1.9932982946715906e-05
462.99999999999994,1.9927888912874316e-05
463.1249999999999,1.9922798547019396e-05
463.25000000000006,1.9917711845715656e-05
463.37500000000006,1.991262880553218e-05
463.50000000000006,1.990754942304207e-05
463.62500000000006,1.9902473694822662e-05
463.75,1.9897401617455688e-05
463.875,1.9892333187527477e-05
464.0,1.9887268401627876e-05
464.12499999999994,1.9882207256351015e-05
464.24999999999994,1.9877149748295784e-05
464.37499999999994,1.9872095874065128e-05
464.5000000000001,1.9867045630265867e-05
464.62500000000006,1.9861999013509235e-05
464.75000000000006,1.9856956020410268e-05
464.87500000000006,1.9851916647588268e-05
465.0,1.9846880891667026e-05
465.125,1.9841848749274254e-05
465.25,1.9836820217041697e-05
465.375,1.983179529160494e-05
465.49999999999994,1.982677396960426e-05
465.62499999999994,1.982175624768356e-05
465.74999999999994,1.98167421224912e-05
465.8750000000001,1.9811731590679093e-05
466.00000000000006,1.9806724648903623e-05
466.12500000000006,1.9801721293824946e-05
466.25000000000006,1.9796721522107436e-05
466.375,1.9791725330419764e-05
466.5,1.978673271543432e-05
466.625,1.9781743673827793e-05
466.75,1.9776758202280743e-05
466.87499999999994,1.9771776297478097e-05
466.99999999999994,1.97667979561087e-05
467.12499999999994,1.9761823174865538e-05
467.2500000000001,1.9756851950445682e-05
467.37500000000006,1.9751884279550294e-05
467.50000000000006,1.9746920158884486e-05
467.62500000000006,1.974195958515758e-05
467.75,1.9737002555082974e-05
467.875,1.973204906537776e-05
468.0,1.97270991127633e-05
468.125,1.9722152693964747e-05
468.24999999999994,1.9717209805711247e-05
468.37499999999994,1.9712270444735627e-05
468.49999999999994,1.9707334607774993e-05
468.6250000000001,1.9702402291570162e-05
468.75000000000006,1.9697473492865838e-05
468.87500000000006,1.969254820841099e-05
469.00000000000006,1.9687626434958044e-05
469.125,1.9682708169263867e-05
469.25,1.9677793408088914e-05
469.375,1.9672882148197928e-05
469.49999999999994,1.9667974386359304e-05
469.62499999999994,1.96630701193455e-05
469.74999999999994,1.965816934393299e-05
469.87499999999994,1.9653272056902234e-05
470.0000000000001,1.964837825503745e-05
470.12500000000006,1.9643487935126776e-05
470.25000000000006,1.9638601093962515e-05
470.37500000000006,1.963371772834057e-05
470.5,1.9628837835060972e-05
470.625,1.9623961410927494e-05
470.75,1.961908845274775e-05
470.87499999999994,1.9614218957333156e-05
470.99999999999994,1.9609352921499057e-05
471.12499999999994,1.96044903420646e-05
471.24999999999994,1.95996312158525e-05
471.37500000000006,1.9594775539689705e-05
471.50000000000006,1.9589923310406584e-05
471.62500000000006,1.9585074524837734e-05
471.75000000000006,1.958022917982132e-05
471.875,1.9575387272199628e-05
472.0,1.9570548798818727e-05
472.125,1.9565713756528416e-05
472.24999999999994,1.9560882142182525e-05
472.37499999999994,1.955605395263849e-05
472.49999999999994,1.9551229184757845e-05
472.6249999999999,1.954640783540547e-05
472.75000000000006,1.9541589901450114e-05
472.87500000000006,1.9536775379764065e-05
473.00000000000006,1.9531964267223377e-05
473.12500000000006,1.9527156560708165e-05
473.25,1.9522352257101794e-05
473.375,1.9517551353291825e-05
473.5,1.9512753846169287e-05
473.62499999999994,1.9507959732629233e-05
473.74999999999994,1.950316900957061e-05
473.87499999999994,1.949838167389591e-05
474.0000000000001,1.9493597722511783e-05
474.12500000000006,1.9488817152328032e-05
474.25000000000006,1.9484039960258754e-05
474.37500000000006,1.947926614322116e-05
474.5,1.947449569813648e-05
474.625,1.9469728621929518e-05
474.75,1.9464964911528593e-05
474.875,1.9460204563865928e-05
474.99999999999994,1.9455447575877235e-05
475.12499999999994,1.9450693944502415e-05
475.24999999999994,1.944594366668447e-05
475.3750000000001,1.944119673937048e-05
475.50000000000006,1.9436453159511206e-05
475.62500000000006,1.94317129240609e-05
475.75000000000006,1.9426976029977878e-05
475.875,1.942224247422352e-05
476.0,1.9417512253763154e-05
476.125,1.9412785365565292e-05
476.25,1.9408061806602508e-05
476.37499999999994,1.9403341573850598e-05
476.49999999999994,1.9398624664289048e-05
476.62499999999994,1.939391107490089e-05
476.7500000000001,1.938920080267273e-05
476.87500000000006,1.938449384459504e-05
477.00000000000006,1.937979019766174e-05
477.12500000000006,1.9375089858870514e-05
477.25,1.937039282522261e-05
477.375,1.9365699093722926e-05
477.5,1.936100866138014e-05
477.62499999999994,1.935632152520642e-05
477.74999999999994,1.935163768221744e-05
477.87499999999994,1.9346957129432596e-05
477.99999999999994,1.934227986387468e-05
478.1250000000001,1.933760588256988e-05
478.25000000000006,1.9332935182548033e-05
478.37500000000006,1.932826776084236e-05
478.50000000000006,1.932360361448931e-05
478.625,1.931894274052911e-05
478.75,1.9314285136005344e-05
478.875,1.930963079796557e-05
478.99999999999994,1.930497972346042e-05
479.12499999999994,1.9300331909544626e-05
479.24999999999994,1.9295687353276233e-05
479.37499999999994,1.9291046051717248e-05
479.5000000000001,1.9286408001932893e-05
479.62500000000006,1.928177320099186e-05
479.75000000000006,1.927714164596614e-05
479.87500000000006,1.927251333393135e-05
480.0,1.9267888261966067e-05
480.125,1.9263266427152823e-05
480.25,1.925864782657722e-05
480.37499999999994,1.925403245732818e-05
480.49999999999994,1.924942031649858e-05
480.62499999999994,1.924481140118436e-05
480.74999999999994,1.9240205708485458e-05
480.87500000000006,1.923560323550458e-05
481.00000000000006,1.9231003979348795e-05
481.12500000000006,1.9226407937127578e-05
481.25000000000006,1.9221815105954305e-05
481.375,1.9217225482945973e-05
481.5,1.9212639065222556e-05
481.625,1.9208055849907872e-05
481.74999999999994,1.9203475834128802e-05
481.87499999999994,1.919889901501597e-05
481.99999999999994,1.9194325389703242e-05
482.1249999999999,1.9189754955327944e-05
482.25000000000006,1.918518770903089e-05
482.37500000000006,1.9180623647955983e-05
482.50000000000006,1.9176062769250637e-05
482.62500000000006,1.9171505070065672e-05
482.75,1.91669505475552e-05
482.875,1.9162399198876524e-05
483.0,1.915785102119047e-05
483.12499999999994,1.9153306011661328e-05
483.24999999999994,1.9148764167456723e-05
483.37499999999994,1.9144225485747524e-05
483.5000000000001,1.913968996370816e-05
483.62500000000006,1.9135157598516054e-05
483.75000000000006,1.9130628387352398e-05
483.87500000000006,1.9126102327401302e-05
484.0,1.912157941585044e-05
484.125,1.911705964989056e-05
484.25,1.9112543026715756e-05
484.375,1.9108029543523563e-05
484.49999999999994,1.9103519197514646e-05
484.62499999999994,1.9099011985893297e-05
484.74999999999994,1.9094507905866627e-05
484.8750000000001,1.909000695464557e-05
485.00000000000006,1.908550912944392e-05
485.12500000000006,1.908101442747894e-05
485.25000000000006,1.9076522845970778e-05
485.375,1.907203438214338e-05
485.5,1.906754903322338e-05
485.625,1.906306679644114e-05
485.75,1.9058587669029836e-05
485.87499999999994,1.9054111648226377e-05
485.99999999999994,1.904963873127077e-05
486.12499999999994,1.9045168915406322e-05
486.2500000000001,1.9040702197879762e-05
486.37500000000006,1.9036238575940794e-05
486.50000000000006,1.9031778046842615e-05
486.62500000000006,1.9027320607841388e-05
486.75,1.902286625619674e-05
486.875,1.9018414989171468e-05
487.0,1.9013966804031095e-05
487.12499999999994,1.9009521698044963e-05
487.24999999999994,1.9005079668485268e-05
487.37499999999994,1.900064071262741e-05
487.49999999999994,1.8996204827750083e-05
487.6250000000001,1.8991772011134834e-05
487.75000000000006,1.8987342260067133e-05
487.87500000000006,1.898291557183465e-05
488.00000000000006,1.8978491943729005e-05
488.125,1.8974071373044507e-05
488.25,1.896965385707871e-05
488.375,1.8965239393132344e-05
488.49999999999994,1.896082797850917e-05
488.62499999999994,1.895641961051637e-05
488.74999999999994,1.895201428646362e-05
488.87499999999994,1.8947612003664496e-05
489.00000000000006,1.8943212759435485e-05
489.12500000000006,1.8938816551096183e-05
489.25000000000006,1.8934423375969606e-05
489.37500000000006,1.893003323138155e-05
489.5,1.8925646114661444e-05
489.625,1.8921262023141652e-05
489.75,1.891688095415756e-05
489.87499999999994,1.891250290504764e-05
489.99999999999994,1.890812787315352e-05
490.12499999999994,1.890375585581959e-05
490.2499999999999,1.8899386850393482e-05
490.37500000000006,1.8895020854225916e-05
490.50000000000006,1.8890657864670668e-05
490.62500000000006,1.8886297879084424e-05
490.75000000000006,1.8881940894827316e-05
490.875,1.887758690926229e-05
491.0,1.8873235919755456e-05
491.125,1.8868887923676157e-05
491.24999999999994,1.8864542918396564e-05
491.37499999999994,1.8860200901292112e-05
491.49999999999994,1.8855861869740996e-05
491.6250000000001,1.885152582112469e-05
491.75000000000006,1.8847192752827396e-05
491.87500000000006,1.8842862662236574e-05
492.00000000000006,1.883853554674257e-05
492.12500000000006,1.883421140373886e-05
492.25,1.8829890230622172e-05
492.375,1.8825572024792124e-05
492.5,1.8821256783651473e-05
492.62499999999994,1.881694450460584e-05
492.74999999999994,1.881263518506411e-05
492.87499999999994,1.8808328822437978e-05
493.0000000000001,1.8804025414142214e-05
493.12500000000006,1.87997249575943e-05
493.25000000000006,1.8795427450214824e-05
493.37500000000006,1.879113288942735e-05
493.5,1.8786841272658198e-05
493.625,1.8782552597336844e-05
493.75,1.8778266860895817e-05
493.875,1.877398406077033e-05
493.99999999999994,1.8769704194398722e-05
494.12499999999994,1.8765427259222428e-05
494.24999999999994,1.876115325268586e-05
494.3750000000001,1.8756882172236138e-05
494.50000000000006,1.875261401532364e-05
494.62500000000006,1.8748348779401587e-05
494.75000000000006,1.874408646192604e-05
494.875,1.873982706035631e-05
495.0,1.8735570572154458e-05
495.125,1.8731316994785548e-05
495.25,1.8727066325717375e-05
495.37499999999994,1.8722818562420914e-05
495.49999999999994,1.8718573702370013e-05
495.62499999999994,1.871433174304134e-05
495.7500000000001,1.8710092681914327e-05
495.87500000000006,1.8705856516471512e-05
496.00000000000006,1.8701623244197874e-05
496.12500000000006,1.8697392862581843e-05
496.25,1.869316536911451e-05
496.375,1.8688940761289634e-05
496.5,1.868471903660401e-05
496.62499999999994,1.868050019255741e-05
496.74999999999994,1.867628422665246e-05
496.87499999999994,1.8672071136394444e-05
496.99999999999994,1.866786091929213e-05
497.1250000000001,1.866365357285643e-05
497.25000000000006,1.8659449094601285e-05
497.37500000000006,1.8655247482043935e-05
497.50000000000006,1.8651048732704065e-05
497.625,1.864685284410437e-05
497.75,1.864265981377044e-05
497.875,1.8638469639230608e-05
497.99999999999994,1.8634282318015938e-05
498.12499999999994,1.863009784766063e-05
498.24999999999994,1.8625916225701593e-05
498.37499999999994,1.8621737449678397e-05
498.50000000000006,1.8617561517133427e-05
498.62500000000006,1.861338842561204e-05
498.75000000000006,1.8609218172662215e-05
498.87500000000006,1.8605050755834952e-05
499.0,1.8600886172683985e-05
499.125,1.859672442076577e-05
499.25,1.8592565497639524e-05
499.37499999999994,1.8588409400867413e-05
499.49999999999994,1.8584256128014333e-05
499.62499999999994,1.858010567664786e-05
499.7499999999999,1.8575958044338778e-05
499.87500000000006,1.8571813228660206e-05
500.00000000000006,1.8567671227188286e-05
500.12500000000006,1.856353203750189e-05
500.25000000000006,1.8559395657182676e-05
500.375,1.8555262083814873e-05
500.5,1.8551131314985557e-05
500.625,1.854700334828444e-05
500.74999999999994,1.8542878181303823e-05
500.87499999999994,1.8538755811639e-05
500.99999999999994,1.8534636236887955e-05
501.1250000000001,1.853051945465129e-05
501.25000000000006,1.8526405462532542e-05
501.37500000000006,1.8522294258137808e-05
501.50000000000006,1.8518185839076107e-05
501.625,1.8514080202959246e-05
501.75,1.8509977347401745e-05
501.875,1.8505877270020662e-05
502.0,1.850177996843588e-05
502.12499999999994,1.849768544027006e-05
502.24999999999994,1.8493593683148653e-05
502.37499999999994,1.848950469469973e-05
502.5000000000001,1.8485418472554033e-05
502.62500000000006,1.848133501434502e-05
502.75000000000006,1.8477254317708697e-05
502.87500000000006,1.8473176380284013e-05
503.0,1.8469101199712132e-05
503.125,1.846502877363711e-05
503.25,1.8460959099705644e-05
503.375,1.845689217556741e-05
503.49999999999994,1.8452827998874395e-05
503.62499999999994,1.8448766567281033e-05
503.74999999999994,1.8444707878445095e-05
503.8750000000001,1.8440651930026974e-05
504.00000000000006,1.843659871968954e-05
504.12500000000006,1.843254824509846e-05
504.25000000000006,1.8428500503921203e-05
504.375,1.8424455493828367e-05
504.5,1.842041321249311e-05
504.625,1.8416373657591804e-05
504.74999999999994,1.841233682680255e-05
504.87499999999994,1.8408302717806365e-05
504.99999999999994,1.840427132828712e-05
505.12499999999994,1.840024265593135e-05
505.2500000000001,1.8396216698428585e-05
505.37500000000006,1.839219345347063e-05
505.50000000000006,1.8388172918751987e-05
505.62500000000006,1.8384155091969597e-05
505.75,1.8380139970823025e-05
505.875,1.8376127553014556e-05
506.0,1.837211783624867e-05
506.12499999999994,1.8368110818232626e-05
506.24999999999994,1.8364106496676263e-05
506.37499999999994,1.836010486929202e-05
506.49999999999994,1.8356105933794887e-05
506.6250000000001,1.835210968790239e-05
506.75000000000006,1.8348116129334753e-05
506.87500000000006,1.834412525581457e-05
507.00000000000006,1.8340137065067352e-05
507.125,1.833615155482094e-05
507.25,1.8332168722806027e-05
507.375,1.8328188566755856e-05
507.49999999999994,1.8324211084406328e-05
507.62499999999994,1.8320236273495985e-05
507.74999999999994,1.831626413176561e-05
507.87499999999994,1.831229465695871e-05
508.00000000000006,1.830832784682117e-05
508.12500000000006,1.8304363699101312e-05
508.25000000000006,1.8300402211549695e-05
508.37500000000006,1.8296443381919496e-05
508.5,1.829248720796646e-05
508.625,1.8288533687448646e-05
508.75,1.8284582818126876e-05
508.87499999999994,1.8280634597764438e-05
508.99999999999994,1.827668902412743e-05
509.12499999999994,1.8272746094984233e-05
509.2499999999999,1.8268805808106112e-05
509.37500000000006,1.826486816126679e-05
509.50000000000006,1.8260933152242134e-05
509.62500000000006,1.8257000778810757e-05
509.75000000000006,1.825307103875382e-05
509.875,1.8249143929854845e-05
510.0,1.8245219449899644e-05
510.125,1.824129759667678e-05
510.24999999999994,1.8237378367976936e-05
510.37499999999994,1.823346176159325e-05
510.49999999999994,1.8229547775321343e-05
510.6250000000001,1.8225636406959082e-05
510.75000000000006,1.8221727654307083e-05
510.87500000000006,1.8217821515168137e-05
511.00000000000006,1.821391798734803e-05
511.125,1.821001706865553e-05
511.25,1.82061187569014e-05
511.375,1.8202223049899656e-05
511.5,1.8198329945465915e-05
511.62499999999994,1.8194439441419914e-05
511.74999999999994,1.819055153558206e-05
511.87499999999994,1.8186666225776714e-05
512.0000000000001,1.8182783509829543e-05
512.1250000000001,1.8178903385566634e-05
512.2500000000001,1.817502585081897e-05
512.375,1.81711509034179e-05
512.5,1.816727854119822e-05
512.625,1.8163408761996628e-05
512.75,1.815954156365257e-05
512.875,1.8155676944007575e-05
513.0,1.815181490090547e-05
513.1249999999999,1.814795543219448e-05
513.2499999999999,1.8144098535723185e-05
513.3750000000001,1.814024420934392e-05
513.5000000000001,1.8136392450911497e-05
513.625,1.8132543258282176e-05
513.75,1.8128696629315245e-05
513.875,1.8124852561872037e-05
514.0,1.812101105381644e-05
514.125,1.8117172103014592e-05
514.25,1.811333570733502e-05
514.375,1.810950186464855e-05
514.4999999999999,1.8105670572828246e-05
514.6249999999999,1.8101841829749717e-05
514.7500000000001,1.8098015633291108e-05
514.8750000000001,1.809419198133267e-05
515.0,1.8090370871757216e-05
515.125,1.808655230244982e-05
515.25,1.808273627129789e-05
515.375,1.8078922776191266e-05
515.5,1.8075111815022016e-05
515.625,1.8071303385684346e-05
515.75,1.8067497486075184e-05
515.8749999999999,1.8063694114093303e-05
515.9999999999999,1.805989326764033e-05
516.1250000000001,1.8056094944619883e-05
516.2500000000001,1.805229914293817e-05
516.375,1.8048505860503724e-05
516.5,1.804471509522726e-05
516.625,1.8040926845022138e-05
516.75,1.803714110780372e-05
516.875,1.803335788148979e-05
517.0,1.8029577164000413e-05
517.125,1.8025798953257764e-05
517.2499999999999,1.8022023247186356e-05
517.3749999999999,1.8018250043712775e-05
517.5000000000001,1.8014479340766235e-05
517.6250000000001,1.801071113627793e-05
517.75,1.8006945428181452e-05
517.875,1.8003182214412795e-05
518.0,1.799942149291031e-05
518.125,1.7995663261614427e-05
518.25,1.79919075184681e-05
518.375,1.7988154261416637e-05
518.5,1.7984403488407432e-05
518.6249999999999,1.7980655197390267e-05
518.7500000000001,1.797690938631721e-05
518.8750000000001,1.7973166053142508e-05
519.0000000000001,1.7969425195822433e-05
519.125,1.7965686812315918e-05
519.25,1.7961950900583687e-05
519.375,1.795821745858874e-05
519.5,1.7954486484296543e-05
519.625,1.7950757975674507e-05
519.75,1.794703193069269e-05
519.875,1.794330834732311e-05
519.9999999999999,1.7939587223540148e-05
520.1250000000001,1.7935868557320342e-05
520.2500000000001,1.793215234664263e-05
520.3750000000001,1.7928438589488422e-05
520.5,1.792472728384075e-05
520.625,1.7921018427685508e-05
520.75,1.7917312019009982e-05
520.875,1.7913608055804237e-05
521.0,1.7909906536060382e-05
521.125,1.790620745777292e-05
521.2499999999999,1.7902510818938237e-05
521.3749999999999,1.7898816617554913e-05
521.5000000000001,1.7895124851624093e-05
521.6250000000001,1.7891435519148803e-05
521.7500000000001,1.7887748618134615e-05
521.875,1.7884064146588828e-05
522.0,1.7880382102521314e-05
522.125,1.787670248394382e-05
522.25,1.787302528887048e-05
522.375,1.7869350515317463e-05
522.5,1.786567816130315e-05
522.6249999999999,1.786200822484801e-05
522.7499999999999,1.7858340703974684e-05
522.8750000000001,1.785467559670815e-05
523.0000000000001,1.7851012901075457e-05
523.125,1.784735261510578e-05
523.25,1.7843694736830468e-05
523.375,1.784003926428298e-05
523.5,1.7836386195499252e-05
523.625,1.783273552851713e-05
523.75,1.7829087261376603e-05
523.875,1.782544139212015e-05
523.9999999999999,1.7821797918791855e-05
524.1249999999999,1.7818156839438285e-05
524.2500000000001,1.7814518152107998e-05
524.3750000000001,1.7810881854851895e-05
524.5,1.7807247945722494e-05
524.625,1.7803616422774805e-05
524.75,1.7799987284065736e-05
524.875,1.7796360527654518e-05
525.0,1.7792736151602487e-05
525.125,1.778911415397302e-05
525.25,1.7785494532831715e-05
525.3749999999999,1.778187728624633e-05
525.4999999999999,1.777826241228668e-05
525.6250000000001,1.777464990902471e-05
525.7500000000001,1.777103977453458e-05
525.875,1.7767432006892117e-05
526.0,1.7763826604175552e-05
526.125,1.7760223564465015e-05
526.25,1.7756622885842807e-05
526.375,1.7753024566393076e-05
526.5,1.7749428604202245e-05
526.625,1.7745834997358648e-05
526.7499999999999,1.7742243743952953e-05
526.8749999999999,1.7738654842077863e-05
527.0000000000001,1.7735068289828137e-05
527.1250000000001,1.773148408530075e-05
527.25,1.7727902226594797e-05
527.375,1.7724322711811146e-05
527.5,1.7720745539053022e-05
527.625,1.7717170706425873e-05
527.75,1.7713598212036637e-05
527.875,1.7710028053994777e-05
528.0,1.7706460230411496e-05
528.1249999999999,1.7702894739400423e-05
528.2500000000001,1.7699331579076737e-05
528.3750000000001,1.76957707475585e-05
528.5000000000001,1.769221224296507e-05
528.625,1.7688656063417935e-05
528.75,1.7685102207040995e-05
528.875,1.7681550671959708e-05
529.0,1.767800145630185e-05
529.125,1.7674454558196805e-05
529.25,1.767090997577638e-05
529.3749999999999,1.7667367707173892e-05
529.4999999999999,1.766382775052516e-05
529.6250000000001,1.7660290103967772e-05
529.7500000000001,1.7656754765641386e-05
529.8750000000001,1.7653221733687687e-05
530.0,1.764969100625035e-05
530.125,1.7646162581475314e-05
530.25,1.7642636457510208e-05
530.375,1.763911263250495e-05
530.5,1.7635591104611344e-05
530.625,1.7632071871983262e-05
530.7499999999999,1.7628554932776646e-05
530.8749999999999,1.76250402851494e-05
531.0000000000001,1.7621527927261294e-05
531.1250000000001,1.761801785727407e-05
531.2500000000001,1.761451007335141e-05
531.375,1.7611004573658883e-05
531.5,1.7607501356364003e-05
531.625,1.7604000419636412e-05
531.75,1.7600501761647433e-05
531.875,1.759700538057047e-05
532.0,1.7593511274581248e-05
532.1249999999999,1.7590019441857418e-05
532.2499999999999,1.758652988057865e-05
532.3750000000001,1.758304258892672e-05
532.5000000000001,1.7579557565085097e-05
532.625,1.7576074807239565e-05
532.75,1.757259431357746e-05
532.875,1.756911608228833e-05
533.0,1.7565640111563254e-05
533.125,1.7562166399595372e-05
533.25,1.755869494457973e-05
533.375,1.7555225744713193e-05
533.4999999999999,1.755175879819483e-05
533.6249999999999,1.7548294103225452e-05
533.7500000000001,1.7544831658007875e-05
533.8750000000001,1.7541371460746704e-05
534.0,1.753791350964886e-05
534.125,1.753445780292282e-05
534.25,1.7531004338779192e-05
534.375,1.7527553115430454e-05
534.5,1.7524104131090873e-05
534.625,1.752065738397657e-05
534.75,1.751721287230599e-05
534.8749999999999,1.7513770594299278e-05
534.9999999999999,1.751033054817842e-05
535.1250000000001,1.750689273216766e-05
535.2500000000001,1.7503457144492933e-05
535.375,1.7500023783382072e-05
535.5,1.7496592647065252e-05
535.625,1.749316373377388e-05
535.75,1.7489737041741588e-05
535.875,1.748631256920404e-05
536.0,1.748289031439841e-05
536.125,1.7479470275563605e-05
536.2499999999999,1.7476052450940726e-05
536.3749999999999,1.7472636838772622e-05
536.5000000000001,1.7469223437303664e-05
536.6250000000001,1.7465812244780627e-05
536.75,1.7462403259451913e-05
536.875,1.7458996479567773e-05
537.0,1.7455591903380362e-05
537.125,1.745218952914393e-05
537.25,1.7448789355114495e-05
537.375,1.744539137954995e-05
537.5,1.744199560070996e-05
537.6249999999999,1.7438602016856326e-05
537.7500000000001,1.7435210626252325e-05
537.8750000000001,1.7431821427163403e-05
538.0000000000001,1.7428434417856695e-05
538.125,1.7425049596601298e-05
538.25,1.742166696166794e-05
538.375,1.7418286511329356e-05
538.5,1.741490824386019e-05
538.625,1.7411532157536766e-05
538.75,1.740815825063736e-05
538.8749999999999,1.740478652144196e-05
538.9999999999999,1.740141696823236e-05
539.1250000000001,1.739804958929224e-05
539.2500000000001,1.7394684382907072e-05
539.3750000000001,1.7391321347364056e-05
539.5,1.7387960480952267e-05
539.625,1.7384601781962672e-05
539.75,1.7381245248687977e-05
539.875,1.7377890879422773e-05
540.0,1.7374538672463636e-05
540.125,1.7371188626108924e-05
540.2499999999999,1.736784073865876e-05
540.3749999999999,1.7364495008415173e-05
540.5000000000001,1.7361151433681938e-05
540.6250000000001,1.735781001276453e-05
540.75,1.7354470743970436e-05
540.875,1.7351133625608514e-05
541.0,1.734779865598958e-05
541.125,1.734446583342612e-05
541.25,1.7341135156232447e-05
541.375,1.7337806622724486e-05
541.5,1.7334480231220245e-05
541.6249999999999,1.7331155980039415e-05
541.7499999999999,1.7327833867503346e-05
541.8750000000001,1.7324513891935514e-05
542.0000000000001,1.732119605166097e-05
542.125,1.7317880345006668e-05
542.25,1.731456677030124e-05
542.375,1.7311255325875423e-05
542.5,1.7307946010061488e-05
542.625,1.73046388211936e-05
542.75,1.7301333757607796e-05
542.875,1.7298030817641797e-05
542.9999999999999,1.729472999963489e-05
543.1249999999999,1.7291431301928407e-05
543.2500000000001,1.7288134722864593e-05
543.3750000000001,1.7284840260788492e-05
543.5,1.728154791404544e-05
543.625,1.7278257680983416e-05
543.75,1.727496955995149e-05
543.875,1.7271683549300754e-05
544.0,1.7268399647384513e-05
544.125,1.7265117852556993e-05
544.25,1.7261838163175275e-05
544.3749999999999,1.725856057759732e-05
544.4999999999999,1.7255285094183992e-05
544.6250000000001,1.725201171129705e-05
544.7500000000001,1.7248740427300626e-05
544.875,1.724547124056049e-05
545.0,1.7242204149443605e-05
545.125,1.7238939152319226e-05
545.25,1.7235676247558212e-05
545.375,1.7232415433532627e-05
545.5,1.722915670861657e-05
545.625,1.72259000711857e-05
545.7499999999999,1.7222645519617355e-05
545.8750000000001,1.7219393052290384e-05
546.0000000000001,1.7216142667585813e-05
546.1250000000001,1.721289436388585e-05
546.25,1.720964813957471e-05
546.375,1.7206403993038388e-05
546.5,1.7203161922664412e-05
546.625,1.71999219268421e-05
546.75,1.7196684003962363e-05
546.875,1.7193448152417892e-05
547.0,1.7190214370602754e-05
547.1249999999999,1.7186982656913255e-05
547.2500000000001,1.718375300974673e-05
547.3750000000001,1.718052542750231e-05
547.5000000000001,1.7177299908581014e-05
547.625,1.7174076451385396e-05
547.75,1.7170855054319988e-05
547.875,1.7167635715790922e-05
548.0,1.7164418434206176e-05
548.125,1.716120320797499e-05
548.25,1.7157990035508753e-05
548.3749999999999,1.7154778915220486e-05
548.4999999999999,1.7151569845524594e-05
548.6250000000001,1.7148362824837255e-05
548.7500000000001,1.7145157851576143e-05
548.8750000000001,1.7141954924160698e-05
549.0,1.7138754041011858e-05
549.125,1.7135555200552505e-05
549.25,1.713235840120677e-05
549.375,1.7129163641400813e-05
549.5,1.7125970919562372e-05
549.625,1.7122780234120713e-05
549.7499999999999,1.7119591583506838e-05
549.8749999999999,1.711640496615346e-05
550.0000000000001,1.7113220380494663e-05
550.1250000000001,1.7110037824966338e-05
550.25,1.7106857298006113e-05
550.375,1.7103678798052908e-05
550.5,1.710050232354744e-05
550.625,1.7097327872931976e-05
550.75,1.7094155444650505e-05
550.875,1.709098503714848e-05
551.0,1.7087816648873272e-05
551.1249999999999,1.7084650278273687e-05
551.2499999999999,1.7081485923800744e-05
551.3750000000001,1.707832358390662e-05
551.5000000000001,1.7075163257045237e-05
551.625,1.7072004941672375e-05
551.75,1.706884863624538e-05
551.875,1.706569433922271e-05
552.0,1.706254204906484e-05
552.125,1.7059391764233525e-05
552.25,1.705624348319163e-05
552.375,1.7053097204403876e-05
552.4999999999999,1.7049952926336698e-05
552.6249999999999,1.7046810647457987e-05
552.7500000000001,1.7043670366236964e-05
552.8750000000001,1.7040532081145053e-05
553.0,1.7037395790655004e-05
553.125,1.703426149324134e-05
553.25,1.7031129187380215e-05
553.375,1.702799887154968e-05
553.5,1.7024870544228953e-05
553.625,1.7021744203899076e-05
553.75,1.70186198490425e-05
553.8749999999999,1.701549747814329e-05
553.9999999999999,1.701237708968699e-05
554.1250000000001,1.700925868216074e-05
554.2500000000001,1.700614225405342e-05
554.375,1.7003027803855426e-05
554.5,1.6999915330058755e-05
554.625,1.6996804831156626e-05
554.75,1.699369630564421e-05
554.875,1.699058975201786e-05
555.0,1.6987485168775552e-05
555.125,1.698438255441687e-05
555.2499999999999,1.698128190744279e-05
555.3750000000001,1.697818322635586e-05
555.5000000000001,1.6975086509660678e-05
555.6250000000001,1.6971991755863198e-05
555.75,1.6968898963471243e-05
555.875,1.696580813099431e-05
556.0,1.696271925694353e-05
556.125,1.69596323398311e-05
556.25,1.6956547378171047e-05
556.375,1.6953464370478545e-05
556.4999999999999,1.6950383315270098e-05
556.6249999999999,1.6947304211063806e-05
556.7500000000001,1.6944227056378693e-05
556.8750000000001,1.6941151849735517e-05
557.0000000000001,1.6938078589656148e-05
557.125,1.693500727466453e-05
557.25,1.6931937903285717e-05
557.375,1.692887047404686e-05
557.5,1.692580498547687e-05
557.625,1.692274143610646e-05
557.75,1.6919679824468226e-05
557.8749999999999,1.6916620149096475e-05
557.9999999999999,1.6913562408526917e-05
558.1250000000001,1.6910506601296607e-05
558.2500000000001,1.69074527259438e-05
558.3750000000001,1.6904400781008003e-05
558.5,1.690135076502974e-05
558.625,1.6898302676551093e-05
558.75,1.6895256514115416e-05
558.875,1.6892212276267456e-05
559.0,1.6889169961553658e-05
559.125,1.6886129568522514e-05
559.2499999999999,1.688309109572387e-05
559.3749999999999,1.6880054541709868e-05
559.5000000000001,1.6877019905033633e-05
559.6250000000001,1.6873987184249838e-05
559.75,1.687095637791503e-05
559.875,1.6867927484586897e-05
560.0,1.6864900502825004e-05
560.125,1.68618754311896e-05
560.25,1.6858852268243216e-05
560.375,1.685583101254858e-05
560.5,1.68528116626709e-05
560.6249999999999,1.6849794217176333e-05
560.7499999999999,1.684677867463211e-05
560.8750000000001,1.684376503360705e-05
561.0000000000001,1.684075329267118e-05
561.125,1.683774345039643e-05
561.25,1.6834735505355817e-05
561.375,1.6831729456124392e-05
561.5,1.682872530127851e-05
561.625,1.6825723039396295e-05
561.75,1.6822722669057302e-05
561.875,1.6819724188842773e-05
561.9999999999999,1.6816727597335446e-05
562.1249999999999,1.681373289311915e-05
562.2500000000001,1.6810740074779546e-05
562.3750000000001,1.6807749140903564e-05
562.5,1.680476009007939e-05
562.625,1.680177292089669e-05
562.75,1.6798787631946637e-05
562.875,1.6795804221821873e-05
563.0,1.6792822689116315e-05
563.125,1.6789843032425543e-05
563.25,1.678686525034641e-05
563.3749999999999,1.6783889341477094e-05
563.4999999999999,1.6780915304417307e-05
563.6250000000001,1.67779431377681e-05
563.7500000000001,1.6774972840132107e-05
563.875,1.6772004410113094e-05
564.0,1.6769037846316394e-05
564.125,1.6766073147348925e-05
564.25,1.6763110311818733e-05
564.375,1.6760149338335533e-05
564.5,1.6757190225510327e-05
564.625,1.6754232971955498e-05
564.7499999999999,1.675127757628496e-05
564.8750000000001,1.6748324037113954e-05
565.0000000000001,1.674537235305945e-05
565.1250000000001,1.6742422522739408e-05
565.25,1.673947454477376e-05
565.375,1.673652841778344e-05
565.5,1.673358414039113e-05
565.625,1.6730641711220953e-05
565.75,1.672770112889807e-05
565.875,1.672476239204919e-05
565.9999999999999,1.672182549930224e-05
566.1249999999999,1.6718890449286763e-05
566.2500000000001,1.671595724063341e-05
566.3750000000001,1.6713025871974496e-05
566.5000000000001,1.671009634194338e-05
566.625,1.6707168649174972e-05
566.75,1.6704242792305417e-05
566.875,1.6701318769972388e-05
567.0,1.66983965808148e-05
567.125,1.6695476223473072e-05
567.25,1.669255769658909e-05
567.3749999999999,1.668964099880601e-05
567.4999999999999,1.6686726128768214e-05
567.6250000000001,1.668381308512203e-05
567.7500000000001,1.6680901866515316e-05
567.875,1.667799247159666e-05
568.0,1.6675084899016513e-05
568.125,1.6672179147426564e-05
568.25,1.6669275215479844e-05
568.375,1.666637310183065e-05
568.5,1.6663472805134914e-05
568.625,1.6660574324049262e-05
568.7499999999999,1.6657677657231822e-05
568.8749999999999,1.665478280334253e-05
569.0000000000001,1.6651889761042168e-05
569.1250000000001,1.6648998528993062e-05
569.25,1.6646109105858767e-05
569.375,1.6643221490304402e-05
569.5,1.6640335680996227e-05
569.625,1.6637451676602218e-05
569.75,1.66345694757915e-05
569.875,1.6631689077234628e-05
570.0,1.6628810479603597e-05
570.1249999999999,1.662593368157176e-05
570.2499999999999,1.662305868181365e-05
570.3750000000001,1.6620185479005358e-05
570.5000000000001,1.6617314071824297e-05
570.625,1.6614444458949066e-05
570.75,1.661157663905955e-05
570.875,1.6608710610837186e-05
571.0,1.6605846372964326e-05
571.125,1.660298392412486e-05
571.25,1.6600123263004008e-05
571.375,1.6597264388288383e-05
571.4999999999999,1.6594407298665773e-05
571.6249999999999,1.6591551992825608e-05
571.7500000000001,1.658869846945837e-05
571.8750000000001,1.6585846727256124e-05
572.0,1.6582996764912072e-05
572.125,1.6580148581120752e-05
572.25,1.6577302174578017e-05
572.375,1.6574457543980867e-05
572.5,1.6571614688027483e-05
572.625,1.6568773605417286e-05
572.75,1.6565934294851356e-05
572.8749999999999,1.656309675503165e-05
573.0000000000001,1.6560260984661935e-05
573.1250000000001,1.65574269824472e-05
573.2500000000001,1.655459474709378e-05
573.375,1.6551764277309552e-05
573.5,1.654893557180389e-05
573.625,1.6546108629287078e-05
573.75,1.654328344847093e-05
573.875,1.654046002806837e-05
574.0,1.65376383667936e-05
574.125,1.653481846336194e-05
574.2499999999999,1.6532000316489826e-05
574.3750000000001,1.652918392489488e-05
574.5000000000001,1.6526369287295886e-05
574.6250000000001,1.652355640241299e-05
574.75,1.652074526896734e-05
574.875,1.6517935885681623e-05
575.0,1.651512825128071e-05
575.125,1.6512322364490384e-05
575.25,1.6509518224038003e-05
575.375,1.6506715828652343e-05
575.4999999999999,1.6503915177064036e-05
575.6249999999999,1.6501116268004874e-05
575.7500000000001,1.6498319100207873e-05
575.8750000000001,1.6495523672407243e-05
576.0000000000001,1.6492729983336772e-05
576.125,1.64899380317323e-05
576.25,1.6487147816330854e-05
576.375,1.6484359335870463e-05
576.5,1.6481572589089627e-05
576.625,1.6478787574728663e-05
576.75,1.6476004291529032e-05
576.8749999999999,1.6473222738233548e-05
576.9999999999999,1.6470442913587113e-05
577.1250000000001,1.6467664816335436e-05
577.2500000000001,1.6464888445225538e-05
577.375,1.6462113799005815e-05
577.5,1.645934087642625e-05
577.625,1.645656967623778e-05
577.75,1.6453800197192863e-05
577.875,1.6451032438045074e-05
578.0,1.6448266397549134e-05
578.125,1.6445502074461293e-05
578.2499999999999,1.6442739467538918e-05
578.3749999999999,1.6439978575540526e-05
578.5000000000001,1.643721939722605e-05
578.6250000000001,1.6434461931356548e-05
578.75,1.643170617669426e-05
578.875,1.6428952132002777e-05
579.0,1.6426199796046747e-05
579.125,1.6423449167591937e-05
579.25,1.642070024540527e-05
579.375,1.641795302825512e-05
579.5,1.6415207514910787e-05
579.6249999999999,1.6412463704143044e-05
579.7499999999999,1.6409721594723747e-05
579.8750000000001,1.6406981185426112e-05
580.0000000000001,1.6404242475024574e-05
580.125,1.640150546229487e-05
580.25,1.6398770146014064e-05
580.375,1.6396036524960045e-05
580.5,1.639330459791238e-05
580.625,1.6390574363651384e-05
580.75,1.6387845820958843e-05
580.875,1.6385118968617682e-05
580.9999999999999,1.6382393805412193e-05
581.1249999999999,1.6379670330127594e-05
581.2500000000001,1.6376948541550546e-05
581.3750000000001,1.6374228438469004e-05
581.5,1.637151001967199e-05
581.625,1.6368793283949943e-05
581.75,1.636607823009417e-05
581.875,1.636336485689758e-05
582.0,1.636065316315382e-05
582.125,1.635794314765811e-05
582.25,1.635523480920655e-05
582.3749999999999,1.6352528146596656e-05
582.5000000000001,1.634982315862687e-05
582.6250000000001,1.6347119844097192e-05
582.7500000000001,1.6344418201808783e-05
582.875,1.6341718230563807e-05
583.0,1.633901992916572e-05
583.125,1.6336323296419042e-05
583.25,1.6333628331129345e-05
583.375,1.6330935032103693e-05
583.5,1.6328243398150064e-05
583.6249999999999,1.632555342807706e-05
583.7499999999999,1.6322865120695202e-05
583.8750000000001,1.6320178474816035e-05
584.0000000000001,1.631749348925212e-05
584.1250000000001,1.631481016281774e-05
584.25,1.631212849432811e-05
584.375,1.6309448482599554e-05
584.5,1.6306770126449834e-05
584.625,1.6304093424698162e-05
584.75,1.6301418376164356e-05
584.875,1.6298744979669522e-05
584.9999999999999,1.629607323403611e-05
585.1249999999999,1.6293403138087198e-05
585.2500000000001,1.6290734690647368e-05
585.3750000000001,1.6288067890542096e-05
585.5000000000001,1.628540273659802e-05
585.625,1.6282739227642936e-05
585.75,1.6280077362505772e-05
585.875,1.627741714001663e-05
586.0,1.627475855900696e-05
586.125,1.627210161830946e-05
586.25,1.6269446316758013e-05
586.3749999999999,1.6266792653187593e-05
586.4999999999999,1.626414062643452e-05
586.6250000000001,1.6261490235336303e-05
586.7500000000001,1.625884147873144e-05
586.875,1.6256194355459615e-05
587.0,1.6253548864361514e-05
587.125,1.625090500427902e-05
587.25,1.624826277405501e-05
587.375,1.6245622172533943e-05
587.5,1.62429831985608e-05
587.625,1.624034585098199e-05
587.7499999999999,1.623771012864515e-05
587.8749999999999,1.6235076030399105e-05
588.0000000000001,1.623244355509354e-05
588.1250000000001,1.6229812701579268e-05
588.25,1.6227183468708368e-05
588.375,1.6224555855333817e-05
588.5,1.6221929860309867e-05
588.625,1.621930548249191e-05
588.75,1.621668272073634e-05
588.875,1.621406157390072e-05
589.0,1.6211442040843932e-05
589.1249999999999,1.6208824120425895e-05
589.2499999999999,1.620620781150765e-05
589.3750000000001,1.6203593112951074e-05
589.5000000000001,1.6200980023619668e-05
589.625,1.619836854237787e-05
589.75,1.6195758668091084e-05
589.875,1.6193150399626132e-05
590.0,1.61905437358507e-05
590.125,1.6187938675633837e-05
590.25,1.618533521784563e-05
590.375,1.6182733361357435e-05
590.4999999999999,1.6180133105041384e-05
590.6249999999999,1.6177534447770817e-05
590.7500000000001,1.6174937388420254e-05
590.8750000000001,1.617234192586507e-05
591.0,1.6169748058981886e-05
591.125,1.616715578664808e-05
591.25,1.616456510774236e-05
591.375,1.6161976021145113e-05
591.5,1.6159388525736623e-05
591.625,1.6156802620399223e-05
591.75,1.6154218304016047e-05
591.8749999999999,1.6151635575471283e-05
592.0000000000001,1.6149054433650164e-05
592.1250000000001,1.6146474877439503e-05
592.2500000000001,1.6143896905726844e-05
592.375,1.6141320517400432e-05
592.5,1.6138745711350654e-05
592.625,1.6136172486468135e-05
592.75,1.613360084164496e-05
592.875,1.613103077577413e-05
593.0,1.6128462287749976e-05
593.1249999999999,1.6125895376467575e-05
593.2499999999999,1.6123330040823106e-05
593.3750000000001,1.612076627971379e-05
593.5000000000001,1.6118204092038104e-05
593.6250000000001,1.61156434766956e-05
593.75,1.611308443258674e-05
593.875,1.6110526958613152e-05
594.0,1.610797105367762e-05
594.125,1.6105416716683918e-05
594.25,1.6102863946536865e-05
594.375,1.6100312742142335e-05
594.4999999999999,1.6097763102407295e-05
594.6249999999999,1.6095215026239504e-05
594.7500000000001,1.609266851254804e-05
594.8750000000001,1.6090123560243207e-05
595.0,1.6087580168236048e-05
595.125,1.6085038335438816e-05
595.25,1.6082498060765163e-05
595.375,1.6079959343129323e-05
595.5,1.6077422181446824e-05
595.625,1.607488657463431e-05
595.75,1.6072352521609144e-05
595.8749999999999,1.6069820021290052e-05
595.9999999999999,1.6067289072596474e-05
596.1250000000001,1.6064759674449303e-05
596.2500000000001,1.6062231825769976e-05
596.375,1.605970552548172e-05
596.5,1.605718077250824e-05
596.625,1.6054657565774742e-05
596.75,1.6052135904207394e-05
596.875,1.604961578673329e-05
597.0,1.604709721228072e-05
597.125,1.6044580179778915e-05
597.2499999999999,1.6042064688158164e-05
597.3749999999999,1.603955073634954e-05
597.5000000000001,1.603703832328526e-05
597.6250000000001,1.603452744789864e-05
597.75,1.603201810912384e-05
597.875,1.6029510305895978e-05
598.0,1.6027004037151412e-05
598.125,1.6024499301827353e-05
598.25,1.6021996098862022e-05
598.375,1.601949442719486e-05
598.5,1.6016994285766497e-05
598.6249999999999,1.6014495673518143e-05
598.7499999999999,1.601199858939262e-05
598.8750000000001,1.6009503032333594e-05
599.0000000000001,1.6007009001285842e-05
599.125,1.6004516495195023e-05
599.25,1.6002025513007895e-05
599.375,1.5999536053672114e-05
599.5,1.599704811613653e-05
599.625,1.5994561699350477e-05
599.75,1.5992076802264586e-05
599.875,1.598959342383055e-05
599.9999999999999,1.5987111563000877e-05
600.1250000000001,1.5984631218729197e-05
600.2500000000001,1.5982152389970214e-05
600.3750000000001,1.5979675075680036e-05
600.5,1.597719927481519e-05
600.625,1.597472498633389e-05
600.75,1.597225220919504e-05
600.875,1.5969780942358485e-05
601.0,1.5967311184785142e-05
601.125,1.5964842935437086e-05
601.25,1.5962376193277248e-05
601.3749999999999,1.5959910957269054e-05
601.5000000000001,1.5957447226377456e-05
601.6250000000001,1.5954984999568292e-05
601.7500000000001,1.5952524275808215e-05
601.875,1.595006505406504e-05
602.0,1.594760733330766e-05
602.125,1.5945151112505915e-05
602.25,1.5942696390630604e-05
602.375,1.594024316665366e-05
602.5,1.5937791439547877e-05
602.6249999999999,1.593534120828703e-05
602.7499999999999,1.593289247184593e-05
602.8750000000001,1.5930445229200392e-05
603.0000000000001,1.592799947932708e-05
603.1250000000001,1.592555522120378e-05
603.25,1.5923112453809245e-05
603.375,1.5920671176123285e-05
603.5,1.5918231387126682e-05
603.625,1.5915793085801207e-05
603.75,1.591335627112973e-05
603.875,1.591092094209568e-05
603.9999999999999,1.5908487097683993e-05
604.1249999999999,1.5906054736880064e-05
604.2500000000001,1.590362385867048e-05
604.3750000000001,1.5901194462042557e-05
604.5,1.5898766545984788e-05
604.625,1.5896340109486495e-05
604.75,1.5893915151538048e-05
604.875,1.589149167113089e-05
605.0,1.5889069667257355e-05
605.125,1.5886649138910827e-05
605.25,1.5884230085085623e-05
605.3749999999999,1.5881812504777163e-05
605.4999999999999,1.5879396396981793e-05
605.6250000000001,1.5876981760696768e-05
605.7500000000001,1.5874568594920344e-05
605.875,1.587215689865179e-05
606.0,1.58697466708913e-05
606.125,1.5867337910639915e-05
606.25,1.5864930616899872e-05
606.375,1.586252478867413e-05
606.5,1.5860120424966545e-05
606.625,1.5857717524781985e-05
606.7499999999999,1.585531608712617e-05
606.8749999999999,1.585291611100597e-05
607.0000000000001,1.5850517595428664e-05
607.1250000000001,1.5848120539403516e-05
607.25,1.5845724941940186e-05
607.375,1.5843330802049128e-05
607.5,1.5840938118742672e-05
607.625,1.583854689103354e-05
607.75,1.5836157117935238e-05
607.875,1.5833768798462384e-05
608.0,1.583138193163088e-05
608.1249999999999,1.5828996516456648e-05
608.2499999999999,1.5826612551956648e-05
608.3750000000001,1.582423003714949e-05
608.5000000000001,1.58218489710535e-05
608.625,1.581946935268875e-05
608.75,1.5817091181076068e-05
608.875,1.5814714455237323e-05
609.0,1.581233917419515e-05
609.125,1.5809965336973275e-05
609.25,1.5807592942596728e-05
609.375,1.580522199009126e-05
609.4999999999999,1.5802852478483385e-05
609.6250000000001,1.5800484406800738e-05
609.7500000000001,1.5798117774072098e-05
609.8750000000001,1.5795752579326715e-05
610.0,1.5793388821594943e-05
610.125,1.57910264999082e-05
610.25,1.578866561329841e-05
610.375,1.578630616079856e-05
610.5,1.5783948141442804e-05
610.625,1.5781591554265953e-05
610.7499999999999,1.5779236398303618e-05
610.8749999999999,1.5776882672592663e-05
611.0000000000001,1.57745303761708e-05
611.1250000000001,1.5772179508076583e-05
611.2500000000001,1.5769830067349546e-05
611.375,1.5767482053030163e-05
611.5,1.5765135464159908e-05
611.625,1.57627902997811e-05
611.75,1.5760446558937264e-05
611.875,1.5758104240672277e-05
612.0,1.575576334403147e-05
612.1249999999999,1.575342386806059e-05
612.2499999999999,1.5751085811806793e-05
612.3750000000001,1.5748749174317613e-05
612.5000000000001,1.5746413954641854e-05
612.6250000000001,1.574408015182898e-05
612.75,1.5741747764929326e-05
612.875,1.5739416792994377e-05
613.0,1.57370872350762e-05
613.125,1.5734759090228008e-05
613.25,1.5732432357503685e-05
613.375,1.5730107035958103e-05
613.4999999999999,1.5727783124646992e-05
613.6249999999999,1.572546062262714e-05
613.7500000000001,1.5723139528956055e-05
613.8750000000001,1.5720819842692343e-05
614.0,1.5718501562895523e-05
614.125,1.571618468862597e-05
614.25,1.57138692189451e-05
614.375,1.5711555152915245e-05
614.5,1.5709242489599487e-05
614.625,1.5706931228061776e-05
614.75,1.570462136736697e-05
614.8749999999999,1.570231290658085e-05
614.9999999999999,1.570000584476967e-05
615.1249999999999,1.5697700181001017e-05
615.2500000000001,1.5695395914342988e-05
615.3749999999999,1.56930930438649e-05
615.5,1.5690791568636542e-05
615.6249999999999,1.568849148772929e-05
615.75,1.5686192800214696e-05
615.8750000000001,1.5683895505165615e-05
616.0,1.5681599601655962e-05
616.1250000000001,1.5679305088760143e-05
616.2499999999999,1.567701196555365e-05
616.3750000000001,1.567472023111277e-05
616.4999999999999,1.5672429884514743e-05
616.6250000000001,1.5670140924837332e-05
616.7499999999999,1.5667853351159732e-05
616.875,1.5665567162561697e-05
616.9999999999999,1.5663282358123494e-05
617.125,1.5660998936926703e-05
617.2500000000001,1.5658716898053533e-05
617.375,1.5656436240587034e-05
617.5000000000001,1.5654156963611396e-05
617.6249999999999,1.5651879066211418e-05
617.7500000000001,1.564960254747288e-05
617.8749999999999,1.5647327406482277e-05
618.0000000000001,1.5645053642327434e-05
618.1249999999999,1.5642781254096687e-05
618.25,1.5640510240879434e-05
618.3749999999998,1.5638240601765882e-05
618.5,1.5635972335847077e-05
618.6250000000001,1.563370544221488e-05
618.75,1.5631439919962007e-05
618.8750000000001,1.562917576818212e-05
618.9999999999999,1.5626912985969553e-05
619.1250000000001,1.5624651572419647e-05
619.2499999999999,1.562239152662834e-05
619.3750000000001,1.562013284769284e-05
619.4999999999999,1.56178755347109e-05
619.625,1.561561958678119e-05
619.7499999999998,1.5613365003003328e-05
619.875,1.5611111782477717e-05
620.0000000000001,1.5608859924305375e-05
620.125,1.5606609427588573e-05
620.2500000000001,1.5604360291430288e-05
620.3749999999999,1.5602112514934138e-05
620.5000000000001,1.5599866097204766e-05
620.6249999999999,1.5597621037347755e-05
620.7500000000001,1.5595377334469208e-05
620.8749999999999,1.5593134987676325e-05
621.0,1.5590893996077116e-05
621.1249999999998,1.558865435878032e-05
621.25,1.558641607489561e-05
621.3750000000001,1.5584179143533702e-05
621.5,1.5581943563805887e-05
621.6250000000001,1.5579709334824345e-05
621.7499999999999,1.5577476455702217e-05
621.8750000000001,1.557524492555345e-05
621.9999999999999,1.55730147434929e-05
622.125,1.5570785908635945e-05
622.2499999999999,1.5568558420098943e-05
622.375,1.5566332276998837e-05
622.4999999999998,1.556410747845368e-05
622.625,1.5561884023582258e-05
622.7500000000001,1.55596619115043e-05
622.875,1.555744114134008e-05
623.0000000000001,1.5555221712210998e-05
623.1249999999999,1.555300362323922e-05
623.2500000000001,1.5550786873547713e-05
623.3749999999999,1.5548571462259997e-05
623.5,1.554635738850059e-05
623.6249999999999,1.554414465139478e-05
623.75,1.5541933250068742e-05
623.8750000000002,1.553972318364963e-05
624.0,1.5537514451265097e-05
624.1250000000001,1.553530705204401e-05
624.25,1.5533100985115915e-05
624.3750000000001,1.553089624961138e-05
624.4999999999999,1.5528692844661845e-05
624.6250000000001,1.552649076939939e-05
624.7499999999999,1.5524290022956835e-05
624.875,1.552209060446769e-05
624.9999999999999,1.551989251306659e-05
625.125,1.5517695747888607e-05
625.2500000000002,1.551550030806975e-05
625.375,1.5513306192746985e-05
625.5000000000001,1.55111134010576e-05
625.625,1.550892193214016e-05
625.7500000000001,1.55067317851337e-05
625.8749999999999,1.550454295917855e-05
626.0000000000001,1.5502355453415147e-05
626.1249999999999,1.550016926698524e-05
626.25,1.549798439903116e-05
626.3749999999999,1.549580084869606e-05
626.5,1.5493618615124138e-05
626.6250000000002,1.549143769746006e-05
626.75,1.5489258094849797e-05
626.8750000000001,1.5487079806439712e-05
627.0,1.5484902831377468e-05
627.1250000000001,1.548272716881117e-05
627.2499999999999,1.548055281788997e-05
627.3750000000001,1.547837977776352e-05
627.4999999999999,1.5476208047582318e-05
627.625,1.5474037626497788e-05
627.7499999999999,1.5471868513661903e-05
627.875,1.546970070822729e-05
628.0000000000002,1.546753420934749e-05
628.125,1.5465369016176826e-05
628.2500000000001,1.5463205127870393e-05
628.375,1.5461042543584097e-05
628.5000000000001,1.5458881262474738e-05
628.6249999999999,1.545672128369978e-05
628.7500000000001,1.5454562606417513e-05
628.8749999999999,1.5452405229787216e-05
629.0,1.5450249152968642e-05
629.1249999999999,1.5448094375122594e-05
629.25,1.5445940895410482e-05
629.3750000000002,1.5443788712994564e-05
629.5,1.5441637827037758e-05
629.6250000000001,1.5439488236703927e-05
629.7499999999999,1.543733994115771e-05
629.8750000000001,1.543519293956434e-05
629.9999999999999,1.54330472310902e-05
630.1250000000001,1.543090281490224e-05
630.2499999999999,1.54287596901682e-05
630.375,1.542661785605662e-05
630.4999999999999,1.5424477311736888e-05
630.625,1.5422338056378845e-05
630.7500000000002,1.5420200089153296e-05
630.875,1.5418063409231733e-05
631.0000000000001,1.541592801578641e-05
631.1249999999999,1.5413793907990248e-05
631.2500000000001,1.541166108501726e-05
631.3749999999999,1.5409529546042207e-05
631.5000000000001,1.5407399290240496e-05
631.6249999999999,1.54052703167887e-05
631.75,1.540314262486388e-05
631.8749999999999,1.5401016213643825e-05
632.0,1.5398891082307416e-05
632.1250000000002,1.539676723003384e-05
632.25,1.5394644656002986e-05
632.3750000000001,1.5392523359395502e-05
632.4999999999999,1.5390403339392826e-05
632.6250000000001,1.538828459517698e-05
632.7499999999999,1.538616712593083e-05
632.8750000000001,1.5384050930838025e-05
632.9999999999999,1.5381936009082695e-05
633.125,1.5379822359850308e-05
633.2499999999999,1.5377709982326987e-05
633.375,1.5375598875699497e-05
633.5000000000001,1.537348903915569e-05
633.625,1.5371380471884066e-05
633.7500000000001,1.5369273173073962e-05
633.8749999999999,1.5367167141915373e-05
634.0000000000001,1.5365062377599142e-05
634.1249999999999,1.5362958879316514e-05
634.2500000000001,1.5360856646259583e-05
634.3749999999999,1.5358755677621214e-05
634.5,1.5356655972594562e-05
634.6249999999999,1.53545575303737e-05
634.75,1.5352460350153574e-05
634.8750000000001,1.5350364431129883e-05
635.0,1.5348269772499027e-05
635.1250000000001,1.534617637345845e-05
635.2499999999999,1.534408423320625e-05
635.3750000000001,1.5341993350941384e-05
635.4999999999999,1.5339903725863597e-05
635.6250000000001,1.5337815357173325e-05
635.7499999999999,1.5335728244071466e-05
635.875,1.533364238575996e-05
635.9999999999998,1.5331557781441186e-05
636.125,1.532947443031822e-05
636.2500000000001,1.5327392331594794e-05
636.375,1.532531148447554e-05
636.5000000000001,1.5323231888165593e-05
636.6249999999999,1.532115354187108e-05
636.7500000000001,1.5319076444798842e-05
636.8749999999999,1.5317000596156397e-05
637.0000000000001,1.5314925995152087e-05
637.1249999999999,1.5312852640995e-05
637.25,1.531078053289518e-05
637.3749999999998,1.530870967006322e-05
637.5,1.5306640051710697e-05
637.6250000000001,1.5304571677049826e-05
637.75,1.5302504545293556e-05
637.8750000000001,1.5300438655655567e-05
637.9999999999999,1.5298374007350275e-05
638.1250000000001,1.5296310599592775e-05
638.2499999999999,1.5294248431598877e-05
638.3750000000001,1.5292187502584926e-05
638.4999999999999,1.5290127811768142e-05
638.625,1.5288069358366117e-05
638.7499999999998,1.5286012141597493e-05
638.875,1.5283956160681257e-05
639.0000000000001,1.5281901414837204e-05
639.125,1.527984790328547e-05
639.2500000000001,1.5277795625246858e-05
639.3749999999999,1.5275744579943842e-05
639.5000000000001,1.5273694766598373e-05
639.6249999999999,1.5271646184433795e-05
639.7500000000001,1.5269598832674964e-05
639.8749999999999,1.526755271054631e-05
640.0,1.5265507817274377e-05
640.1249999999998,1.5263464152085262e-05
640.25,1.5261421714207065e-05
640.3750000000001,1.5259380502866852e-05
640.5,1.5257340517294088e-05
640.6250000000001,1.5255301756718265e-05
640.7499999999999,1.5253264220368676e-05
640.8750000000001,1.5251227907476498e-05
640.9999999999999,1.5249192817272375e-05
641.125,1.524715894898901e-05
641.2499999999999,1.5245126301858599e-05
641.375,1.524309487511492e-05
641.5000000000002,1.5241064667991999e-05
641.625,1.523903567972441e-05
641.7500000000001,1.5237007909547869e-05
641.875,1.5234981356698615e-05
642.0000000000001,1.5232956020413622e-05
642.1249999999999,1.5230931899930604e-05
642.2500000000001,1.5228908994488003e-05
642.3749999999999,1.5226887303324952e-05
642.5,1.5224866825681213e-05
642.6249999999999,1.5222847560797498e-05
642.75,1.5220829507914809e-05
642.8750000000002,1.5218812666275307e-05
643.0,1.5216797035121467e-05
643.1250000000001,1.5214782613696681e-05
643.25,1.5212769401244782e-05
643.3750000000001,1.5210757397010549e-05
643.4999999999999,1.5208746600239134e-05
643.6250000000001,1.5206737010176768e-05
643.7499999999999,1.5204728626069987e-05
643.875,1.5202721447165964e-05
643.9999999999999,1.520071547271288e-05
644.125,1.5198710701959393e-05
644.2500000000002,1.5196707134155057e-05
644.375,1.5194704768549896e-05
644.5000000000001,1.519270360439521e-05
644.625,1.5190703640942311e-05
644.7500000000001,1.5188704877443561e-05
644.8749999999999,1.5186707313152237e-05
645.0000000000001,1.51847109473219e-05
645.1249999999999,1.518271577920714e-05
645.25,1.5180721808062826e-05
645.3749999999999,1.5178729033144711e-05
645.5,1.517673745370901e-05
645.6250000000002,1.5174747069012803e-05
645.75,1.5172757878313885e-05
645.8750000000001,1.5170769880870442e-05
646.0,1.5168783075941453e-05
646.1250000000001,1.5166797462786543e-05
646.2499999999999,1.5164813040666096e-05
646.3750000000001,1.5162829808841247e-05
646.4999999999999,1.5160847766573515e-05
646.625,1.5158866913125361e-05
646.7499999999999,1.515688724775968e-05
646.875,1.51549087697404e-05
647.0000000000002,1.5152931478331858e-05
647.125,1.515095537279928e-05
647.2500000000001,1.5148980452408463e-05
647.3749999999999,1.5147006716425714e-05
647.5000000000001,1.5145034164118476e-05
647.6249999999999,1.514306279475463e-05
647.7500000000001,1.5141092607602792e-05
647.8749999999999,1.5139123601932144e-05
648.0,1.5137155777012576e-05
648.1249999999999,1.51351891321144e-05
648.25,1.5133223666508736e-05
648.3750000000002,1.5131259379467404e-05
648.5,1.5129296270262674e-05
648.6250000000001,1.512733433816739e-05
648.7499999999999,1.5125373582455229e-05
648.8750000000001,1.5123414002400496e-05
648.9999999999999,1.5121455597278267e-05
649.1250000000001,1.5119498366364167e-05
649.2499999999999,1.5117542308934709e-05
649.375,1.5115587424266934e-05
649.4999999999999,1.5113633711638658e-05
649.625,1.511168117032842e-05
649.7500000000002,1.5109729799615378e-05
649.875,1.510777959877918e-05
650.0000000000001,1.5105830567100367e-05
650.1249999999999,1.5103882703860132e-05
650.2500000000001,1.5101936008340073e-05
650.3749999999999,1.5099990479822625e-05
650.5000000000001,1.5098046117590737e-05
650.6249999999999,1.5096102920928096e-05
650.75,1.5094160889118956e-05
650.8749999999999,1.5092220021448335e-05
651.0,1.5090280317201732e-05
651.1250000000002,1.5088341775665407e-05
651.25,1.5086404396126128e-05
651.3750000000001,1.5084468177871332e-05
651.4999999999999,1.5082533120189249e-05
651.6250000000001,1.5080599222368607e-05
651.7499999999999,1.5078666483698768e-05
651.8750000000001,1.5076734903469889e-05
651.9999999999999,1.5074804480972664e-05
652.125,1.5072875215498481e-05
652.2499999999999,1.5070947106339506e-05
652.375,1.5069020152788646e-05
652.5000000000001,1.5067094354139083e-05
652.625,1.506516970968501e-05
652.7500000000001,1.5063246218721006e-05
652.8749999999999,1.5061323880542284e-05
653.0000000000001,1.5059402694444775e-05
653.1249999999999,1.5057482659725047e-05
653.2500000000001,1.5055563775680277e-05
653.3749999999999,1.5053646041607871e-05
653.5,1.5051729456806325e-05
653.6249999999998,1.5049814020574579e-05
653.75,1.5047899732212514e-05
653.8750000000001,1.504598659102057e-05
654.0,1.5044074596299656e-05
654.1250000000001,1.5042163747351618e-05
654.2499999999999,1.5040254043478641e-05
654.3750000000001,1.5038345483984046e-05
654.4999999999999,1.503643806817128e-05
654.6250000000001,1.5034531795344654e-05
654.7499999999999,1.5032626664808845e-05
654.875,1.5030722675869103e-05
654.9999999999998,1.5028819827831445e-05
655.125,1.5026918120002457e-05
655.2500000000001,1.5025017551689175e-05
655.375,1.5023118122199271e-05
655.5000000000001,1.5021219830841204e-05
655.6249999999999,1.5019322676923787e-05
655.7500000000001,1.5017426659757087e-05
655.8749999999999,1.5015531778651158e-05
656.0000000000001,1.5013638032917127e-05
656.1249999999999,1.5011745421866569e-05
656.25,1.5009853944812301e-05
656.3749999999998,1.5007963601067402e-05
656.5,1.5006074389945684e-05
656.6250000000001,1.5004186310761653e-05
656.75,1.5002299362829877e-05
656.8750000000001,1.5000413545466103e-05
656.9999999999999,1.4998528857986222e-05
657.1250000000001,1.4996645299706579e-05
657.2499999999999,1.499476286994422e-05
657.3750000000001,1.499288156801666e-05
657.4999999999999,1.4991001393242275e-05
657.625,1.4989122344940035e-05
657.7499999999998,1.4987244422429608e-05
657.875,1.4985367625031468e-05
658.0000000000001,1.4983491952066612e-05
658.125,1.4981617402856826e-05
658.2500000000001,1.497974397672425e-05
658.3749999999999,1.497787167299187e-05
658.5000000000001,1.497600049098309e-05
658.6249999999999,1.497413043002172e-05
658.75,1.4972261489432302e-05
658.8749999999999,1.4970393668539835e-05
659.0,1.4968526966670193e-05
659.1250000000002,1.496666138314939e-05
659.25,1.4964796917304593e-05
659.3750000000001,1.4962933568463381e-05
659.5,1.4961071335954038e-05
659.6250000000001,1.4959210219105851e-05
659.7499999999999,1.4957350217248391e-05
659.8750000000001,1.4955491329711979e-05
659.9999999999999,1.4953633555827388e-05
660.125,1.4951776894926236e-05
660.2499999999999,1.4949921346340317e-05
660.375,1.4948066909402252e-05
660.5000000000002,1.4946213583444802e-05
660.625,1.4944361367801398e-05
660.7500000000001,1.4942510261806053e-05
660.875,1.4940660264793519e-05
661.0000000000001,1.4938811376099034e-05
661.1249999999999,1.4936963595058445e-05
661.2500000000001,1.4935116921008379e-05
661.3749999999999,1.493327135328595e-05
661.5,1.4931426891229053e-05
661.6249999999999,1.4929583534176162e-05
661.75,1.4927741281466556e-05
661.8750000000002,1.4925900132439773e-05
662.0,1.492406008643627e-05
662.1250000000001,1.492222114279695e-05
662.25,1.4920383300863335e-05
662.3750000000001,1.4918546559977444e-05
662.4999999999999,1.491671091948217e-05
662.6250000000001,1.4914876378720546e-05
662.7499999999999,1.4913042937036448e-05
662.875,1.491121059377431e-05
662.9999999999999,1.4909379348278839e-05
663.125,1.4907549199895786e-05
663.2500000000002,1.4905720147971032e-05
663.375,1.4903892191851082e-05
663.5000000000001,1.4902065330883334e-05
663.625,1.4900239564415483e-05
663.7500000000001,1.4898414891795933e-05
663.8749999999999,1.4896591312373424e-05
664.0000000000001,1.4894768825497891e-05
664.1249999999999,1.4892947430519457e-05
664.25,1.489112712678893e-05
664.3749999999999,1.4889307913658105e-05
664.5,1.4887489790478628e-05
664.6250000000002,1.488567275660333e-05
664.75,1.488385681138524e-05
664.8750000000001,1.4882041954178412e-05
664.9999999999999,1.488022818433686e-05
665.1250000000001,1.4878415501215403e-05
665.2499999999999,1.4876603904169679e-05
665.3750000000001,1.4874793392555437e-05
665.4999999999999,1.4872983965729348e-05
665.625,1.4871175623048592e-05
665.7499999999999,1.4869368363870901e-05
665.875,1.4867562187554629e-05
666.0000000000002,1.4865757093458724e-05
666.125,1.4863953080942745e-05
666.2500000000001,1.4862150149366659e-05
666.3749999999999,1.4860348298091377e-05
666.5000000000001,1.4858547526477908e-05
666.6249999999999,1.4856747833888263e-05
666.7500000000001,1.4854949219684793e-05
666.8749999999999,1.4853151683230356e-05
667.0,1.4851355223888453e-05
667.1249999999999,1.4849559841023235e-05
667.25,1.4847765533999217e-05
667.3750000000002,1.4845972302181338e-05
667.5,1.4844180144935531e-05
667.6250000000001,1.4842389061627856e-05
667.7499999999999,1.4840599051625092e-05
667.8750000000001,1.4838810114294697e-05
667.9999999999999,1.4837022249004724e-05
668.1250000000001,1.4835235455123566e-05
668.2499999999999,1.4833449732020347e-05
668.375,1.4831665079065047e-05
668.4999999999999,1.4829881495627707e-05
668.625,1.4828098981079288e-05
668.7500000000002,1.4826317534791186e-05
668.875,1.4824537156135468e-05
669.0000000000001,1.4822757844484534e-05
669.1249999999999,1.4820979599211495e-05
669.2500000000001,1.4819202419690071e-05
669.3749999999999,1.4817426305294289e-05
669.5000000000001,1.481565125539908e-05
669.6249999999999,1.4813877269379694e-05
669.75,1.4812104346612332e-05
669.8749999999999,1.4810332486473304e-05
670.0,1.4808561688339765e-05
670.1250000000001,1.4806791951589392e-05
670.25,1.480502327560044e-05
670.3750000000001,1.48032556597518e-05
670.4999999999999,1.4801489103422838e-05
670.6250000000001,1.4799723605993598e-05
670.7499999999999,1.479795916684434e-05
670.8750000000001,1.4796195785356072e-05
670.9999999999999,1.4794433460910192e-05
671.125,1.4792672192888494e-05
671.2499999999999,1.47909119806728e-05
671.375,1.4789152823646465e-05
671.5000000000001,1.4787394721191434e-05
671.625,1.4785637672691656e-05
671.7500000000001,1.4783881677531282e-05
671.8749999999999,1.4782126735095749e-05
672.0000000000001,1.4780372844770251e-05
672.1249999999999,1.4778620005941053e-05
672.2500000000001,1.4776868217995804e-05
672.3749999999999,1.4775117480321576e-05
672.5,1.4773367792307893e-05
672.6249999999998,1.477161915334333e-05
672.75,1.4769871562817347e-05
672.8750000000001,1.4768125020119523e-05
673.0,1.4766379524640531e-05
673.1250000000001,1.4764635075771234e-05
673.2499999999999,1.4762891672902786e-05
673.3750000000001,1.4761149315426739e-05
673.4999999999999,1.4759408002735513e-05
673.6250000000001,1.4757667734221866e-05
673.7499999999999,1.475592850927929e-05
673.875,1.47541903273014e-05
673.9999999999998,1.475245318768285e-05
674.125,1.475071708981854e-05
674.2500000000001,1.4748982033104017e-05
674.375,1.474724801693547e-05
674.5000000000001,1.4745515040709316e-05
674.6249999999999,1.4743783103822693e-05
674.7500000000001,1.474205220567322e-05
674.8749999999999,1.4740322345659238e-05
675.0000000000001,1.4738593523179513e-05
675.1249999999999,1.4736865737633487e-05
675.25,1.4735138988420959e-05
675.3749999999998,1.4733413274942613e-05
675.5,1.4731688596599363e-05
675.6250000000001,1.472996495279277e-05
675.75,1.4728242342924911e-05
675.8750000000001,1.4726520766398228e-05
675.9999999999999,1.4724800222615597e-05
676.1250000000001,1.4723080710980567e-05
676.2499999999999,1.4721362230897075e-05
676.375,1.4719644781769534e-05
676.4999999999999,1.471792836300315e-05
676.625,1.471621297400349e-05
676.7499999999998,1.4714498614176664e-05
676.875,1.471278528292947e-05
677.0000000000001,1.4711072979669203e-05
677.125,1.4709361703803532e-05
677.2500000000001,1.4707651454741031e-05
677.3749999999999,1.4705942231890437e-05
677.5000000000001,1.4704234034661275e-05
677.6249999999999,1.4702526862463397e-05
677.75,1.4700820714707354e-05
677.8749999999999,1.4699115590804104e-05
678.0,1.4697411490165118e-05
678.1250000000002,1.4695708412202317e-05
678.25,1.4694006356328108e-05
678.3750000000001,1.4692305321955387e-05
678.5,1.4690605308497519e-05
678.6250000000001,1.4688906315368592e-05
678.7499999999999,1.4687208341983014e-05
678.8750000000001,1.4685511387755856e-05
678.9999999999999,1.4683815452102688e-05
679.125,1.4682120534440047e-05
679.2499999999999,1.4680426634184107e-05
679.375,1.4678733750752453e-05
679.5000000000002,1.4677041883562447e-05
679.625,1.4675351032032556e-05
679.7500000000001,1.4673661195581332e-05
679.875,1.4671972373627932e-05
680.0000000000001,1.4670284565592087e-05
680.1249999999999,1.4668597770893763e-05
680.2500000000001,1.4666911988953978e-05
680.3749999999999,1.4665227219193841e-05
680.5,1.4663543461035263e-05
680.6249999999999,1.4661860713900493e-05
680.75,1.466017897721227e-05
680.8750000000002,1.4658498250394056e-05
681.0,1.4656818532869509e-05
681.1250000000001,1.4655139824063124e-05
681.25,1.4653462123399863e-05
681.3750000000001,1.4651785430304944e-05
681.4999999999999,1.4650109744204447e-05
681.6250000000001,1.4648435064524725e-05
681.7499999999999,1.4646761390692761e-05
681.875,1.4645088722135827e-05
681.9999999999999,1.4643417058281995e-05
682.125,1.4641746398559471e-05
682.2500000000002,1.4640076742397104e-05
682.375,1.4638408089224149e-05
682.5000000000001,1.463674043847052e-05
682.625,1.463507378956636e-05
682.7500000000001,1.4633408141942635e-05
682.8749999999999,1.4631743495030746e-05
683.0000000000001,1.4630079848262566e-05
683.1249999999999,1.4628417201070313e-05
683.25,1.4626755552886993e-05
683.3749999999999,1.4625094903146017e-05
683.5,1.462343525128119e-05
683.6250000000002,1.462177659672679e-05
683.75,1.4620118938917728e-05
683.8750000000001,1.4618462277289312e-05
683.9999999999999,1.4616806611277471e-05
684.1250000000001,1.4615151940318618e-05
684.2499999999999,1.4613498263849766e-05
684.3750000000001,1.4611845581308398e-05
684.4999999999999,1.461019389213241e-05
684.625,1.4608543195760412e-05
684.7499999999999,1.4606893491631212e-05
684.875,1.460524477918426e-05
685.0000000000002,1.4603597057859225e-05
685.125,1.460195032709664e-05
685.2500000000001,1.4600304586337139e-05
685.3749999999999,1.459865983502216e-05
685.5000000000001,1.4597016072593293e-05
685.6249999999999,1.4595373298492871e-05
685.7500000000001,1.4593731512163812e-05
685.8749999999999,1.4592090713049203e-05
686.0,1.4590450900592894e-05
686.1249999999999,1.4588812074239302e-05
686.25,1.4587174233433136e-05
686.3750000000002,1.4585537377619652e-05
686.5,1.4583901506244817e-05
686.6250000000001,1.4582266618755049e-05
686.7499999999999,1.4580632714597038e-05
686.8750000000001,1.4578999793218177e-05
686.9999999999999,1.4577367854066255e-05
687.1250000000001,1.4575736896589337e-05
687.2499999999999,1.457410692023612e-05
687.375,1.457247792445531e-05
687.4999999999999,1.4570849908696402e-05
687.625,1.456922287240926e-05
687.7500000000001,1.4567596815044187e-05
687.875,1.456597173605239e-05
688.0000000000001,1.4564347634884924e-05
688.1249999999999,1.4562724510993921e-05
688.2500000000001,1.4561102363831983e-05
688.3749999999999,1.455948119285218e-05
688.5000000000001,1.4557860997508146e-05
688.6249999999999,1.4556241777253934e-05
688.75,1.4554623531544095e-05
688.8749999999999,1.4553006259833573e-05
689.0,1.4551389961578122e-05
689.1250000000001,1.4549774636233624e-05
689.25,1.454816028325633e-05
689.3750000000001,1.454654690210349e-05
689.4999999999999,1.4544934492232203e-05
689.6250000000001,1.4543323053100165e-05
689.7499999999999,1.4541712584165635e-05
689.8750000000001,1.4540103084887314e-05
689.9999999999999,1.453849455472429e-05
690.125,1.453688699313609e-05
690.2499999999998,1.4535280399582888e-05
690.375,1.4533674773525124e-05
690.5000000000001,1.4532070114423874e-05
690.625,1.4530466421740814e-05
690.7500000000001,1.4528863694937888e-05
690.8749999999999,1.4527261933477587e-05
691.0000000000001,1.4525661136822996e-05
691.1249999999999,1.4524061304437745e-05
691.2500000000001,1.4522462435785778e-05
691.3749999999999,1.4520864530331631e-05
691.5,1.4519267587540257e-05
691.6249999999998,1.4517671606877115e-05
691.75,1.4516076587808228e-05
691.8750000000001,1.4514482529799712e-05
692.0,1.4512889432318485e-05
692.1250000000001,1.4511297294831582e-05
692.2499999999999,1.4509706116806678e-05
692.3750000000001,1.4508115897711786e-05
692.4999999999999,1.4506526637015609e-05
692.6250000000001,1.4504938334187127e-05
692.7499999999999,1.4503350988695649e-05
692.875,1.4501764600011447e-05
692.9999999999998,1.4500179167604764e-05
693.125,1.4498594690946558e-05
693.2500000000001,1.4497011169508144e-05
693.375,1.4495428602761354e-05
693.5000000000001,1.4493846990178287e-05
693.6249999999999,1.4492266331231665e-05
693.7500000000001,1.4490686625394674e-05
693.8749999999999,1.4489107872140951e-05
694.0000000000001,1.4487530070944615e-05
694.1249999999999,1.4485953221280356e-05
694.25,1.4484377322623422e-05
694.3749999999998,1.4482802374449471e-05
694.5,1.4481228376234818e-05
694.6250000000001,1.4479655327455975e-05
694.75,1.4478083227590133e-05
694.8750000000001,1.4476512076114544e-05
694.9999999999999,1.4474941872507199e-05
695.1250000000001,1.4473372616246149e-05
695.2499999999999,1.4471804306810255e-05
695.375,1.4470236943677808e-05
695.4999999999999,1.4468670526328866e-05
695.625,1.4467105054243046e-05
695.7500000000002,1.4465540526900826e-05
695.875,1.446397694378323e-05
696.0000000000001,1.4462414304371419e-05
696.125,1.4460852608147628e-05
696.2500000000001,1.4459291854593903e-05
696.3749999999999,1.4457732043194126e-05
696.5000000000001,1.4456173173430938e-05
696.6249999999999,1.4454615244788635e-05
696.75,1.4453058256751428e-05
696.8749999999999,1.4451502208803941e-05
697.0,1.4449947100431623e-05
697.1250000000002,1.4448392931119846e-05
697.25,1.4446839700354624e-05
697.3750000000001,1.4445287407622225e-05
697.5,1.4443736052409625e-05
697.6250000000001,1.4442185634203852e-05
697.7499999999999,1.4440636152492797e-05
697.8750000000001,1.4439087606764547e-05
697.9999999999999,1.4437539996507752e-05
698.125,1.4435993321211566e-05
698.2499999999999,1.4434447580365546e-05
698.375,1.4432902773459636e-05
698.5000000000002,1.4431358899984333e-05
698.625,1.4429815959430565e-05
698.7500000000001,1.4428273951289542e-05
698.875,1.4426732875053198e-05
699.0000000000001,1.4425192730213626e-05
699.1249999999999,1.4423653516263285e-05
699.2500000000001,1.44221152326953e-05
699.3749999999999,1.4420577879002968e-05
699.5,1.4419041454680243e-05
699.6249999999999,1.4417505959221515e-05
699.75,1.4415971392121451e-05
699.8750000000002,1.4414437752875338e-05
700.0,1.4412905040978826e-05
700.1250000000001,1.4411373255928315e-05
700.25,1.4409842397220323e-05
700.3750000000001,1.4408312464352232e-05
700.4999999999999,1.4406783456821332e-05
700.6250000000001,1.4405255374125738e-05
700.7499999999999,1.4403728215763916e-05
700.875,1.440220198123472e-05
700.9999999999999,1.4400676670037587e-05
701.125,1.439915228167209e-05
701.2500000000002,1.4397628815638632e-05
701.375,1.4396106271437673e-05
701.5000000000001,1.4394584648570304e-05
701.6249999999999,1.439306394653792e-05
701.7500000000001,1.4391544164842435e-05
701.8749999999999,1.439002530298581e-05
702.0000000000001,1.4388507360470797e-05
702.1249999999999,1.4386990336800633e-05
702.25,1.4385474231478892e-05
702.3749999999999,1.4383959044009607e-05
702.5,1.4382444773897771e-05
702.6250000000002,1.438093142064838e-05
702.75,1.4379418983767273e-05
702.8750000000001,1.4377907462760656e-05
702.9999999999999,1.4376396857134297e-05
703.1250000000001,1.4374887166394376e-05
703.2499999999999,1.4373378390048157e-05
703.3750000000001,1.437187052760213e-05
703.4999999999999,1.4370363578563592e-05
703.625,1.436885754243948e-05
703.7499999999999,1.4367352418738443e-05
703.875,1.4365848206968545e-05
704.0000000000002,1.4364344906640158e-05
704.125,1.4362842517263065e-05
704.2500000000001,1.4361341038347578e-05
704.3749999999999,1.4359840469405387e-05
704.5000000000001,1.435834080994813e-05
704.6249999999999,1.435684205948869e-05
704.7500000000001,1.4355344217538903e-05
704.8749999999999,1.4353847283612287e-05
705.0,1.4352351257221535e-05
705.1249999999999,1.4350856137880516e-05
705.25,1.4349361925102944e-05
705.3750000000002,1.4347868618403038e-05
705.5,1.4346376217295276e-05
705.6250000000001,1.4344884721294818e-05
705.7499999999999,1.4343394129917083e-05
705.8750000000001,1.434190444267784e-05
705.9999999999999,1.4340415659093416e-05
706.1250000000001,1.4338927778680698e-05
706.2499999999999,1.433744080095679e-05
706.375,1.4335954725439327e-05
706.4999999999999,1.4334469551646312e-05
706.625,1.4332985279096067e-05
706.7500000000001,1.433150190730728e-05
706.875,1.4330019435799263e-05
707.0000000000001,1.4328537864091535e-05
707.1249999999999,1.4327057191704255e-05
707.2500000000001,1.4325577418157902e-05
707.3749999999999,1.4324098542973644e-05
707.5000000000001,1.4322620565672779e-05
707.6249999999999,1.4321143485777224e-05
707.75,1.4319667302809389e-05
707.8749999999999,1.4318192016291834e-05
708.0,1.431671762574748e-05
708.1250000000001,1.4315244130699803e-05
708.25,1.4313771530672532e-05
708.3750000000001,1.4312299825189803e-05
708.4999999999999,1.4310829013776318e-05
708.6250000000001,1.430935909595714e-05
708.7499999999999,1.4307890071257683e-05
708.8750000000001,1.4306421939203966e-05
708.9999999999999,1.4304954699322585e-05
709.125,1.4303488351140314e-05
709.2499999999998,1.4302022894184425e-05
709.375,1.430055832798253e-05
709.5000000000001,1.4299094652062782e-05
709.625,1.4297631865953363e-05
709.7500000000001,1.4296169969183097e-05
709.8749999999999,1.4294708961281079e-05
710.0000000000001,1.4293248841776581e-05
710.1249999999999,1.4291789610199472e-05
710.2500000000001,1.4290331266080024e-05
710.3749999999999,1.4288873808948914e-05
710.5,1.4287417238337144e-05
710.6249999999998,1.4285961553776367e-05
710.75,1.4284506754798545e-05
710.8750000000001,1.4283052840936213e-05
711.0,1.428159981172251e-05
711.1250000000001,1.4280147666690696e-05
711.2499999999999,1.4278696405374527e-05
711.3750000000001,1.4277246027308197e-05
711.4999999999999,1.4275796532026265e-05
711.6250000000001,1.4274347919063675e-05
711.7499999999999,1.427290018795557e-05
711.875,1.4271453338237547e-05
711.9999999999998,1.427000736944562e-05
712.125,1.4268562281116275e-05
712.2500000000001,1.4267118072786388e-05
712.375,1.4265674743993248e-05
712.5000000000001,1.4264232294274627e-05
712.6249999999999,1.4262790723168478e-05
712.7500000000001,1.4261350030213688e-05
712.8749999999999,1.425991021494892e-05
713.0,1.4258471276913475e-05
713.1249999999999,1.4257033215646773e-05
713.25,1.4255596030688922e-05
713.3750000000002,1.4254159721580069e-05
713.5,1.4252724287860887e-05
713.6250000000001,1.4251289729072474e-05
713.75,1.4249856044756225e-05
713.8750000000001,1.4248423234454287e-05
713.9999999999999,1.4246991297708962e-05
714.1250000000001,1.4245560234063203e-05
714.2499999999999,1.424413004306014e-05
714.375,1.4242700724243692e-05
714.4999999999999,1.4241272277157807e-05
714.625,1.4239844701347091e-05
714.7500000000002,1.4238417996356367e-05
714.875,1.4236992161730954e-05
715.0000000000001,1.423556719701641e-05
715.125,1.4234143101759032e-05
715.2500000000001,1.4232719875505037e-05
715.3749999999999,1.4231297517801443e-05
715.5000000000001,1.422987602819536e-05
715.6249999999999,1.422845540623461e-05
715.75,1.4227035651466974e-05
715.8749999999999,1.422561676344095e-05
716.0,1.4224198741705096e-05
716.1250000000002,1.4222781585808435e-05
716.25,1.4221365295300493e-05
716.3750000000001,1.4219949869730947e-05
716.5,1.4218535308649989e-05
716.6250000000001,1.4217121611608023e-05
716.7499999999999,1.4215708778156262e-05
716.8750000000001,1.4214296807845842e-05
716.9999999999999,1.4212885700228876e-05
717.125,1.4211475454857483e-05
717.2499999999999,1.4210066071284368e-05
717.375,1.4208657549062304e-05
717.5000000000002,1.420724988774505e-05
717.625,1.4205843086886319e-05
717.7500000000001,1.4204437146040347e-05
717.875,1.4203032064761608e-05
718.0000000000001,1.4201627842604954e-05
718.1249999999999,1.420022447912561e-05
718.2500000000001,1.41988219738791e-05
718.3749999999999,1.4197420326421518e-05
718.5,1.419601953630896e-05
718.6249999999999,1.4194619603097995e-05
718.75,1.419322052634547e-05
718.8750000000002,1.419182230560911e-05
719.0,1.4190424940446554e-05
719.1250000000001,1.4189028430416301e-05
719.25,1.418763277507716e-05
719.3750000000001,1.4186237973988583e-05
719.4999999999999,1.4184844026710344e-05
719.6250000000001,1.4183450932803008e-05
719.7499999999999,1.4182058691827244e-05
719.875,1.4180667303343967e-05
719.9999999999999,1.4179276766914265e-05
720.125,1.4177887082099823e-05
720.2500000000002,1.4176498248462102e-05
720.375,1.417511026556317e-05
720.5000000000001,1.4173723132965197e-05
720.6249999999999,1.417233685023081e-05
720.7500000000001,1.4170951416922911e-05
720.8749999999999,1.4169566832605128e-05
721.0000000000001,1.4168183096841419e-05
721.1249999999999,1.4166800209196113e-05
721.25,1.4165418169233892e-05
721.3749999999999,1.416403697652004e-05
721.5,1.416265663061989e-05
721.6250000000002,1.4161277131099392e-05
721.75,1.4159898477524688e-05
721.8750000000001,1.4158520669462137e-05
721.9999999999999,1.4157143706478836e-05
722.1250000000001,1.4155767588141974e-05
722.2499999999999,1.4154392314019546e-05
722.3750000000001,1.4153017883679575e-05
722.4999999999999,1.4151644296690887e-05
722.625,1.4150271552622197e-05
722.7499999999999,1.4148899651043069e-05
722.875,1.4147528591523151e-05
723.0000000000002,1.4146158373632556e-05
723.125,1.4144788996941422e-05
723.2500000000001,1.4143420461020327e-05
723.3749999999999,1.414205276544032e-05
723.5000000000001,1.4140685909772622e-05
723.6249999999999,1.4139319893588904e-05
723.7500000000001,1.4137954716461263e-05
723.8749999999999,1.413659037796211e-05
724.0,1.4135226877664289e-05
724.1249999999999,1.4133864215141292e-05
724.25,1.4132502389966869e-05
724.3750000000001,1.4131141401715162e-05
724.5,1.412978124996074e-05
724.6250000000001,1.4128421934278702e-05
724.7499999999999,1.4127063454244118e-05
724.8750000000001,1.4125705809432904e-05
724.9999999999999,1.4124348999420977e-05
725.1250000000001,1.4122993023784739e-05
725.2499999999999,1.412163788210074e-05
725.375,1.4120283573945906e-05
725.4999999999999,1.4118930098897475e-05
725.625,1.4117577456533163e-05
725.7500000000001,1.4116225646430865e-05
725.875,1.4114874668168803e-05
726.0000000000001,1.4113524521325635e-05
726.1249999999999,1.4112175205480285e-05
726.2500000000001,1.4110826720212367e-05
726.3749999999999,1.4109479065101653e-05
726.5000000000001,1.4108132239728358e-05
726.6249999999999,1.4106786243672941e-05
726.75,1.4105441076516475e-05
726.8749999999998,1.410409673784038e-05
727.0,1.410275322722614e-05
727.1250000000001,1.4101410544256081e-05
727.25,1.4100068688512254e-05
727.3750000000001,1.4098727659577551e-05
727.4999999999999,1.4097387457034871e-05
727.6250000000001,1.4096048080467955e-05
727.7499999999999,1.409470952946045e-05
727.8750000000001,1.4093371803596312e-05
727.9999999999999,1.4092034902460308e-05
728.125,1.4090698825637032e-05
728.2499999999998,1.4089363572711945e-05
728.375,1.4088029143270506e-05
728.5000000000001,1.4086695536898857e-05
728.625,1.4085362753182823e-05
728.7500000000001,1.4084030791709337e-05
728.8749999999999,1.4082699652065367e-05
729.0000000000001,1.4081369333838304e-05
729.1249999999999,1.408003983661591e-05
729.2500000000001,1.407871115998626e-05
729.3749999999999,1.4077383303537604e-05
729.5,1.4076056266858847e-05
729.6249999999998,1.4074730049539128e-05
729.75,1.4073404651167789e-05
729.8750000000001,1.4072080071334674e-05
730.0,1.407075630962992e-05
730.1250000000001,1.4069433365644035e-05
730.2499999999999,1.4068111238968064e-05
730.3750000000001,1.4066789929193385e-05
730.4999999999999,1.4065469435911648e-05
730.625,1.4064149758715008e-05
730.7499999999999,1.4062830897195952e-05
730.875,1.4061512850947336e-05
730.9999999999998,1.4060195619562249e-05
731.125,1.4058879202634185e-05
731.2500000000001,1.4057563599756797e-05
731.375,1.405624881052395e-05
731.5000000000001,1.4054934834529946e-05
731.6249999999999,1.4053621671369327e-05
731.7500000000001,1.405230932063703e-05
731.8749999999999,1.4050997781928203e-05
732.0,1.4049687054838512e-05
732.1249999999999,1.4048377138963976e-05
732.25,1.404706803390088e-05
732.3750000000002,1.4045759739246309e-05
732.5,1.4044452254597366e-05
732.6250000000001,1.4043145579551632e-05
732.75,1.4041839713706887e-05
732.8750000000001,1.4040534656661534e-05
732.9999999999999,1.4039230408014088e-05
733.1250000000001,1.4037926967363335e-05
733.2499999999999,1.4036624334308769e-05
733.375,1.403532250844998e-05
733.4999999999999,1.4034021489386877e-05
733.625,1.4032721276719958e-05
733.7500000000002,1.4031421870049817e-05
733.875,1.403012326897745e-05
734.0000000000001,1.4028825473103973e-05
734.125,1.4027528482030955e-05
734.2500000000001,1.4026232295360155e-05
734.3749999999999,1.402493691269362e-05
734.5000000000001,1.402364233363378e-05
734.6249999999999,1.4022348557783269e-05
734.75,1.4021055584745354e-05
734.8749999999999,1.4019763414123435e-05
735.0,1.4018472045522017e-05
735.1250000000002,1.401718147854552e-05
735.25,1.4015891712798943e-05
735.3750000000001,1.4014602747887624e-05
735.5,1.4013314583417468e-05
735.6250000000001,1.4012027218994422e-05
735.7499999999999,1.4010740654224705e-05
735.8750000000001,1.4009454888715314e-05
735.9999999999999,1.400816992207247e-05
736.125,1.4006885753903549e-05
736.2499999999999,1.4005602383815523e-05
736.375,1.4004319811416133e-05
736.5000000000002,1.4003038036313073e-05
736.625,1.4001757058114469e-05
736.7500000000001,1.4000476876429077e-05
736.875,1.3999197490865401e-05
737.0000000000001,1.3997918901033176e-05
737.1249999999999,1.3996641106541754e-05
737.2500000000001,1.3995364107001381e-05
737.3749999999999,1.3994087902022424e-05
737.5,1.3992812491215594e-05
737.6249999999999,1.3991537874192213e-05
737.75,1.399026405056349e-05
737.8750000000002,1.3988991019941358e-05
738.0,1.3987718781937772e-05
738.1250000000001,1.3986447336165202e-05
738.2499999999999,1.3985176682236328e-05
738.3750000000001,1.3983906819764204e-05
738.4999999999999,1.3982637748362156e-05
738.6250000000001,1.398136946764401e-05
738.7499999999999,1.3980101977223854e-05
738.875,1.3978835276716151e-05
738.9999999999999,1.397756936573554e-05
739.125,1.3976304243897257e-05
739.2500000000002,1.397503991081669e-05
739.375,1.397377636610973e-05
739.5000000000001,1.397251360939247e-05
739.6249999999999,1.3971251640281255e-05
739.7500000000001,1.396999045839297e-05
739.8749999999999,1.3968730063344682e-05
740.0000000000001,1.3967470454753891e-05
740.1249999999999,1.3966211632238274e-05
740.25,1.3964953595415953e-05
740.3749999999999,1.3963696343904991e-05
740.5,1.3962439877324132e-05
740.6250000000002,1.3961184195292303e-05
740.75,1.3959929297428658e-05
740.8750000000001,1.3958675183352713e-05
740.9999999999999,1.395742185268442e-05
741.1250000000001,1.3956169305043954e-05
741.2499999999999,1.3954917540051865e-05
741.3750000000001,1.3953666557329184e-05
741.4999999999999,1.3952416356496936e-05
741.625,1.3951166937176521e-05
741.7499999999999,1.3949918298989507e-05
741.875,1.3948670441557898e-05
742.0000000000001,1.3947423364503625e-05
742.125,1.3946177067449407e-05
742.2500000000001,1.3944931550018297e-05
742.3749999999999,1.394368681183395e-05
742.5000000000001,1.394244285252069e-05
742.6249999999999,1.3941199671703456e-05
742.7500000000001,1.3939957269007477e-05
742.8749999999999,1.3938715644058227e-05
743.0,1.3937474796481613e-05
743.1249999999999,1.3936234725903253e-05
743.25,1.3934995431949382e-05
743.3750000000001,1.3933756914245674e-05
743.5,1.3932519172418506e-05
743.6250000000001,1.3931282206093894e-05
743.7499999999999,1.3930046014898347e-05
743.8750000000001,1.3928810598458571e-05
743.9999999999999,1.3927575956401655e-05
744.1250000000001,1.3926342088355205e-05
744.2499999999999,1.3925108993947e-05
744.375,1.3923876672805997e-05
744.4999999999998,1.3922645124561048e-05
744.625,1.392141434884173e-05
744.7500000000001,1.3920184345278062e-05
744.875,1.3918955113500364e-05
745.0000000000001,1.3917726653139349e-05
745.1249999999999,1.3916498963825827e-05
745.2500000000001,1.3915272045190985e-05
745.3749999999999,1.3914045896865743e-05
745.5000000000001,1.3912820518481369e-05
745.6249999999999,1.3911595909669391e-05
745.75,1.3910372070061688e-05
745.8749999999998,1.3909148999290328e-05
746.0,1.3907926696987851e-05
746.1250000000001,1.3906705162787526e-05
746.25,1.3905484396322581e-05
746.3750000000001,1.3904264397226892e-05
746.4999999999999,1.390304516513466e-05
746.6250000000001,1.3901826699680576e-05
746.7499999999999,1.390060900049938e-05
746.8750000000001,1.3899392067226561e-05
746.9999999999999,1.3898175899497572e-05
747.125,1.389696049694823e-05
747.2499999999998,1.3895745859214458e-05
747.375,1.3894531985932614e-05
747.5000000000001,1.3893318876738974e-05
747.625,1.3892106531270173e-05
747.7500000000001,1.3890894949163123e-05
747.8749999999999,1.388968413005484e-05
748.0000000000001,1.3888474073582843e-05
748.1249999999999,1.3887264779384995e-05
748.2500000000001,1.388605624709959e-05
748.3749999999999,1.3884848476365249e-05
748.5,1.3883641466821152e-05
748.6249999999998,1.3882435218106639e-05
748.75,1.3881229729861514e-05
748.8750000000001,1.3880025001725932e-05
749.0,1.3878821033340114e-05
749.1250000000001,1.3877617824344439e-05
749.2499999999999,1.3876415374379848e-05
749.3750000000001,1.387521368308731e-05
749.4999999999999,1.3874012750107864e-05
749.625,1.3872812575083246e-05
749.7499999999999,1.3871613157655354e-05
749.875,1.3870414497466384e-05
750.0000000000002,1.3869216594159055e-05
750.125,1.3868019447376487e-05
750.2500000000001,1.3866823056761943e-05
750.375,1.3865627421958985e-05
750.5000000000001,1.3864432542611693e-05
750.6249999999999,1.386323841836417e-05
750.7500000000001,1.3862045048860735e-05
750.8749999999999,1.3860852433746128e-05
751.0,1.3859660572665389e-05
751.1249999999999,1.3858469465264156e-05
751.25,1.3857279111187843e-05
751.3750000000002,1.3856089510083047e-05
751.5,1.38549006615963e-05
751.6250000000001,1.3853712565374372e-05
751.75,1.3852525221064612e-05
751.8750000000001,1.3851338628314764e-05
751.9999999999999,1.3850152786772281e-05
752.1250000000001,1.3848967696084865e-05
752.2499999999999,1.3847783355900886e-05
752.375,1.384659976586856e-05
752.4999999999999,1.384541692563619e-05
752.625,1.3844234834852691e-05
752.7500000000002,1.3843053493166962e-05
752.875,1.3841872900228253e-05
753.0000000000001,1.3840693055686526e-05
753.125,1.3839513959191908e-05
753.2500000000001,1.383833561039491e-05
753.3749999999999,1.3837158008946183e-05
753.5000000000001,1.383598115449727e-05
753.6249999999999,1.383480504669965e-05
753.75,1.3833629685205272e-05
753.8749999999999,1.3832455069666116e-05
754.0,1.3831281199734583e-05
754.1250000000002,1.3830108075063155e-05
754.25,1.3828935695304721e-05
754.3750000000001,1.3827764060112261e-05
754.5,1.3826593169139235e-05
754.6250000000001,1.382542302203934e-05
754.7499999999999,1.3824253618466675e-05
754.8750000000001,1.382308495807562e-05
754.9999999999999,1.3821917040520864e-05
755.125,1.3820749865457474e-05
755.2499999999999,1.3819583432540789e-05
755.375,1.3818417741426468e-05
755.5000000000002,1.381725279177053e-05
755.625,1.3816088583229157e-05
755.7500000000001,1.3814925115458641e-05
755.8749999999999,1.3813762388115757e-05
756.0000000000001,1.3812600400857633e-05
756.1249999999999,1.3811439153341779e-05
756.2500000000001,1.3810278645225706e-05
756.3749999999999,1.3809118876167481e-05
756.5,1.3807959845825255e-05
756.6249999999999,1.3806801553857765e-05
756.75,1.3805643999924095e-05
756.8750000000002,1.3804487183683409e-05
757.0,1.380333110479523e-05
757.1250000000001,1.3802175762919138e-05
757.2499999999999,1.380102115771511e-05
757.3750000000001,1.3799867288843161e-05
757.4999999999999,1.3798714155963657e-05
757.6250000000001,1.3797561758737082e-05
757.7499999999999,1.3796410096824224e-05
757.875,1.379525916988629e-05
757.9999999999999,1.3794108977584742e-05
758.125,1.379295951958137e-05
758.2500000000002,1.3791810795538494e-05
758.375,1.3790662805118782e-05
758.5000000000001,1.3789515547985189e-05
758.6249999999999,1.3788369023800872e-05
758.7500000000001,1.3787223232229558e-05
758.8749999999999,1.3786078172935019e-05
759.0000000000001,1.37849338455814e-05
759.1249999999999,1.3783790249833111e-05
759.25,1.3782647385354882e-05
759.3749999999999,1.3781505251811864e-05
759.5,1.3780363848869037e-05
759.6250000000002,1.3779223176192382e-05
759.75,1.3778083233447223e-05
759.8750000000001,1.3776944020299982e-05
759.9999999999999,1.3775805536416746e-05
760.1250000000001,1.377466778146421e-05
760.2499999999999,1.3773530755109132e-05
760.3750000000001,1.3772394457018382e-05
760.4999999999999,1.3771258886859513e-05
760.625,1.3770124044299812e-05
760.7499999999999,1.376898992900759e-05
760.875,1.3767856540650814e-05
761.0000000000001,1.3766723878898162e-05
761.125,1.3765591943418264e-05
761.2500000000001,1.3764460733880429e-05
761.3749999999999,1.376333024995408e-05
761.5000000000001,1.3762200491308871e-05
761.6249999999999,1.3761071457614708e-05
761.7500000000001,1.3759943148541989e-05
761.8749999999999,1.3758815563760917e-05
762.0,1.375768870294259e-05
762.1249999999999,1.3756562565758084e-05
762.25,1.3755437151878698e-05
762.3750000000001,1.3754312460976085e-05
762.5,1.3753188492722307e-05
762.6250000000001,1.375206524678978e-05
762.7499999999999,1.3750942722850749e-05
762.8750000000001,1.3749820920578402e-05
762.9999999999999,1.374869983964562e-05
763.1250000000001,1.374757947972601e-05
763.2499999999999,1.3746459840493005e-05
763.375,1.3745340921620908e-05
763.4999999999998,1.3744222722783961e-05
763.625,1.3743105243656902e-05
763.7500000000001,1.3741988483914495e-05
763.875,1.3740872443231912e-05
764.0000000000001,1.3739757121284494e-05
764.1249999999999,1.3738642517747816e-05
764.2500000000001,1.3737528632297878e-05
764.3749999999999,1.3736415464610427e-05
764.5000000000001,1.3735303014361595e-05
764.6249999999999,1.3734191281227729e-05
764.75,1.3733080264885808e-05
764.8749999999998,1.3731969965012806e-05
765.0,1.373086038128606e-05
765.1250000000001,1.3729751513383452e-05
765.25,1.3728643360983033e-05
765.3750000000001,1.3727535923763366e-05
765.4999999999999,1.3726429201403224e-05
765.6250000000001,1.372532319358157e-05
765.7499999999999,1.3724217899977958e-05
765.8750000000001,1.3723113320271697e-05
765.9999999999999,1.372200945414289e-05
766.125,1.3720906301271336e-05
766.2499999999998,1.3719803861337384e-05
766.375,1.3718702134021393e-05
766.5000000000001,1.3717601119004351e-05
766.625,1.3716500815967206e-05
766.7500000000001,1.3715401224591408e-05
766.8749999999999,1.3714302344558555e-05
767.0000000000001,1.371320417555082e-05
767.1249999999999,1.3712106717249578e-05
767.25,1.3711009969337862e-05
767.3749999999999,1.3709913931498557e-05
767.5,1.3708818603413857e-05
767.6250000000002,1.3707723984767418e-05
767.75,1.3706630075242271e-05
767.8750000000001,1.3705536874523049e-05
768.0,1.3704444382292695e-05
768.1250000000001,1.3703352598236537e-05
768.2499999999999,1.3702261522039191e-05
768.3750000000001,1.3701171153385054e-05
768.4999999999999,1.3700081491959982e-05
768.625,1.369899253744947e-05
768.7499999999999,1.3697904289539298e-05
768.875,1.3696816747915037e-05
769.0000000000002,1.3695729912263635e-05
769.125,1.3694643782271412e-05
769.2500000000001,1.3693558357624641e-05
769.375,1.3692473638010645e-05
769.5000000000001,1.3691389623116795e-05
769.6249999999999,1.369030631263045e-05
769.7500000000001,1.3689223706239438e-05
769.8749999999999,1.3688141803631835e-05
770.0,1.3687060604496058e-05
770.1249999999999,1.3685980108521017e-05
770.25,1.3684900315395542e-05
770.3750000000002,1.3683821224809109e-05
770.5,1.3682742836451244e-05
770.6250000000001,1.3681665150011431e-05
770.75,1.3680588165179724e-05
770.8750000000001,1.3679511881646163e-05
770.9999999999999,1.3678436299101218e-05
771.1250000000001,1.3677361417235317e-05
771.2499999999999,1.367628723573944e-05
771.375,1.3675213754304818e-05
771.4999999999999,1.3674140972622837e-05
771.625,1.3673068890385608e-05
771.7500000000002,1.3671997507285361e-05
771.875,1.367092682301467e-05
772.0000000000001,1.366985683726623e-05
772.125,1.3668787549733107e-05
772.2500000000001,1.3667718960108372e-05
772.3749999999999,1.3666651068085618e-05
772.5000000000001,1.3665583873358596e-05
772.6249999999999,1.3664517375621208e-05
772.75,1.3663451574567625e-05
772.8749999999999,1.3662386469892274e-05
773.0,1.3661322061289843e-05
773.1250000000002,1.3660258348455235e-05
773.25,1.3659195331083848e-05
773.3750000000001,1.3658133008870985e-05
773.5,1.3657071381512473e-05
773.6250000000001,1.365601044870428e-05
773.7499999999999,1.3654950210142542e-05
773.8750000000001,1.3653890665523986e-05
773.9999999999999,1.3652831814545416e-05
774.125,1.3651773656904034e-05
774.2499999999999,1.3650716192297277e-05
774.375,1.3649659420422813e-05
774.5000000000002,1.3648603340978612e-05
774.625,1.3647547953662721e-05
774.7500000000001,1.3646493258173624e-05
774.8749999999999,1.364543925420968e-05
775.0000000000001,1.3644385941469858e-05
775.1249999999999,1.3643333319653062e-05
775.2500000000001,1.3642281388458332e-05
775.3749999999999,1.364123014758571e-05
775.5,1.3640179596734833e-05
775.6249999999999,1.363912973560601e-05
775.75,1.363808056389968e-05
775.8750000000002,1.3637032081316682e-05
776.0,1.3635984287557859e-05
776.1250000000001,1.3634937182324713e-05
776.2499999999999,1.3633890765318892e-05
776.3750000000001,1.3632845036241772e-05
776.4999999999999,1.3631799994795532e-05
776.6250000000001,1.3630755640682459e-05
776.7499999999999,1.3629711973605241e-05
776.875,1.3628668993266443e-05
776.9999999999999,1.3627626699369117e-05
777.125,1.3626585091616639e-05
777.2500000000002,1.3625544169712501e-05
777.375,1.3624503933360548e-05
777.5000000000001,1.3623464382264615e-05
777.6249999999999,1.362242551612896e-05
777.7500000000001,1.3621387334658024e-05
777.8749999999999,1.3620349837556724e-05
778.0000000000001,1.3619313024530044e-05
778.1249999999999,1.3618276895283407e-05
778.25,1.3617241449522346e-05
778.3749999999999,1.3616206686952778e-05
778.5,1.3615172607280864e-05
778.6250000000001,1.3614139210212833e-05
778.75,1.3613106495455204e-05
778.8750000000001,1.3612074462714807e-05
778.9999999999999,1.3611043111698621e-05
779.1250000000001,1.3610012442113724e-05
779.2499999999999,1.3608982453667743e-05
779.3750000000001,1.3607953146068283e-05
779.4999999999999,1.3606924519023181e-05
779.625,1.360589657224085e-05
779.7499999999999,1.3604869305429699e-05
779.875,1.3603842718298449e-05
780.0000000000001,1.3602816810556129e-05
780.125,1.3601791581912156e-05
780.2500000000001,1.3600767032076006e-05
780.3749999999999,1.3599743160757703e-05
780.5000000000001,1.3598719967667553e-05
780.6249999999999,1.3597697452516062e-05
780.7500000000001,1.3596675615013945e-05
780.8749999999999,1.3595654454872193e-05
781.0,1.3594633971802063e-05
781.1249999999998,1.3593614165514835e-05
781.25,1.3592595035722146e-05
781.3750000000001,1.3591576582135854e-05
781.5,1.3590558804467844e-05
781.6250000000001,1.358954170243014e-05
781.7499999999999,1.3588525275735429e-05
781.8750000000001,1.3587509524096337e-05
781.9999999999999,1.3586494447226033e-05
782.1250000000001,1.3585480044837646e-05
782.2499999999999,1.3584466316644828e-05
782.375,1.3583453262361157e-05
782.4999999999998,1.3582440881701052e-05
782.625,1.3581429174378943e-05
782.7500000000001,1.3580418140109487e-05
782.875,1.3579407778607418e-05
783.0000000000001,1.3578398089587803e-05
783.1249999999999,1.3577389072765847e-05
783.2500000000001,1.3576380727856792e-05
783.3749999999999,1.3575373054576249e-05
783.5000000000001,1.357436605264002e-05
783.6249999999999,1.357335972176388e-05
783.75,1.3572354061663856e-05
783.8749999999998,1.3571349072056768e-05
784.0,1.357034475265928e-05
784.1250000000001,1.356934110318869e-05
784.25,1.356833812336259e-05
784.3750000000001,1.3567335812898802e-05
784.4999999999999,1.3566334171515246e-05
784.6250000000001,1.3565333198930627e-05
784.7499999999999,1.3564332894863421e-05
784.8750000000001,1.3563333259032409e-05
784.9999999999999,1.3562334291156698e-05
785.125,1.3561335990955626e-05
785.2499999999998,1.3560338358148663e-05
785.375,1.3559341392455468e-05
785.5000000000001,1.3558345093596199e-05
785.625,1.3557349461290854e-05
785.7500000000001,1.355635449525993e-05
785.8749999999999,1.355536019522403e-05
786.0000000000001,1.3554366560903973e-05
786.1249999999999,1.3553373592020784e-05
786.25,1.3552381288295875e-05
786.3749999999999,1.355138964945073e-05
786.5,1.355039867520707e-05
786.6250000000002,1.3549408365286827e-05
786.75,1.3548418719412248e-05
786.8750000000001,1.354742973730571e-05
787.0,1.3546441418690004e-05
787.1250000000001,1.3545453763288022e-05
787.2499999999999,1.354446677082295e-05
787.3750000000001,1.354348044101838e-05
787.4999999999999,1.3542494773597862e-05
787.625,1.3541509768285623e-05
787.7499999999999,1.3540525424805902e-05
787.875,1.353954174288328e-05
788.0000000000002,1.3538558722242513e-05
788.125,1.3537576362608632e-05
788.2500000000001,1.3536594663706862e-05
788.375,1.3535613625262652e-05
788.5000000000001,1.3534633247001812e-05
788.6249999999999,1.3533653528650147e-05
788.7500000000001,1.3532674469933975e-05
788.8749999999999,1.3531696070579495e-05
789.0,1.3530718330313171e-05
789.1249999999999,1.3529741248861753e-05
789.25,1.3528764825952203e-05
789.3750000000002,1.3527789061311434e-05
789.5,1.3526813954666912e-05
789.6250000000001,1.352583950574607e-05
789.75,1.3524865714276681e-05
789.8750000000001,1.3523892579987099e-05
789.9999999999999,1.3522920102605753e-05
790.1250000000001,1.3521948281861377e-05
790.2499999999999,1.3520977117483004e-05
790.375,1.352000660920008e-05
790.4999999999999,1.3519036756742033e-05
790.625,1.3518067559838807e-05
790.7500000000002,1.3517099018220363e-05
790.875,1.3516131131616903e-05
791.0000000000001,1.3515163899758672e-05
791.125,1.3514197322376363e-05
791.2500000000001,1.3513231399200507e-05
791.3749999999999,1.3512266129962476e-05
791.5000000000001,1.3511301514392816e-05
791.6249999999999,1.3510337552223218e-05
791.75,1.350937424318511e-05
791.8749999999999,1.3508411587010547e-05
792.0,1.3507449583431496e-05
792.1250000000002,1.350648823218063e-05
792.25,1.350552753299053e-05
792.3750000000001,1.3504567485593795e-05
792.4999999999999,1.3503608089724222e-05
792.6250000000001,1.350264934511503e-05
792.7499999999999,1.350169125150013e-05
792.8750000000001,1.350073380861312e-05
792.9999999999999,1.3499777016188508e-05
793.125,1.3498820873960187e-05
793.2499999999999,1.349786538166296e-05
793.375,1.3496910539031342e-05
793.5000000000002,1.3495956345800491e-05
793.625,1.3495002801705445e-05
793.7500000000001,1.3494049906481647e-05
793.8749999999999,1.3493097659864734e-05
794.0000000000001,1.349214606159054e-05
794.1249999999999,1.3491195111395128e-05
794.2500000000001,1.3490244809014667e-05
794.3749999999999,1.348929515418578e-05
794.5,1.3488346146645054e-05
794.6249999999999,1.3487397786129617e-05
794.75,1.3486450072376626e-05
794.8750000000002,1.3485503005123761e-05
795.0,1.3484556584108782e-05
795.1250000000001,1.348361080906971e-05
795.2499999999999,1.3482665679744724e-05
795.3750000000001,1.3481721195872384e-05
795.4999999999999,1.3480777357191314e-05
795.6250000000001,1.3479834163440275e-05
795.7499999999999,1.3478891614358271e-05
795.875,1.3477949709684564e-05
795.9999999999999,1.3477008449158572e-05
796.125,1.3476067832520098e-05
796.2500000000002,1.3475127859509205e-05
796.375,1.3474188529866072e-05
796.5000000000001,1.347324984333108e-05
796.6249999999999,1.3472311799644855e-05
796.7500000000001,1.347137439854821e-05
796.8749999999999,1.3470437639782154e-05
797.0000000000001,1.3469501523088008e-05
797.1249999999999,1.3468566048207324e-05
797.25,1.346763121488201e-05
797.3749999999999,1.3466697022854102e-05
797.5,1.3465763471866029e-05
797.6250000000001,1.3464830561660431e-05
797.75,1.3463898291980102e-05
797.8750000000001,1.3462966662568045e-05
797.9999999999999,1.3462035673167334e-05
798.1250000000001,1.3461105323521489e-05
798.2499999999999,1.3460175613373988e-05
798.3750000000001,1.3459246542468592e-05
798.4999999999999,1.3458318110549342e-05
798.625,1.3457390317360306e-05
798.7499999999998,1.3456463162645899e-05
798.875,1.34555366461505e-05
799.0000000000001,1.3454610767619116e-05
799.125,1.3453685526796685e-05
799.2500000000001,1.3452760923428544e-05
799.3749999999999,1.3451836957259598e-05
799.5000000000001,1.3450913628036181e-05
799.6249999999999,1.3449990935503446e-05
799.7500000000001,1.3449068879408438e-05
799.8749999999999,1.3448147459497426e-05
800.0,1.34472266755172e-05
800.1249999999998,1.344630652721472e-05
800.25,1.3445387014336928e-05
800.3750000000001,1.3444468136632224e-05
800.5,1.3443549893846734e-05
800.6250000000001,1.3442632285729626e-05
800.7499999999999,1.3441715312028103e-05
800.8750000000001,1.3440798972490837e-05
800.9999999999999,1.3439883266866012e-05
801.1250000000001,1.3438968194902485e-05
801.2499999999999,1.3438053756349192e-05
801.375,1.3437139950955063e-05
801.4999999999998,1.3436226778469912e-05
801.625,1.3435314238643027e-05
801.7500000000001,1.3434402331224118e-05
801.875,1.3433491055963194e-05
802.0000000000001,1.3432580412610182e-05
802.1249999999999,1.3431670400915693e-05
802.2500000000001,1.3430761020630353e-05
802.3749999999999,1.3429852271504819e-05
802.5000000000001,1.342894415329035e-05
802.6249999999999,1.342803666573816e-05
802.75,1.3427129808599778e-05
802.8749999999998,1.342622358162699e-05
803.0,1.3425317984571845e-05
803.1250000000001,1.3424413017186157e-05
803.25,1.3423508679222378e-05
803.3750000000001,1.3422604970433073e-05
803.4999999999999,1.3421701890570746e-05
803.6250000000001,1.3420799439388385e-05
803.7499999999999,1.3419897616639015e-05
803.875,1.341899642207605e-05
803.9999999999999,1.3418095855453111e-05
804.125,1.3417195916524112e-05
804.2500000000002,1.341629660504302e-05
804.375,1.3415397920764282e-05
804.5000000000001,1.3414499863442619e-05
804.625,1.3413602432832862e-05
804.7500000000001,1.3412705628690068e-05
804.8749999999999,1.3411809450769436e-05
805.0000000000001,1.341091389882655e-05
805.1249999999999,1.341001897261704e-05
805.25,1.3409124671896838e-05
805.3749999999999,1.3408230996421878e-05
805.5,1.3407337945948398e-05
805.6250000000002,1.3406445520232917e-05
805.75,1.3405553719032105e-05
805.8750000000001,1.3404662542102768e-05
806.0,1.3403771989201999e-05
806.1250000000001,1.340288206008709e-05
806.2499999999999,1.3401992754515407e-05
806.3750000000001,1.3401104072244438e-05
806.4999999999999,1.340021601303192e-05
806.625,1.3399328576635545e-05
806.7499999999999,1.3398441762813624e-05
806.875,1.339755557132436e-05
807.0000000000002,1.3396670001926568e-05
807.125,1.3395785054379106e-05
807.2500000000001,1.3394900728441829e-05
807.375,1.3394017023874361e-05
807.5000000000001,1.3393133940437011e-05
807.6249999999999,1.3392251477890019e-05
807.7500000000001,1.3391369635993791e-05
807.8749999999999,1.3390488414508782e-05
808.0,1.338960781319526e-05
808.1249999999999,1.3388727831814057e-05
808.25,1.3387848470125302e-05
808.3750000000002,1.3386969727889927e-05
808.5,1.3386091604868727e-05
808.6250000000001,1.3385214100823032e-05
808.75,1.3384337215514275e-05
808.8750000000001,1.3383460948704779e-05
808.9999999999999,1.338258530015677e-05
809.1250000000001,1.3381710269632627e-05
809.2499999999999,1.3380835856895079e-05
809.375,1.3379962061707389e-05
809.4999999999999,1.337908888383245e-05
809.625,1.3378216323033594e-05
809.7500000000002,1.3377344379074276e-05
809.875,1.3376473051718001e-05
810.0000000000001,1.3375602340728566e-05
810.1249999999999,1.3374732245869887e-05
810.2500000000001,1.3373862766906124e-05
810.3749999999999,1.3372993903601407e-05
810.5000000000001,1.3372125655720351e-05
810.6249999999999,1.3371258023027604e-05
810.75,1.3370391005288257e-05
810.8749999999999,1.3369524602267424e-05
811.0,1.336865881373056e-05
811.1250000000002,1.3367793639443437e-05
811.25,1.3366929079172244e-05
811.3750000000001,1.3366065132683019e-05
811.4999999999999,1.3365201799742327e-05
811.6250000000001,1.336433908011668e-05
811.7499999999999,1.3363476973572915e-05
811.8750000000001,1.3362615479877845e-05
811.9999999999999,1.3361754598798452e-05
812.125,1.336089433010207e-05
812.2499999999999,1.33600346735561e-05
812.375,1.3359175628928237e-05
812.5000000000002,1.3358317195986265e-05
812.625,1.3357459374498428e-05
812.7500000000001,1.335660216423301e-05
812.8749999999999,1.3355745564958643e-05
813.0000000000001,1.3354889576444323e-05
813.1249999999999,1.3354034198458956e-05
813.2500000000001,1.3353179430771723e-05
813.3749999999999,1.335232527315215e-05
813.5,1.335147172536992e-05
813.6249999999999,1.3350618787194969e-05
813.75,1.3349766458397122e-05
813.8750000000002,1.3348914738746599e-05
814.0,1.334806362801376e-05
814.1250000000001,1.3347213125969209e-05
814.2499999999999,1.3346363232383625e-05
814.3750000000001,1.3345513947028035e-05
814.4999999999999,1.3344665269673585e-05
814.6250000000001,1.3343817200091577e-05
814.7499999999999,1.3342969738053911e-05
814.875,1.3342122883332479e-05
814.9999999999999,1.3341276635699226e-05
815.125,1.3340430994926473e-05
815.2500000000001,1.3339585960786625e-05
815.375,1.3338741533051832e-05
815.5000000000001,1.3337897711495224e-05
815.6249999999999,1.3337054495889368e-05
815.7500000000001,1.3336211886007269e-05
815.8749999999999,1.3335369881621944e-05
816.0000000000001,1.3334528482507308e-05
816.1249999999999,1.3333687688436948e-05
816.25,1.333284749918513e-05
816.3749999999999,1.3332007914526619e-05
816.5,1.3331168934235448e-05
816.6250000000001,1.333033055808665e-05
816.75,1.3329492785855218e-05
816.8750000000001,1.3328655617316413e-05
816.9999999999999,1.3327819052245256e-05
817.1250000000001,1.3326983090417216e-05
817.2499999999999,1.3326147731607593e-05
817.3750000000001,1.3325312975592083e-05
817.4999999999999,1.3324478822146476e-05
817.625,1.3323645271047025e-05
817.7499999999998,1.3322812322070106e-05
817.875,1.332197997499226e-05
818.0000000000001,1.33211482295905e-05
818.125,1.3320317085641856e-05
818.2500000000001,1.3319486542923765e-05
818.3749999999999,1.3318656601213606e-05
818.5000000000001,1.3317827260289344e-05
818.6249999999999,1.3316998519928714e-05
818.7500000000001,1.331617037990977e-05
818.8749999999999,1.3315342840010783e-05
819.0,1.3314515900010015e-05
819.1249999999998,1.3313689559686043e-05
819.25,1.331286381881762e-05
819.3750000000001,1.3312038677183576e-05
819.5,1.3311214134563083e-05
819.6250000000001,1.3310390190735472e-05
819.7499999999999,1.3309566845480157e-05
819.8750000000001,1.3308744098576845e-05
819.9999999999999,1.3307921949805394e-05
820.1250000000001,1.3307100398946072e-05
820.2499999999999,1.3306279445779206e-05
820.375,1.3305459090085662e-05
820.4999999999998,1.330463933164603e-05
820.625,1.3303820170241421e-05
820.7500000000001,1.3303001605652803e-05
820.875,1.3302183637661928e-05
821.0000000000001,1.3301366266050218e-05
821.1249999999999,1.3300549490599452e-05
821.2500000000001,1.3299733311091352e-05
821.3749999999999,1.3298917727308146e-05
821.5,1.3298102739032153e-05
821.6249999999999,1.3297288346045837e-05
821.75,1.3296474548131916e-05
821.8749999999998,1.3295661345073253e-05
822.0,1.3294848736652796e-05
822.1250000000001,1.3294036722653801e-05
822.25,1.329322530285978e-05
822.3750000000001,1.3292414477054238e-05
822.4999999999999,1.3291604245021059e-05
822.6250000000001,1.3290794606544324e-05
822.7499999999999,1.3289985561408396e-05
822.875,1.3289177109397654e-05
822.9999999999999,1.328836925029699e-05
823.125,1.328756198389122e-05
823.2500000000002,1.3286755309965363e-05
823.375,1.3285949228304763e-05
823.5000000000001,1.3285143738694765e-05
823.625,1.3284338840920834e-05
823.7500000000001,1.3283534534768758e-05
823.8749999999999,1.3282730820024342e-05
824.0000000000001,1.3281927696473689e-05
824.1249999999999,1.3281125163903109e-05
824.25,1.3280323222099201e-05
824.3749999999999,1.3279521870848417e-05
824.5,1.3278721109937725e-05
824.6250000000002,1.3277920939154287e-05
824.75,1.3277121358285182e-05
824.8750000000001,1.3276322367118066e-05
825.0,1.3275523965440667e-05
825.1250000000001,1.3274726153040879e-05
825.2499999999999,1.3273928929706927e-05
825.3750000000001,1.327313229522729e-05
825.4999999999999,1.3272336249390716e-05
825.625,1.3271540791985932e-05
825.7499999999999,1.3270745922802241e-05
825.875,1.326995164162859e-05
826.0000000000002,1.3269157948254354e-05
826.125,1.3268364842468834e-05
826.2500000000001,1.3267572324061619e-05
826.375,1.3266780392822315e-05
826.5000000000001,1.326598904854082e-05
826.6249999999999,1.3265198291007096e-05
826.7500000000001,1.3264408120011356e-05
826.8749999999999,1.326361853534416e-05
827.0,1.3262829536796177e-05
827.1249999999999,1.3262041124158343e-05
827.25,1.3261253297221726e-05
827.3750000000002,1.326046605577735e-05
827.5,1.3259679399616587e-05
827.6250000000001,1.3258893328531002e-05
827.75,1.325810784231222e-05
827.8750000000001,1.3257322940752177e-05
827.9999999999999,1.3256538623642973e-05
828.1250000000001,1.3255754890777083e-05
828.2499999999999,1.3254971741947146e-05
828.375,1.3254189176946352e-05
828.4999999999999,1.3253407195567842e-05
828.625,1.3252625797605032e-05
828.7500000000002,1.3251844982851603e-05
828.875,1.3251064751101329e-05
829.0000000000001,1.3250285102147948e-05
829.1249999999999,1.324950603578551e-05
829.2500000000001,1.3248727551808126e-05
829.3749999999999,1.3247949650010005e-05
829.5000000000001,1.3247172330185468e-05
829.6249999999999,1.3246395592129341e-05
829.75,1.3245619435636305e-05
829.8749999999999,1.3244843860501247e-05
830.0,1.3244068866519431e-05
830.1250000000002,1.3243294453485998e-05
830.25,1.3242520621196457e-05
830.3750000000001,1.3241747369446369e-05
830.4999999999999,1.324097469803159e-05
830.6250000000001,1.3240202606747811e-05
830.7499999999999,1.3239431095390994e-05
830.8750000000001,1.3238660163757564e-05
830.9999999999999,1.323788981164442e-05
831.125,1.3237120038848806e-05
831.2499999999999,1.3236350845167385e-05
831.375,1.3235582230398369e-05
831.5000000000002,1.3234814194338812e-05
831.625,1.323404673678763e-05
831.7500000000001,1.3233279857542537e-05
831.8749999999999,1.3232513556401557e-05
832.0000000000001,1.3231747833163017e-05
832.1249999999999,1.3230982687625084e-05
832.2500000000001,1.3230218119586397e-05
832.3749999999999,1.3229454128844857e-05
832.5,1.3228690715200306e-05
832.6249999999999,1.322792787845053e-05
832.75,1.3227165618395028e-05
832.8750000000001,1.3226403934833382e-05
833.0,1.322564282756487e-05
833.1250000000001,1.322488229638941e-05
833.2499999999999,1.322412234110716e-05
833.3750000000001,1.3223362961518426e-05
833.4999999999999,1.3222604157423046e-05
833.6250000000001,1.3221845928621769e-05
833.7499999999999,1.3221088274915495e-05
833.875,1.322033119610501e-05
833.9999999999999,1.3219574691991374e-05
834.125,1.3218818762375706e-05
834.2500000000001,1.3218063407059533e-05
834.375,1.3217308625844313e-05
834.5000000000001,1.3216554418531987e-05
834.6249999999999,1.3215800784924576e-05
834.7500000000001,1.321504772482432e-05
834.8749999999999,1.3214295238033691e-05
835.0000000000001,1.3213543324355147e-05
835.1249999999999,1.3212791983591525e-05
835.25,1.3212041215545762e-05
835.3749999999998,1.3211291020021174e-05
835.5,1.3210541396820765e-05
835.6250000000001,1.3209792345747936e-05
835.75,1.3209043866606196e-05
835.8750000000001,1.3208295959199183e-05
835.9999999999999,1.3207548623330772e-05
836.1250000000001,1.3206801858805043e-05
836.2499999999999,1.3206055665426247e-05
836.3750000000001,1.320531004299888e-05
836.4999999999999,1.320456499132773e-05
836.625,1.3203820510217641e-05
836.7499999999998,1.3203076599473726e-05
836.875,1.3202333258901344e-05
837.0000000000001,1.3201590488306009e-05
837.125,1.3200848287493206e-05
837.2500000000001,1.3200106656268856e-05
837.3749999999999,1.319936559443861e-05
837.5000000000001,1.3198625101808698e-05
837.6249999999999,1.3197885178185424e-05
837.7500000000001,1.3197145823375267e-05
837.8749999999999,1.3196407037184769e-05
838.0,1.3195668819420782e-05
838.1249999999998,1.3194931169890306e-05
838.25,1.319419408840046e-05
838.3750000000001,1.3193457574758683e-05
838.5,1.319272162877233e-05
838.6250000000001,1.3191986250249128e-05
838.7499999999999,1.319125143899672e-05
838.8750000000001,1.3190517194823231e-05
838.9999999999999,1.3189783517536869e-05
839.1250000000001,1.3189050406946172e-05
839.2499999999999,1.31883178628596e-05
839.375,1.3187585885085993e-05
839.4999999999998,1.3186854473434517e-05
839.625,1.318612362771448e-05
839.7500000000001,1.3185393347735145e-05
839.875,1.3184663633306151e-05
840.0000000000001,1.31839344842369e-05
840.1249999999999,1.3183205900337518e-05
840.2500000000001,1.318247788141765e-05
840.3749999999999,1.3181750427287804e-05
840.5,1.3181023537758107e-05
840.6249999999999,1.3180297212638961e-05
840.75,1.3179571451741059e-05
840.8750000000002,1.3178846254875117e-05
841.0,1.317812162185233e-05
841.1250000000001,1.3177397552483473e-05
841.25,1.3176674046580396e-05
841.3750000000001,1.3175951103954393e-05
841.4999999999999,1.3175228724417341e-05
841.6250000000001,1.317450690778123e-05
841.7499999999999,1.317378565385825e-05
841.875,1.3173064962460522e-05
841.9999999999999,1.3172344833400424e-05
842.125,1.3171625266490544e-05
842.2500000000002,1.3170906261543423e-05
842.375,1.3170187818371862e-05
842.5000000000001,1.31694699367888e-05
842.625,1.3168752616607402e-05
842.7500000000001,1.316803585764111e-05
842.8749999999999,1.3167319659703537e-05
843.0000000000001,1.3166604022608534e-05
843.1249999999999,1.316588894617029e-05
843.25,1.3165174430202897e-05
843.3749999999999,1.3164460474521213e-05
843.5,1.31637470789396e-05
843.6250000000002,1.3163034243272891e-05
843.75,1.316232196733606e-05
843.8750000000001,1.316161025094452e-05
844.0,1.3160899093913193e-05
844.1250000000001,1.3160188496057468e-05
844.2499999999999,1.315947845719291e-05
844.3750000000001,1.3158768977134963e-05
844.4999999999999,1.3158060055699629e-05
844.625,1.3157351692702858e-05
844.7499999999999,1.3156643887960795e-05
844.875,1.3155936641289706e-05
845.0000000000002,1.3155229952506574e-05
845.125,1.3154523821428018e-05
845.2500000000001,1.3153818247871185e-05
845.375,1.3153113231653064e-05
845.5000000000001,1.3152408772591016e-05
845.6249999999999,1.315170487050246e-05
845.7500000000001,1.3151001525204826e-05
845.8749999999999,1.3150298736515803e-05
846.0,1.3149596504253014e-05
846.1249999999999,1.3148894828234456e-05
846.25,1.3148193708278349e-05
846.3750000000002,1.3147493144202761e-05
846.5,1.3146793135826236e-05
846.6250000000001,1.3146093682967282e-05
846.7499999999999,1.3145394785444785e-05
846.8750000000001,1.3144696443077738e-05
846.9999999999999,1.3143998655685548e-05
847.1250000000001,1.314330142308776e-05
847.2499999999999,1.3142604745104083e-05
847.375,1.3141908621554754e-05
847.4999999999999,1.3141213052260506e-05
847.625,1.3140518037041684e-05
847.7500000000002,1.3139823575718794e-05
847.875,1.313912966811299e-05
848.0000000000001,1.3138436314044507e-05
848.1249999999999,1.3137743513334286e-05
848.2500000000001,1.3137051265803189e-05
848.3749999999999,1.3136359571272326e-05
848.5000000000001,1.3135668429561996e-05
848.6249999999999,1.3134977840493647e-05
848.75,1.3134287803888857e-05
848.8749999999999,1.313359831956884e-05
849.0,1.3132909387355902e-05
849.1250000000002,1.3132221007071995e-05
849.25,1.3131533178539261e-05
849.3750000000001,1.3130845901580119e-05
849.4999999999999,1.3130159176017403e-05
849.6250000000001,1.3129473001673891e-05
849.7499999999999,1.3128787378372679e-05
849.8750000000001,1.3128102305936812e-05
849.9999999999999,1.312741778418985e-05
850.125,1.3126733812955088e-05
850.2499999999999,1.3126050392056245e-05
850.375,1.3125367521316994e-05
850.5000000000002,1.3124685200561268e-05
850.625,1.3124003429613107e-05
850.7500000000001,1.3123322208296747e-05
850.8749999999999,1.3122641536436586e-05
851.0000000000001,1.3121961413857214e-05
851.1249999999999,1.3121281840383605e-05
851.2500000000001,1.3120602815840957e-05
851.3749999999999,1.3119924340054592e-05
851.5,1.3119246412849978e-05
851.6249999999999,1.3118569034052802e-05
851.75,1.3117892203488632e-05
851.8750000000001,1.3117215920983523e-05
852.0,1.3116540186363423e-05
852.1250000000001,1.311586499945444e-05
852.2499999999999,1.3115190360082609e-05
852.3750000000001,1.3114516268074378e-05
852.4999999999999,1.3113842723256168e-05
852.6250000000001,1.311316972545478e-05
852.7499999999999,1.3112497274497099e-05
852.875,1.3111825370210145e-05
852.9999999999998,1.3111154012421038e-05
853.125,1.3110483200957314e-05
853.2500000000001,1.3109812935646602e-05
853.375,1.3109143216316567e-05
853.5000000000001,1.3108474042795209e-05
853.6249999999999,1.3107805414910621e-05
853.7500000000001,1.310713733249106e-05
853.8749999999999,1.3106469795365163e-05
854.0000000000001,1.3105802803361482e-05
854.1249999999999,1.3105136356308624e-05
854.25,1.3104470454035538e-05
854.3749999999998,1.3103805096371192e-05
854.5,1.3103140283144777e-05
854.6250000000001,1.3102476014185465e-05
854.75,1.3101812289323014e-05
854.8750000000001,1.3101149108386703e-05
854.9999999999999,1.3100486471206605e-05
855.1250000000001,1.3099824377612782e-05
855.2499999999999,1.3099162827435454e-05
855.3750000000001,1.3098501820505098e-05
855.4999999999999,1.3097841356652193e-05
855.625,1.3097181435707287e-05
855.7499999999998,1.3096522057501298e-05
855.875,1.3095863221865242e-05
856.0000000000001,1.3095204928630056e-05
856.125,1.309454717762724e-05
856.2500000000001,1.3093889968688329e-05
856.3749999999999,1.3093233301645077e-05
856.5000000000001,1.3092577176329369e-05
856.6249999999999,1.3091921592573674e-05
856.7500000000001,1.3091266550209826e-05
856.8749999999999,1.309061204907053e-05
857.0,1.3089958088988284e-05
857.1249999999998,1.308930466979567e-05
857.25,1.3088651791325516e-05
857.3750000000001,1.308799945341069e-05
857.5,1.3087347655884153e-05
857.6250000000001,1.3086696398579199e-05
857.7499999999999,1.3086045681329135e-05
857.8750000000001,1.3085395503967497e-05
857.9999999999999,1.3084745866327936e-05
858.125,1.3084096768244138e-05
858.2499999999999,1.3083448209549995e-05
858.375,1.3082800190079546e-05
858.5000000000002,1.3082152709667275e-05
858.625,1.3081505768147455e-05
858.7500000000001,1.3080859365354914e-05
858.875,1.3080213501124312e-05
859.0000000000001,1.3079568175290858e-05
859.1249999999999,1.3078923387689962e-05
859.2500000000001,1.3078279138157165e-05
859.3749999999999,1.3077635426528015e-05
859.5,1.3076992252638303e-05
859.6249999999999,1.3076349616323898e-05
859.75,1.3075707517420804e-05
859.8750000000002,1.3075065955765207e-05
860.0,1.3074424931193343e-05
860.1250000000001,1.3073784443541396e-05
860.25,1.3073144492645849e-05
860.3750000000001,1.3072505078343533e-05
860.4999999999999,1.3071866200471275e-05
860.6250000000001,1.3071227858866238e-05
860.7499999999999,1.3070590053365714e-05
860.875,1.3069952783807075e-05
860.9999999999999,1.306931605002792e-05
861.125,1.3068679851866144e-05
861.2500000000002,1.306804418915955e-05
861.375,1.3067409061746052e-05
861.5000000000001,1.3066774469463765e-05
861.625,1.3066140412150861e-05
861.7500000000001,1.306550688964563e-05
861.8749999999999,1.3064873901786787e-05
862.0000000000001,1.3064241448413054e-05
862.1249999999999,1.3063609529363235e-05
862.25,1.3062978144476479e-05
862.3749999999999,1.3062347293592128e-05
862.5,1.306171697654961e-05
862.6250000000002,1.3061087193188415e-05
862.75,1.306045794334836e-05
862.8750000000001,1.3059829226869322e-05
863.0,1.3059201043590809e-05
863.1250000000001,1.3058573393353368e-05
863.2499999999999,1.305794627599735e-05
863.3750000000001,1.305731969136344e-05
863.4999999999999,1.3056693639292595e-05
863.625,1.3056068119625902e-05
863.7499999999999,1.3055443132204868e-05
863.875,1.305481867687068e-05
864.0000000000002,1.3054194753464978e-05
864.125,1.3053571361829433e-05
864.2500000000001,1.3052948501805475e-05
864.3749999999999,1.3052326173234772e-05
864.5000000000001,1.3051704375958645e-05
864.6249999999999,1.3051083109819207e-05
864.7500000000001,1.3050462374658049e-05
864.8749999999999,1.3049842170317334e-05
865.0,1.3049222496639926e-05
865.1249999999999,1.3048603353468183e-05
865.25,1.3047984740645019e-05
865.3750000000002,1.3047366658013308e-05
865.5,1.3046749105416612e-05
865.6250000000001,1.3046132082698164e-05
865.7499999999999,1.3045515589701538e-05
865.8750000000001,1.304489962627032e-05
865.9999999999999,1.3044284192248276e-05
866.1250000000001,1.3043669287479168e-05
866.2499999999999,1.3043054911807223e-05
866.375,1.3042441065076689e-05
866.4999999999999,1.304182774713205e-05
866.625,1.3041214957817818e-05
866.7500000000002,1.304060269697879e-05
866.875,1.3039990964459955e-05
867.0000000000001,1.3039379760106106e-05
867.1249999999999,1.3038769083762517e-05
867.2500000000001,1.3038158935274263e-05
867.3749999999999,1.303754931448687e-05
867.5000000000001,1.3036940221245771e-05
867.6249999999999,1.3036331655396578e-05
867.75,1.3035723616785142e-05
867.8749999999999,1.3035116105257298e-05
868.0,1.3034509120659404e-05
868.1250000000002,1.3033902662837645e-05
868.25,1.303329673163865e-05
868.3750000000001,1.3032691326909073e-05
868.4999999999999,1.3032086448495735e-05
868.6250000000001,1.3031482096245814e-05
868.7499999999999,1.3030878270006394e-05
868.8750000000001,1.3030274969625044e-05
868.9999999999999,1.3029672194949209e-05
869.125,1.3029069945826595e-05
869.2499999999999,1.3028468222104912e-05
869.375,1.3027867023632062e-05
869.5000000000001,1.3027266350255959e-05
869.625,1.3026666201824641e-05
869.7500000000001,1.3026066578186481e-05
869.8749999999999,1.3025467479189876e-05
870.0000000000001,1.3024868904683418e-05
870.1249999999999,1.3024270854515775e-05
870.2500000000001,1.3023673328535931e-05
870.3749999999999,1.302307632659291e-05
870.5,1.3022479848536028e-05
870.6249999999999,1.3021883894214729e-05
870.75,1.3021288463478545e-05
870.8750000000001,1.302069355617709e-05
871.0,1.3020099172160187e-05
871.1250000000001,1.301950531127783e-05
871.2499999999999,1.3018911973380271e-05
871.3750000000001,1.3018319158317904e-05
871.4999999999999,1.3017726865941154e-05
871.6250000000001,1.30171350961006e-05
871.7499999999999,1.3016543848647103e-05
871.875,1.3015953123431564e-05
871.9999999999998,1.301536292030483e-05
872.125,1.3014773239118164e-05
872.2500000000001,1.3014184079722788e-05
872.375,1.301359544197008e-05
872.5000000000001,1.3013007325711363e-05
872.6249999999999,1.301241973079856e-05
872.7500000000001,1.301183265708353e-05
872.8749999999999,1.301124610441827e-05
873.0000000000001,1.3010660072655231e-05
873.1249999999999,1.301007456164684e-05
873.25,1.3009489571245582e-05
873.3749999999998,1.3008905101304199e-05
873.5,1.3008321151675794e-05
873.6250000000001,1.3007737722213105e-05
873.75,1.3007154812769081e-05
873.8750000000001,1.3006572423197078e-05
873.9999999999999,1.3005990553350305e-05
874.1250000000001,1.3005409203082235e-05
874.2499999999999,1.3004828372246506e-05
874.3750000000001,1.3004248060697071e-05
874.4999999999999,1.30036682682879e-05
874.625,1.3003088994873363e-05
874.7499999999998,1.3002510240307867e-05
874.875,1.3001932004445968e-05
875.0000000000001,1.3001354287142414e-05
875.125,1.3000777088251929e-05
875.2500000000001,1.3000200407629428e-05
875.3749999999999,1.2999624245129823e-05
875.5000000000001,1.2999048600608335e-05
875.6249999999999,1.2998473473920064e-05
875.75,1.2997898864920465e-05
875.8749999999999,1.2997324773464984e-05
876.0,1.2996751199409365e-05
876.1249999999998,1.2996178142609607e-05
876.25,1.299560560292168e-05
876.3750000000001,1.2995033580201935e-05
876.5,1.2994462074306541e-05
876.6250000000001,1.2993891085092222e-05
876.7499999999999,1.299332061241555e-05
876.8750000000001,1.2992750656133451e-05
876.9999999999999,1.2992181216102666e-05
877.125,1.2991612292180353e-05
877.2499999999999,1.2991043884223612e-05
877.375,1.2990475992089776e-05
877.5000000000002,1.2989908615636429e-05
877.625,1.2989341754721093e-05
877.7500000000001,1.29887754092016e-05
877.875,1.2988209578935834e-05
878.0000000000001,1.2987644263781989e-05
878.1249999999999,1.2987079463598344e-05
878.2500000000001,1.2986515178243443e-05
878.3749999999999,1.298595140757582e-05
878.5,1.298538815145437e-05
878.6249999999999,1.2984825409738129e-05
878.75,1.298426318228629e-05
878.8750000000002,1.2983701468957955e-05
879.0,1.2983140269612543e-05
879.1250000000001,1.2982579584109535e-05
879.25,1.29820194123077e-05
879.3750000000001,1.2981459754066982e-05
879.4999999999999,1.2980900609246208e-05
879.6250000000001,1.2980341977705291e-05
879.7499999999999,1.297978385930351e-05
879.875,1.2979226253901211e-05
879.9999999999999,1.297866916135869e-05
880.125,1.2978112581536294e-05
880.2500000000002,1.297755651429559e-05
880.375,1.2977000959497138e-05
880.5000000000001,1.2976445917002829e-05
880.625,1.297589138667369e-05
880.7500000000001,1.2975337368371465e-05
880.8749999999999,1.2974783861957791e-05
881.0000000000001,1.297423086729406e-05
881.1249999999999,1.2973678384242015e-05
881.25,1.2973126412663483e-05
881.3749999999999,1.2972574952420357e-05
881.5,1.2972024003374623e-05
881.6250000000002,1.297147356538851e-05
881.75,1.2970923638324647e-05
881.8750000000001,1.2970374222045151e-05
882.0,1.2969825316412894e-05
882.1250000000001,1.2969276921290687e-05
882.2499999999999,1.2968729036541389e-05
882.3750000000001,1.2968181662028258e-05
882.4999999999999,1.2967634797614588e-05
882.625,1.2967088443163776e-05
882.7499999999999,1.2966542598539305e-05
882.875,1.2965997263605042e-05
883.0000000000002,1.2965452438224842e-05
883.125,1.2964908122262657e-05
883.2500000000001,1.2964364315582657e-05
883.3749999999999,1.2963821018049005e-05
883.5000000000001,1.2963278229525966e-05
883.6249999999999,1.2962735949878107e-05
883.7500000000001,1.2962194178970148e-05
883.8749999999999,1.2961652916666676e-05
884.0,1.296111216283287e-05
884.1249999999999,1.2960571917333734e-05
884.25,1.2960032180034533e-05
884.3750000000002,1.295949295080079e-05
884.5,1.2958954229498271e-05
884.6250000000001,1.2958416015992502e-05
884.7499999999999,1.2957878310149179e-05
884.8750000000001,1.2957341111834452e-05
884.9999999999999,1.2956804420914328e-05
885.1250000000001,1.2956268237254997e-05
885.2499999999999,1.2955732560722897e-05
885.375,1.295519739118445e-05
885.4999999999999,1.2954662728506144e-05
885.625,1.2954128572554665e-05
885.7500000000002,1.295359492319684e-05
885.875,1.2953061780299775e-05
886.0000000000001,1.2952529143730543e-05
886.1249999999999,1.2951997013356833e-05
886.2500000000001,1.2951465389046048e-05
886.3749999999999,1.2950934270665873e-05
886.5000000000001,1.295040365808414e-05
886.6249999999999,1.2949873551168788e-05
886.75,1.2949343949787728e-05
886.8749999999999,1.294881485380892e-05
887.0,1.2948286263100633e-05
887.1250000000001,1.2947758177531541e-05
887.25,1.294723059697004e-05
887.3750000000001,1.2946703521285134e-05
887.4999999999999,1.2946176950346212e-05
887.6250000000001,1.294565088402249e-05
887.7499999999999,1.2945125322183617e-05
887.8750000000001,1.2944600264699019e-05
887.9999999999999,1.2944075711438041e-05
888.125,1.2943551662269852e-05
888.2499999999999,1.294302811706418e-05
888.375,1.2942505075690517e-05
888.5000000000001,1.2941982538018533e-05
888.625,1.2941460503918505e-05
888.7500000000001,1.29409389732605e-05
888.8749999999999,1.294041794591516e-05
889.0000000000001,1.2939897421753129e-05
889.1249999999999,1.2939377400645106e-05
889.2500000000001,1.2938857882461857e-05
889.3749999999999,1.2938338867074275e-05
889.5,1.2937820354353133e-05
889.6249999999998,1.2937302344169508e-05
889.75,1.2936784836394766e-05
889.8750000000001,1.2936267830900363e-05
890.0,1.2935751327558113e-05
890.1250000000001,1.2935235326239881e-05
890.2499999999999,1.2934719826817949e-05
890.3750000000001,1.2934204829164599e-05
890.4999999999999,1.2933690333152362e-05
890.6250000000001,1.2933176338653702e-05
890.7499999999999,1.293266284554122e-05
890.875,1.2932149853687663e-05
890.9999999999998,1.2931637362965591e-05
891.125,1.2931125373248067e-05
891.2500000000001,1.293061388440774e-05
891.375,1.293010289631777e-05
891.5000000000001,1.2929592408851135e-05
891.6249999999999,1.2929082421881131e-05
891.7500000000001,1.2928572935281117e-05
891.8749999999999,1.2928063948924554e-05
892.0000000000001,1.2927555462685205e-05
892.1249999999999,1.2927047476436933e-05
892.25,1.2926539990054014e-05
892.3749999999998,1.2926033003410697e-05
892.5,1.2925526516381618e-05
892.6250000000001,1.2925020528841482e-05
892.75,1.2924515040665056e-05
892.8750000000001,1.2924010051727336e-05
892.9999999999999,1.2923505561903354e-05
893.1250000000001,1.292300157106824e-05
893.2499999999999,1.2922498079097222e-05
893.3750000000001,1.2921995085865663e-05
893.4999999999999,1.2921492591248877e-05
893.625,1.2920990595122558e-05
893.7499999999998,1.2920489097362613e-05
893.875,1.291998809784477e-05
894.0000000000001,1.2919487596445121e-05
894.125,1.2918987593039687e-05
894.2500000000001,1.291848808750469e-05
894.3749999999999,1.2917989079716475e-05
894.5000000000001,1.29174905695516e-05
894.6249999999999,1.2916992556886643e-05
894.75,1.291649504159823e-05
894.8749999999999,1.291599802356337e-05
895.0,1.2915501502659646e-05
895.1250000000002,1.291500547876398e-05
895.25,1.2914509951753922e-05
895.3750000000001,1.2914014921506986e-05
895.5,1.2913520387901055e-05
895.6250000000001,1.2913026350813546e-05
895.7499999999999,1.291253281012226e-05
895.8750000000001,1.2912039765705647e-05
895.9999999999999,1.2911547217441144e-05
896.125,1.2911055165207364e-05
896.2499999999999,1.2910563608882646e-05
896.375,1.2910072548345576e-05
896.5000000000002,1.2909581983474726e-05
896.625,1.2909091914149582e-05
896.7500000000001,1.2908602340249002e-05
896.875,1.2908113261652069e-05
897.0000000000001,1.2907624678238036e-05
897.1249999999999,1.2907136589886422e-05
897.2500000000001,1.2906648996476728e-05
897.3749999999999,1.290616189788884e-05
897.5,1.2905675294002562e-05
897.6249999999999,1.290518918469769e-05
897.75,1.2904703569854377e-05
897.8750000000002,1.290421844935264e-05
898.0,1.290373382307309e-05
898.1250000000001,1.290324969089594e-05
898.25,1.2902766052701907e-05
898.3750000000001,1.2902282908371373e-05
898.4999999999999,1.290180025778507e-05
898.6250000000001,1.2901318100823906e-05
898.7499999999999,1.2900836437369091e-05
898.875,1.2900355267301754e-05
898.9999999999999,1.2899874590503048e-05
899.125,1.2899394406854691e-05
899.2500000000002,1.2898914716238313e-05
899.375,1.2898435518535683e-05
899.5000000000001,1.2897956813628889e-05
899.625,1.2897478601399696e-05
899.7500000000001,1.289700088173037e-05
899.8749999999999,1.2896523654503308e-05
900.0000000000001,1.289604691960112e-05
900.1249999999999,1.2895570676906233e-05
900.25,1.2895094926301467e-05
900.3749999999999,1.2894619667669669e-05
900.5,1.2894144900893688e-05
900.6250000000002,1.2893670625856705e-05
900.75,1.289319684244181e-05
900.8750000000001,1.2892723550532388e-05
900.9999999999999,1.2892250750011822e-05
901.1250000000001,1.2891778440763842e-05
901.2499999999999,1.2891306622672335e-05
901.3750000000001,1.2890835295621293e-05
901.4999999999999,1.2890364459495075e-05
901.625,1.2889894114177866e-05
901.7499999999999,1.2889424259554097e-05
901.875,1.2888954895508045e-05
902.0000000000002,1.288848602192417e-05
902.125,1.288801763868691e-05
902.2500000000001,1.288754974568067e-05
902.3749999999999,1.2887082342790193e-05
902.5000000000001,1.2886615429900218e-05
902.6249999999999,1.288614900689582e-05
902.7500000000001,1.2885683073662235e-05
902.8749999999999,1.2885217630085115e-05
903.0,1.2884752676050053e-05
903.1249999999999,1.2884288211442948e-05
903.25,1.2883824236150132e-05
903.3750000000002,1.2883360750057726e-05
903.5,1.288289775305212e-05
903.6250000000001,1.2882435245019387e-05
903.7499999999999,1.288197322584614e-05
903.8750000000001,1.288151169541858e-05
903.9999999999999,1.2881050653623527e-05
904.1250000000001,1.2880590100347345e-05
904.2499999999999,1.2880130035476792e-05
904.375,1.287967045889875e-05
904.4999999999999,1.2879211370500187e-05
904.625,1.2878752770168563e-05
904.7500000000002,1.2878294657791183e-05
904.875,1.2877837033255784e-05
905.0000000000001,1.2877379896449912e-05
905.1249999999999,1.2876923247261784e-05
905.2500000000001,1.287646708557924e-05
905.3749999999999,1.2876011411290468e-05
905.5000000000001,1.2875556224283586e-05
905.6249999999999,1.2875101524447147e-05
905.75,1.2874647311669472e-05
905.8749999999999,1.2874193585839078e-05
906.0,1.2873740346844616e-05
906.1250000000001,1.2873287594574866e-05
906.25,1.2872835328918584e-05
906.3750000000001,1.2872383549764763e-05
906.4999999999999,1.2871932257002507e-05
906.6250000000001,1.2871481450521012e-05
906.7499999999999,1.2871031130209707e-05
906.8750000000001,1.2870581295957997e-05
906.9999999999999,1.2870131947655874e-05
907.125,1.286968308519307e-05
907.2499999999999,1.286923470845966e-05
907.375,1.2868786817345938e-05
907.5000000000001,1.286833941174228e-05
907.625,1.2867892491539151e-05
907.7500000000001,1.2867446056626948e-05
907.8749999999999,1.2867000106896634e-05
908.0000000000001,1.2866554642238606e-05
908.1249999999999,1.286610966254373e-05
908.2500000000001,1.2865665167702937e-05
908.3749999999999,1.28652211576073e-05
908.5,1.2864777632147842e-05
908.6249999999998,1.2864334591215959e-05
908.75,1.2863892034703355e-05
908.8750000000001,1.2863449962501624e-05
909.0,1.2863008374502762e-05
909.1250000000001,1.2862567270598962e-05
909.2499999999999,1.286212665068226e-05
909.3750000000001,1.2861686514644895e-05
909.4999999999999,1.286124686237934e-05
909.6250000000001,1.286080769377776e-05
909.7499999999999,1.2860369008732532e-05
909.875,1.2859930807136227e-05
909.9999999999998,1.2859493088881566e-05
910.125,1.285905585386134e-05
910.2500000000001,1.2858619101968557e-05
910.375,1.2858182833096417e-05
910.5000000000001,1.2857747047138179e-05
910.6249999999999,1.2857311743987301e-05
910.7500000000001,1.2856876923537222e-05
910.8749999999999,1.2856442585681561e-05
911.0000000000001,1.285600873031389e-05
911.1249999999999,1.2855575357327917e-05
911.25,1.2855142466617777e-05
911.3749999999998,1.2854710058077583e-05
911.5,1.285427813160191e-05
911.6250000000001,1.2853846687085198e-05
911.75,1.285341572442227e-05
911.8750000000001,1.2852985243508206e-05
911.9999999999999,1.2852555244237994e-05
912.1250000000001,1.2852125726506757e-05
912.2499999999999,1.2851696690209442e-05
912.375,1.2851268135241408e-05
912.4999999999999,1.285084006149754e-05
912.625,1.2850412468873366e-05
912.7500000000002,1.2849985357264502e-05
912.875,1.284955872656617e-05
913.0000000000001,1.2849132576674228e-05
913.125,1.2848706907484546e-05
913.2500000000001,1.2848281718893391e-05
913.3749999999999,1.2847857010796614e-05
913.5000000000001,1.2847432783090568e-05
913.6249999999999,1.2847009035671744e-05
913.75,1.2846585768436584e-05
913.8749999999999,1.2846162981281764e-05
914.0,1.2845740674104086e-05
914.1250000000002,1.284531884680035e-05
914.25,1.284489749926752e-05
914.3750000000001,1.2844476631402846e-05
914.5,1.2844056243103688e-05
914.6250000000001,1.2843636334267389e-05
914.7499999999999,1.2843216904791485e-05
914.8750000000001,1.2842797954573743e-05
914.9999999999999,1.2842379483511973e-05
915.125,1.2841961491504274e-05
915.2499999999999,1.2841543978448876e-05
915.375,1.2841126944244192e-05
915.5000000000002,1.2840710388788646e-05
915.625,1.2840294311980801e-05
915.7500000000001,1.2839878713719465e-05
915.875,1.2839463593903292e-05
916.0000000000001,1.283904895243107e-05
916.1249999999999,1.2838634789201794e-05
916.2500000000001,1.2838221104114292e-05
916.3749999999999,1.283780789706757e-05
916.5,1.2837395167960838e-05
916.6249999999999,1.2836982916693523e-05
916.75,1.2836571143164974e-05
916.8750000000002,1.2836159847274908e-05
917.0,1.2835749028923157e-05
917.1250000000001,1.2835338688009484e-05
917.25,1.283492882443394e-05
917.3750000000001,1.2834519438096734e-05
917.4999999999999,1.2834110528897983e-05
917.6250000000001,1.2833702096738104e-05
917.7499999999999,1.2833294141517315e-05
917.875,1.2832886663136533e-05
917.9999999999999,1.2832479661496256e-05
918.125,1.2832073136497704e-05
918.2500000000002,1.2831667088041807e-05
918.375,1.283126151602998e-05
918.5000000000001,1.2830856420363662e-05
918.625,1.2830451800944473e-05
918.7500000000001,1.2830047657674122e-05
918.8749999999999,1.2829643990454174e-05
919.0000000000001,1.2829240799186621e-05
919.1249999999999,1.2828838083773199e-05
919.25,1.2828435844115987e-05
919.3749999999999,1.2828034080116834e-05
919.5,1.2827632791678045e-05
919.6250000000002,1.2827231978701684e-05
919.75,1.2826831641090273e-05
919.8750000000001,1.282643177874615e-05
919.9999999999999,1.2826032391572144e-05
920.1250000000001,1.2825633479471057e-05
920.2499999999999,1.2825235042345897e-05
920.3750000000001,1.2824837080099873e-05
920.4999999999999,1.2824439592636151e-05
920.625,1.2824042579858228e-05
920.7499999999999,1.282364604166956e-05
920.875,1.2823249977973884e-05
921.0000000000002,1.2822854388674706e-05
921.125,1.2822459273676065e-05
921.2500000000001,1.282206463288169e-05
921.3749999999999,1.282167046619577e-05
921.5000000000001,1.2821276773522622e-05
921.6249999999999,1.2820883554766671e-05
921.7500000000001,1.2820490809832485e-05
921.8749999999999,1.2820098538624733e-05
922.0,1.2819706741048216e-05
922.1249999999999,1.2819315417007814e-05
922.25,1.2818924566408632e-05
922.3750000000002,1.2818534189155467e-05
922.5,1.2818144285153503e-05
922.6250000000001,1.2817754854307885e-05
922.7499999999999,1.281736589652394e-05
922.8750000000001,1.2816977411707154e-05
922.9999999999999,1.2816589399763268e-05
923.1250000000001,1.2816201860598031e-05
923.2499999999999,1.2815814794117332e-05
923.375,1.281542820022733e-05
923.4999999999999,1.281504207883423e-05
923.625,1.2814656429844209e-05
923.7500000000001,1.2814271253163632e-05
923.875,1.2813886548698793e-05
924.0000000000001,1.2813502316356175e-05
924.1249999999999,1.2813118556042353e-05
924.2500000000001,1.2812735267664374e-05
924.3749999999999,1.2812352451129305e-05
924.5000000000001,1.2811970106344266e-05
924.6249999999999,1.28115882332168e-05
924.75,1.2811206831654453e-05
924.8749999999999,1.2810825901565033e-05
925.0,1.2810445442856018e-05
925.1250000000001,1.2810065455435345e-05
925.25,1.2809685939210679e-05
925.3750000000001,1.2809306894089918e-05
925.4999999999999,1.2808928319980963e-05
925.6250000000001,1.2808550216792075e-05
925.7499999999999,1.2808172584431482e-05
925.8750000000001,1.280779542280771e-05
925.9999999999999,1.2807418731829276e-05
926.125,1.2807042511404906e-05
926.2499999999998,1.2806666761443172e-05
926.375,1.2806291481852761e-05
926.5000000000001,1.280591667254245e-05
926.625,1.28055423334211e-05
926.7500000000001,1.2805168464397855e-05
926.8749999999999,1.2804795065382274e-05
927.0000000000001,1.280442213628357e-05
927.1249999999999,1.2804049677011367e-05
927.2500000000001,1.280367768747581e-05
927.3749999999999,1.2803306167587347e-05
927.5,1.280293511725578e-05
927.6249999999998,1.2802564536391713e-05
927.75,1.2802194424905546e-05
927.8750000000001,1.2801824782707052e-05
928.0,1.280145560970747e-05
928.1250000000001,1.2801086905817664e-05
928.2499999999999,1.2800718670948338e-05
928.3750000000001,1.2800350905009988e-05
928.4999999999999,1.2799983607914097e-05
928.6250000000001,1.2799616779571094e-05
928.7499999999999,1.279925041989162e-05
928.875,1.2798884528786763e-05
928.9999999999998,1.2798519106167464e-05
929.125,1.2798154151944864e-05
929.2500000000001,1.2797789666031027e-05
929.375,1.2797425648338307e-05
929.5000000000001,1.2797062098779133e-05
929.6249999999999,1.2796699017266026e-05
929.7500000000001,1.2796336403711507e-05
929.8749999999999,1.2795974258027698e-05
930.0,1.279561258012659e-05
930.1249999999999,1.279525136992049e-05
930.25,1.2794890627321638e-05
930.3749999999998,1.279453035224227e-05
930.5,1.2794170544594939e-05
930.6250000000001,1.2793811204292398e-05
930.75,1.2793452331247519e-05
930.8750000000001,1.2793093925373419e-05
930.9999999999999,1.279273598658366e-05
931.1250000000001,1.2792378514791246e-05
931.2499999999999,1.279202150990961e-05
931.375,1.279166497185234e-05
931.4999999999999,1.2791308900533385e-05
931.625,1.2790953295866982e-05
931.7500000000002,1.2790598157767888e-05
931.875,1.2790243486151095e-05
932.0000000000001,1.278988928093148e-05
932.125,1.2789535542023922e-05
932.2500000000001,1.2789182269342686e-05
932.3749999999999,1.2788829462801999e-05
932.5000000000001,1.2788477122315905e-05
932.6249999999999,1.2788125247798735e-05
932.75,1.278777383916507e-05
932.8749999999999,1.2787422896329613e-05
933.0,1.2787072419207546e-05
933.1250000000002,1.2786722407714104e-05
933.25,1.2786372861765129e-05
933.3750000000001,1.2786023781276327e-05
933.5,1.2785675166163716e-05
933.6250000000001,1.2785327016342984e-05
933.7499999999999,1.2784979331730176e-05
933.8750000000001,1.2784632112241334e-05
933.9999999999999,1.278428535779241e-05
934.125,1.2783939068299885e-05
934.2499999999999,1.2783593243679929e-05
934.375,1.2783247883848996e-05
934.5000000000002,1.2782902988723399e-05
934.625,1.2782558558219988e-05
934.7500000000001,1.278221459225527e-05
934.875,1.2781871090746132e-05
935.0000000000001,1.2781528053609675e-05
935.1249999999999,1.2781185480762887e-05
935.2500000000001,1.2780843372122855e-05
935.3749999999999,1.2780501727607304e-05
935.5,1.2780160547133325e-05
935.6249999999999,1.2779819830619047e-05
935.75,1.277947957798193e-05
935.8750000000002,1.2779139789139835e-05
936.0,1.277880046401076e-05
936.1250000000001,1.2778461602512782e-05
936.25,1.2778123204564517e-05
936.3750000000001,1.2777785270084282e-05
936.4999999999999,1.2777447798991218e-05
936.6250000000001,1.2777110791203477e-05
936.7499999999999,1.2776774246640397e-05
936.875,1.2776438165220836e-05
936.9999999999999,1.277610254686366e-05
937.125,1.2775767391487829e-05
937.2500000000002,1.2775432699012272e-05
937.375,1.2775098469356069e-05
937.5000000000001,1.277476470243838e-05
937.6249999999999,1.2774431398178466e-05
937.7500000000001,1.2774098556495733e-05
937.8749999999999,1.2773766177309917e-05
938.0000000000001,1.2773434260540806e-05
938.1249999999999,1.2773102806108471e-05
938.25,1.2772771813932848e-05
938.3749999999999,1.2772441283934133e-05
938.5,1.2772111216032688e-05
938.6250000000002,1.2771781610149003e-05
938.75,1.2771452466203597e-05
938.8750000000001,1.277112378411705e-05
938.9999999999999,1.2770795563810274e-05
939.1250000000001,1.2770467805204276e-05
939.2499999999999,1.2770140508220212e-05
939.3750000000001,1.2769813672779281e-05
939.4999999999999,1.2769487298802881e-05
939.625,1.2769161386212283e-05
939.7499999999999,1.276883593492889e-05
939.875,1.2768510944874333e-05
940.0000000000002,1.2768186415969943e-05
940.125,1.2767862348137271e-05
940.2500000000001,1.2767538741298078e-05
940.3749999999999,1.2767215595374239e-05
940.5000000000001,1.2766892910287714e-05
940.6249999999999,1.2766570685960954e-05
940.7500000000001,1.2766248922316393e-05
940.8749999999999,1.2765927619276524e-05
941.0,1.2765606776764237e-05
941.1249999999999,1.2765286394702349e-05
941.25,1.276496647301363e-05
941.3750000000001,1.2764647011621106e-05
941.5,1.2764328010447817e-05
941.6250000000001,1.276400946941679e-05
941.7499999999999,1.2763691388451232e-05
941.8750000000001,1.2763373767474527e-05
941.9999999999999,1.2763056606410099e-05
942.1250000000001,1.2762739905181592e-05
942.2499999999999,1.276242366371275e-05
942.375,1.2762107881927342e-05
942.4999999999999,1.2761792559749377e-05
942.625,1.2761477697103025e-05
942.7500000000001,1.276116329391244e-05
942.875,1.2760849350101893e-05
943.0000000000001,1.2760535865595869e-05
943.1249999999999,1.2760222840318799e-05
943.2500000000001,1.275991027419536e-05
943.3749999999999,1.275959816714978e-05
943.5000000000001,1.2759286519107118e-05
943.6249999999999,1.2758975329991865e-05
943.75,1.2758664599728985e-05
943.8749999999998,1.2758354328243489e-05
944.0,1.2758044515460657e-05
944.1250000000001,1.2757735161306012e-05
944.25,1.2757426265705186e-05
944.3750000000001,1.2757117828584436e-05
944.4999999999999,1.275680984986955e-05
944.6250000000001,1.2756502329486851e-05
944.7499999999999,1.2756195267362632e-05
944.8750000000001,1.2755888663423313e-05
944.9999999999999,1.275558251759508e-05
945.125,1.2755276829804303e-05
945.2499999999998,1.2754971599977309e-05
945.375,1.275466682804071e-05
945.5000000000001,1.2754362513920895e-05
945.625,1.275405865754463e-05
945.7500000000001,1.2753755258838552e-05
945.8749999999999,1.2753452317729724e-05
946.0000000000001,1.2753149834145125e-05
946.1249999999999,1.2752847808011787e-05
946.2500000000001,1.275254623925704e-05
946.3749999999999,1.2752245127808086e-05
946.5,1.2751944473592388e-05
946.6249999999998,1.2751644276537592e-05
946.75,1.2751344536571374e-05
946.8750000000001,1.27510452536216e-05
947.0,1.275074642761643e-05
947.1250000000001,1.2750448058484185e-05
947.2499999999999,1.2750150146153208e-05
947.3750000000001,1.2749852690552111e-05
947.4999999999999,1.2749555691609612e-05
947.6250000000001,1.2749259149254205e-05
947.7499999999999,1.2748963063414804e-05
947.875,1.2748667434020223e-05
947.9999999999998,1.2748372260999242e-05
948.125,1.2748077544280844e-05
948.2500000000001,1.2747783283794132e-05
948.375,1.2747489479468276e-05
948.5000000000001,1.2747196131232549e-05
948.6249999999999,1.2746903239016538e-05
948.7500000000001,1.2746610802749716e-05
948.8749999999999,1.2746318822361684e-05
949.0,1.2746027297782349e-05
949.1249999999999,1.2745736228941646e-05
949.25,1.2745445615769539e-05
949.3750000000002,1.27451554581963e-05
949.5,1.2744865756151997e-05
949.6250000000001,1.274457650956721e-05
949.75,1.2744287718372416e-05
949.8750000000001,1.2743999382498308e-05
949.9999999999999,1.2743711501875607e-05
950.1250000000001,1.2743424076435111e-05
950.2499999999999,1.2743137106107812e-05
950.375,1.2742850590824682e-05
950.4999999999999,1.2742564530517049e-05
950.625,1.2742278925116107e-05
950.7500000000002,1.2741993774553182e-05
950.875,1.2741709078759773e-05
951.0000000000001,1.2741424837667237e-05
951.125,1.2741141051207295e-05
951.2500000000001,1.2740857719311578e-05
951.3749999999999,1.274057484191196e-05
951.5000000000001,1.2740292418940223e-05
951.6249999999999,1.2740010450328411e-05
951.75,1.2739728936008845e-05
951.8749999999999,1.27394478759141e-05
952.0,1.2739167269976386e-05
952.1250000000002,1.2738887118128714e-05
952.25,1.273860742030395e-05
952.3750000000001,1.2738328176435e-05
952.5,1.2738049386455069e-05
952.6250000000001,1.273777105029723e-05
952.7499999999999,1.2737493167894772e-05
952.8750000000001,1.27372157391807e-05
952.9999999999999,1.273693876408883e-05
953.125,1.2736662242552217e-05
953.2499999999999,1.273638617450444e-05
953.375,1.2736110559879107e-05
953.5000000000002,1.2735835398609875e-05
953.625,1.2735560690630471e-05
953.7500000000001,1.2735286435874657e-05
953.875,1.273501263427658e-05
954.0000000000001,1.2734739285770472e-05
954.1249999999999,1.2734466390290698e-05
954.2500000000001,1.2734193947771702e-05
954.3749999999999,1.2733921958148221e-05
954.5,1.2733650421355128e-05
954.6249999999999,1.273337933732743e-05
954.75,1.2733108706000175e-05
954.8750000000002,1.2732838527308439e-05
955.0,1.2732568801187435e-05
955.1250000000001,1.2732299527572381e-05
955.2499999999999,1.2732030706398671e-05
955.3750000000001,1.2731762337601502e-05
955.4999999999999,1.2731494421116433e-05
955.6250000000001,1.2731226956878825e-05
955.7499999999999,1.2730959944824634e-05
955.875,1.273069338488966e-05
955.9999999999999,1.2730427277009694e-05
956.125,1.2730161621120826e-05
956.2500000000002,1.2729896417159362e-05
956.375,1.27296316650616e-05
956.5000000000001,1.2729367364763919e-05
956.6249999999999,1.2729103516203128e-05
956.7500000000001,1.272884011931574e-05
956.8749999999999,1.27285771740385e-05
957.0000000000001,1.2728314680308472e-05
957.1249999999999,1.2728052638062565e-05
957.25,1.2727791047238022e-05
957.3749999999999,1.272752990777225e-05
957.5,1.2727269219602468e-05
957.6250000000002,1.2727008982666184e-05
957.75,1.2726749196900978e-05
957.8750000000001,1.2726489862244564e-05
957.9999999999999,1.272623097863455e-05
958.1250000000001,1.2725972546009128e-05
958.2499999999999,1.2725714564305824e-05
958.3750000000001,1.2725457033462544e-05
958.4999999999999,1.2725199953417314e-05
958.625,1.272494332410837e-05
958.7499999999999,1.2724687145473677e-05
958.875,1.272443141745157e-05
959.0000000000002,1.2724176139981051e-05
959.125,1.272392131300004e-05
959.2500000000001,1.272366693644827e-05
959.3749999999999,1.2723413010265319e-05
959.5000000000001,1.2723159534389898e-05
959.6249999999999,1.2722906508762328e-05
959.7500000000001,1.2722653933322e-05
959.8749999999999,1.272240180800905e-05
960.0,1.272215013276235e-05
960.1249999999999,1.2721898907522337e-05
960.25,1.2721648132228084e-05
960.3750000000001,1.272139780681892e-05
960.5,1.272114793123518e-05
960.6250000000001,1.272089850541579e-05
960.7499999999999,1.2720649529300864e-05
960.8750000000001,1.2720401002830136e-05
960.9999999999999,1.2720152925944144e-05
961.1250000000001,1.271990529858317e-05
961.2499999999999,1.271965812068753e-05
961.375,1.2719411392197929e-05
961.4999999999999,1.2719165113055244e-05
961.625,1.27189192832004e-05
961.7500000000001,1.2718673902574578e-05
961.875,1.2718428971118891e-05
962.0000000000001,1.271818448877473e-05
962.1249999999999,1.2717940455483389e-05
962.2500000000001,1.2717696871186613e-05
962.3749999999999,1.2717453735825895e-05
962.5000000000001,1.2717211049343065e-05
962.6249999999999,1.2716968811679965e-05
962.75,1.2716727022778539e-05
962.8749999999998,1.2716485682580799e-05
963.0,1.2716244791028859e-05
963.1250000000001,1.2716004348064999e-05
963.25,1.2715764353631554e-05
963.3750000000001,1.2715524807670951e-05
963.4999999999999,1.2715285710125632e-05
963.6250000000001,1.2715047060938118e-05
963.7499999999999,1.2714808860051399e-05
963.8750000000001,1.2714571107408036e-05
963.9999999999999,1.2714333802951055e-05
964.125,1.2714096946623435e-05
964.2499999999998,1.2713860538368e-05
964.375,1.2713624578128052e-05
964.5000000000001,1.271338906584696e-05
964.625,1.2713154001468018e-05
964.7500000000001,1.271291938493463e-05
964.8749999999999,1.2712685216190686e-05
965.0000000000001,1.2712451495179852e-05
965.1249999999999,1.2712218221846368e-05
965.2500000000001,1.2711985396134513e-05
965.3749999999999,1.2711753017988583e-05
965.5,1.2711521087352906e-05
965.6249999999998,1.2711289604171972e-05
965.75,1.2711058568390322e-05
965.8750000000001,1.2710827979952523e-05
966.0,1.2710597838803135e-05
966.1250000000001,1.2710368144886817e-05
966.2499999999999,1.2710138898148344e-05
966.3750000000001,1.270991009853245e-05
966.4999999999999,1.2709681745984252e-05
966.625,1.2709453840449044e-05
966.7499999999999,1.2709226381872122e-05
966.875,1.2708999370198986e-05
967.0000000000002,1.2708772805375363e-05
967.125,1.2708546687346765e-05
967.2500000000001,1.2708321016058964e-05
967.375,1.2708095791458015e-05
967.5000000000001,1.2707871013489445e-05
967.6249999999999,1.270764668209967e-05
967.7500000000001,1.2707422797234567e-05
967.8749999999999,1.2707199358840214e-05
968.0,1.270697636686294e-05
968.1249999999999,1.2706753821249232e-05
968.25,1.2706531721945606e-05
968.3750000000002,1.2706310068898734e-05
968.5,1.2706088862055292e-05
968.6250000000001,1.2705868101362087e-05
968.75,1.2705647786766085e-05
968.8750000000001,1.2705427918214717e-05
968.9999999999999,1.2705208495655134e-05
969.1250000000001,1.2704989519034827e-05
969.2499999999999,1.2704770988301385e-05
969.375,1.270455290340253e-05
969.4999999999999,1.2704335264286313e-05
969.625,1.2704118070900468e-05
969.7500000000002,1.2703901323193014e-05
969.875,1.2703685021111912e-05
970.0000000000001,1.2703469164605213e-05
970.125,1.2703253753621146e-05
970.2500000000001,1.2703038788107864e-05
970.3749999999999,1.2702824268013648e-05
970.5000000000001,1.2702610193286896e-05
970.6249999999999,1.2702396563876026e-05
970.75,1.2702183379729756e-05
970.8749999999999,1.2701970640796541e-05
971.0,1.2701758347025518e-05
971.1250000000002,1.27015464983653e-05
971.25,1.2701335094765166e-05
971.3750000000001,1.270112413617429e-05
971.5,1.2700913622542041e-05
971.6250000000001,1.2700703553818212e-05
971.7499999999999,1.2700493929952305e-05
971.8750000000001,1.2700284750894292e-05
971.9999999999999,1.2700076016593846e-05
972.125,1.2699867727001006e-05
972.2499999999999,1.2699659882065762e-05
972.375,1.2699452481738116e-05
972.5000000000002,1.2699245525968409e-05
972.625,1.2699039014706713e-05
972.7500000000001,1.2698832947903645e-05
972.875,1.2698627325509625e-05
973.0000000000001,1.2698422147475313e-05
973.1249999999999,1.2698217413751423e-05
973.2500000000001,1.2698013124288871e-05
973.3749999999999,1.2697809279038327e-05
973.5,1.2697605877950821e-05
973.6249999999999,1.2697402920977228e-05
973.75,1.26972004080687e-05
973.8750000000002,1.2696998339176648e-05
974.0,1.2696796714252614e-05
974.1250000000001,1.2696595533248246e-05
974.2499999999999,1.2696394796115247e-05
974.3750000000001,1.2696194502805782e-05
974.4999999999999,1.2695994653271862e-05
974.6250000000001,1.2695795247465566e-05
974.7499999999999,1.269559628533872e-05
974.875,1.2695397766843558e-05
974.9999999999999,1.2695199691932069e-05
975.125,1.2695002060556781e-05
975.2500000000002,1.2694804872670387e-05
975.375,1.269460812822535e-05
975.5000000000001,1.2694411827174412e-05
975.6249999999999,1.2694215969470918e-05
975.7500000000001,1.2694020555067723e-05
975.8749999999999,1.2693825583917977e-05
976.0000000000001,1.269363105597464e-05
976.1249999999999,1.2693436971190342e-05
976.25,1.2693243329518107e-05
976.3749999999999,1.269305013091141e-05
976.5,1.2692857375324172e-05
976.6250000000002,1.2692665062709741e-05
976.75,1.2692473193022722e-05
976.8750000000001,1.2692281766216573e-05
976.9999999999999,1.2692090782245155e-05
977.1250000000001,1.2691900241062549e-05
977.2499999999999,1.2691710142622735e-05
977.3750000000001,1.2691520486880129e-05
977.4999999999999,1.269133127378907e-05
977.625,1.2691142503304458e-05
977.7499999999999,1.269095417538092e-05
977.875,1.2690766289973502e-05
978.0000000000001,1.2690578847037276e-05
978.125,1.269039184652736e-05
978.2500000000001,1.2690205288398736e-05
978.3749999999999,1.2690019172606288e-05
978.5000000000001,1.2689833499104783e-05
978.6249999999999,1.268964826784928e-05
978.7500000000001,1.2689463478794933e-05
978.8749999999999,1.26892791318974e-05
979.0,1.2689095227112743e-05
979.1249999999999,1.268891176439695e-05
979.25,1.268872874370613e-05
979.3750000000001,1.2688546164996195e-05
979.5,1.2688364028223255e-05
979.6250000000001,1.2688182333342897e-05
979.7499999999999,1.2688001080311372e-05
979.8750000000001,1.2687820269085007e-05
979.9999999999999,1.268763989962014e-05
980.1250000000001,1.2687459971873641e-05
980.2499999999999,1.2687280485802359e-05
980.375,1.2687101441363221e-05
980.4999999999998,1.2686922838513226e-05
980.625,1.2686744677209445e-05
980.7500000000001,1.2686566957408705e-05
980.875,1.268638967906785e-05
981.0000000000001,1.268621284214437e-05
981.1249999999999,1.2686036446595372e-05
981.2500000000001,1.2685860492378435e-05
981.3749999999999,1.2685684979451443e-05
981.5000000000001,1.2685509907772242e-05
981.6249999999999,1.268533527729889e-05
981.75,1.2685161087989439e-05
981.8749999999998,1.2684987339802087e-05
982.0,1.2684814032694851e-05
982.1250000000001,1.2684641166625893e-05
982.25,1.2684468741553421e-05
982.3750000000001,1.268429675743579e-05
982.4999999999999,1.2684125214231586e-05
982.6250000000001,1.2683954111899508e-05
982.7499999999999,1.2683783450398356e-05
982.8750000000001,1.2683613229687087e-05
982.9999999999999,1.268344344972464e-05
983.125,1.2683274110470203e-05
983.2499999999998,1.2683105211882906e-05
983.375,1.2682936753921646e-05
983.5000000000001,1.268276873654562e-05
983.625,1.268260115971447e-05
983.7500000000001,1.2682434023387817e-05
983.8749999999999,1.2682267327525339e-05
984.0000000000001,1.268210107208698e-05
984.1249999999999,1.2681935257032699e-05
984.2500000000001,1.2681769882322723e-05
984.3749999999999,1.2681604947917433e-05
984.5,1.2681440453777147e-05
984.6249999999998,1.2681276399862073e-05
984.75,1.268111278613274e-05
984.8750000000001,1.268094961254976e-05
985.0,1.2680786879073723e-05
985.1250000000001,1.2680624585665579e-05
985.2499999999999,1.2680462732285873e-05
985.3750000000001,1.2680301318895633e-05
985.4999999999999,1.2680140345455639e-05
985.625,1.2679979811927058e-05
985.7499999999999,1.2679819718270562e-05
985.875,1.2679660064447439e-05
986.0000000000002,1.2679500850418925e-05
986.125,1.2679342076146482e-05
986.2500000000001,1.2679183741591818e-05
986.375,1.267902584671679e-05
986.5000000000001,1.2678868391483597e-05
986.6249999999999,1.2678711375854326e-05
986.7500000000001,1.2678554799791469e-05
986.8749999999999,1.2678398663257154e-05
987.0,1.2678242966213812e-05
987.1249999999999,1.2678087708623845e-05
987.25,1.2677932890449603e-05
987.3750000000002,1.2677778511653725e-05
987.5,1.267762457219866e-05
987.6250000000001,1.267747107204718e-05
987.75,1.267731801116228e-05
987.8750000000001,1.2677165389506915e-05
987.9999999999999,1.2677013207044312e-05
988.1250000000001,1.2676861463737534e-05
988.2499999999999,1.2676710159550193e-05
988.375,1.2676559294445325e-05
988.4999999999999,1.2676408868386705e-05
988.625,1.2676258881337686e-05
988.7500000000002,1.2676109333262038e-05
988.875,1.26759602241236e-05
989.0000000000001,1.2675811553886154e-05
989.125,1.2675663322513836e-05
989.2500000000001,1.2675515529970756e-05
989.3749999999999,1.2675368176221333e-05
989.5000000000001,1.2675221261229761e-05
989.6249999999999,1.2675074784960629e-05
989.75,1.2674928747378482e-05
989.8749999999999,1.2674783148447943e-05
990.0,1.2674637988133852e-05
990.1250000000002,1.2674493266401114e-05
990.25,1.2674348983214596e-05
990.3750000000001,1.2674205138539305e-05
990.5,1.2674061732340437e-05
990.6250000000001,1.267391876458311e-05
990.7499999999999,1.2673776235232518e-05
990.8750000000001,1.2673634144254217e-05
990.9999999999999,1.2673492491613413e-05
991.125,1.2673351277276212e-05
991.2499999999999,1.2673210501208334e-05
991.375,1.2673070163376005e-05
991.5000000000002,1.2672930263745388e-05
991.625,1.2672790802282939e-05
991.7500000000001,1.2672651778954774e-05
991.8749999999999,1.2672513193727443e-05
992.0000000000001,1.2672375046567443e-05
992.1249999999999,1.2672237337440569e-05
992.2500000000001,1.2672100066313656e-05
992.3749999999999,1.2671963233152734e-05
992.5,1.2671826837924391e-05
992.6249999999999,1.2671690880595325e-05
992.75,1.267155536113272e-05
992.8750000000002,1.2671420279503348e-05
993.0,1.2671285635674567e-05
993.1250000000001,1.2671151429613838e-05
993.2499999999999,1.2671017661288282e-05
993.3750000000001,1.2670884330665927e-05
993.4999999999999,1.2670751437714133e-05
993.6250000000001,1.267061898240051e-05
993.7499999999999,1.2670486964692773e-05
993.875,1.2670355384559077e-05
993.9999999999999,1.267022424196728e-05
994.125,1.1086388741142673e-05
994.2500000000002,9.502569769870798e-06
994.375,7.918767273452955e-06
994.5000000000001,6.334981197194453e-06
994.6249999999999,4.751211486404752e-06
994.7500000000001,3.167458086397008e-06
994.8749999999999,1.5837209424883585e-06
