frequency_hz,vga_av_port_real,vga_av_port_imag,vga_av_port_magnitude_db,vga_av_port_phase_deg,vga_av_port_group_delay_s
0.0,0.21654147324079923,0.0,-13.289178256450265,0.0,-0.0
27343750.0,0.21654147324079923,0.0,-13.289178256450265,0.0,-0.0
54687500.0,0.21654147324079923,0.0,-13.289178256450265,0.0,-0.0
82031250.0,0.21654147324079923,0.0,-13.289178256450265,0.0,-0.0
109375000.0,0.21654147324079923,0.0,-13.289178256450265,0.0,-0.0
136718750.0,0.21654147324079923,0.0,-13.289178256450265,0.0,-0.0
164062500.0,0.21654147324079923,0.0,-13.289178256450265,0.0,-0.0
191406250.0,0.21654147324079923,0.0,-13.289178256450265,0.0,-0.0
218750000.0,0.21654147324079923,0.0,-13.289178256450265,0.0,-0.0
246093750.0,0.21654147324079923,0.0,-13.289178256450265,0.0,-0.0
273437500.0,0.21654147324079923,0.0,-13.289178256450265,0.0,-0.0
300781250.0,0.21654147324079923,0.0,-13.289178256450265,0.0,-0.0
328125000.0,0.21654147324079923,0.0,-13.289178256450265,0.0,-0.0
355468750.0,0.21654147324079923,0.0,-13.289178256450265,0.0,-0.0
382812500.0,0.21654147324079923,0.0,-13.289178256450265,0.0,-0.0
410156250.0,0.21654147324079923,0.0,-13.289178256450265,0.0,-0.0
437500000.0,0.21654147324079923,0.0,-13.289178256450265,0.0,-0.0
464843750.0,0.21654147324079923,0.0,-13.289178256450265,0.0,-0.0
492187500.0,0.21654147324079923,0.0,-13.289178256450265,0.0,-0.0
519531250.0,0.21654147324079923,0.0,-13.289178256450265,0.0,-0.0
546875000.0,0.21654147324079923,0.0,-13.289178256450265,0.0,-0.0
574218750.0,0.21654147324079923,0.0,-13.289178256450265,0.0,-0.0
601562500.0,0.21654147324079923,0.0,-13.289178256450265,0.0,-0.0
628906250.0,0.21654147324079923,0.0,-13.289178256450265,0.0,-0.0
656250000.0,0.21654147324079923,0.0,-13.289178256450265,0.0,-0.0
683593750.0,0.21654147324079923,0.0,-13.289178256450265,0.0,-0.0
710937500.0,0.21654147324079923,0.0,-13.289178256450265,0.0,-0.0
738281250.0,0.21654147324079923,0.0,-13.289178256450265,0.0,-0.0
765625000.0,0.21654147324079923,0.0,-13.289178256450265,0.0,-0.0
792968750.0,0.21654147324079923,0.0,-13.289178256450265,0.0,-0.0
820312500.0,0.21654147324079923,0.0,-13.289178256450265,0.0,-0.0
847656250.0,0.21654147324079923,0.0,-13.289178256450265,0.0,-0.0
875000000.0,0.21654147324079923,0.0,-13.289178256450265,0.0,-0.0
902343750.0,0.21654147324079923,0.0,-13.289178256450265,0.0,-0.0
929687500.0,0.21654147324079923,0.0,-13.289178256450265,0.0,-0.0
957031250.0,0.21654147324079923,0.0,-13.289178256450265,0.0,-0.0
984375000.0,0.21654147324079923,0.0,-13.289178256450265,0.0,-0.0
1011718750.0,0.21654147324079923,0.0,-13.289178256450265,0.0,-0.0
1039062500.0,0.21654147324079923,0.0,-13.289178256450265,0.0,-0.0
1066406250.0,0.21654147324079923,0.0,-13.289178256450265,0.0,-0.0
1093750000.0,0.21654147324079923,0.0,-13.289178256450265,0.0,-0.0
1121093750.0,0.21654147324079923,0.0,-13.289178256450265,0.0,-0.0
1148437500.0,0.21654147324079923,0.0,-13.289178256450265,0.0,-0.0
1175781250.0,0.21654147324079923,0.0,-13.289178256450265,0.0,-0.0
1203125000.0,0.21654147324079923,0.0,-13.289178256450265,0.0,-0.0
1230468750.0,0.21654147324079923,0.0,-13.289178256450265,0.0,-0.0
1257812500.0,0.21654147324079923,0.0,-13.289178256450265,0.0,-0.0
1285156250.0,0.21654147324079923,0.0,-13.289178256450265,0.0,-0.0
1312500000.0,0.21654147324079923,0.0,-13.289178256450265,0.0,-0.0
1339843750.0,0.21654147324079923,0.0,-13.289178256450265,0.0,-0.0
1367187500.0,0.21654147324079923,0.0,-13.289178256450265,0.0,-0.0
1394531250.0,0.21654147324079923,0.0,-13.289178256450265,0.0,-0.0
1421875000.0,0.21654147324079923,0.0,-13.289178256450265,0.0,-0.0
1449218750.0,0.21654147324079923,0.0,-13.289178256450265,0.0,-0.0
1476562500.0,0.21654147324079923,0.0,-13.289178256450265,0.0,-0.0
1503906250.0,0.21654147324079923,0.0,-13.289178256450265,0.0,-0.0
1531250000.0,0.21654147324079923,0.0,-13.289178256450265,0.0,-0.0
1558593750.0,0.21654147324079923,0.0,-13.289178256450265,0.0,-0.0
1585937500.0,0.21654147324079923,0.0,-13.289178256450265,0.0,-0.0
1613281250.0,0.21654147324079923,0.0,-13.289178256450265,0.0,-0.0
1640625000.0,0.21654147324079923,0.0,-13.289178256450265,0.0,-0.0
1667968750.0,0.21654147324079923,0.0,-13.289178256450265,0.0,-0.0
1695312500.0,0.21654147324079923,0.0,-13.289178256450265,0.0,-0.0
1722656250.0,0.21654147324079923,0.0,-13.289178256450265,0.0,-0.0
1750000000.0,0.21654147324079923,0.0,-13.289178256450265,0.0,-0.0
1777343750.0,0.21654147324079923,0.0,-13.289178256450265,0.0,-0.0
1804687500.0,0.21654147324079923,0.0,-13.289178256450265,0.0,-0.0
1832031250.0,0.21654147324079923,0.0,-13.289178256450265,0.0,-0.0
1859375000.0,0.21654147324079923,0.0,-13.289178256450265,0.0,-0.0
1886718750.0,0.21654147324079923,0.0,-13.289178256450265,0.0,-0.0
1914062500.0,0.21654147324079923,0.0,-13.289178256450265,0.0,-0.0
1941406250.0,0.21654147324079923,0.0,-13.289178256450265,0.0,-0.0
1968750000.0,0.21654147324079923,0.0,-13.289178256450265,0.0,-0.0
1996093750.0,0.21654147324079923,0.0,-13.289178256450265,0.0,-0.0
2023437500.0,0.21654147324079923,0.0,-13.289178256450265,0.0,-0.0
2050781250.0,0.21654147324079923,0.0,-13.289178256450265,0.0,-0.0
2078125000.0,0.21654147324079923,0.0,-13.289178256450265,0.0,-0.0
2105468750.0,0.21654147324079923,0.0,-13.289178256450265,0.0,-0.0
2132812500.0,0.21654147324079923,0.0,-13.289178256450265,0.0,-0.0
2160156250.0,0.21654147324079923,0.0,-13.289178256450265,0.0,-0.0
2187500000.0,0.21654147324079923,0.0,-13.289178256450265,0.0,-0.0
2214843750.0,0.21654147324079923,0.0,-13.289178256450265,0.0,-0.0
2242187500.0,0.21654147324079923,0.0,-13.289178256450265,0.0,-0.0
2269531250.0,0.21654147324079923,0.0,-13.289178256450265,0.0,-0.0
2296875000.0,0.21654147324079923,0.0,-13.289178256450265,0.0,-0.0
2324218750.0,0.21654147324079923,0.0,-13.289178256450265,0.0,-0.0
2351562500.0,0.21654147324079923,0.0,-13.289178256450265,0.0,-0.0
2378906250.0,0.21654147324079923,0.0,-13.289178256450265,0.0,-0.0
2406250000.0,0.21654147324079923,0.0,-13.289178256450265,0.0,-0.0
2433593750.0,0.21654147324079923,0.0,-13.289178256450265,0.0,-0.0
2460937500.0,0.21654147324079923,0.0,-13.289178256450265,0.0,-0.0
2488281250.0,0.21654147324079923,0.0,-13.289178256450265,0.0,-0.0
2515625000.0,0.21654147324079923,0.0,-13.289178256450265,0.0,-0.0
2542968750.0,0.21654147324079923,0.0,-13.289178256450265,0.0,-0.0
2570312500.0,0.21654147324079923,0.0,-13.289178256450265,0.0,-0.0
2597656250.0,0.21654147324079923,0.0,-13.289178256450265,0.0,-0.0
2625000000.0,0.21654147324079923,0.0,-13.289178256450265,0.0,-0.0
2652343750.0,0.21654147324079923,0.0,-13.289178256450265,0.0,-0.0
2679687500.0,0.21654147324079923,0.0,-13.289178256450265,0.0,-0.0
2707031250.0,0.21654147324079923,0.0,-13.289178256450265,0.0,-0.0
2734375000.0,0.21654147324079923,0.0,-13.289178256450265,0.0,-0.0
2761718750.0,0.21654147324079923,0.0,-13.289178256450265,0.0,-0.0
2789062500.0,0.21654147324079923,0.0,-13.289178256450265,0.0,-0.0
2816406250.0,0.21654147324079923,0.0,-13.289178256450265,0.0,-0.0
2843750000.0,0.21654147324079923,0.0,-13.289178256450265,0.0,-0.0
2871093750.0,0.21654147324079923,0.0,-13.289178256450265,0.0,-0.0
2898437500.0,0.21654147324079923,0.0,-13.289178256450265,0.0,-0.0
2925781250.0,0.21654147324079923,0.0,-13.289178256450265,0.0,-0.0
2953125000.0,0.21654147324079923,0.0,-13.289178256450265,0.0,-0.0
2980468750.0,0.21654147324079923,0.0,-13.289178256450265,0.0,-0.0
3007812500.0,0.21654147324079923,0.0,-13.289178256450265,0.0,-0.0
3035156250.0,0.21654147324079923,0.0,-13.289178256450265,0.0,-0.0
3062500000.0,0.21654147324079923,0.0,-13.289178256450265,0.0,-0.0
3089843750.0,0.21654147324079923,0.0,-13.289178256450265,0.0,-0.0
3117187500.0,0.21654147324079923,0.0,-13.289178256450265,0.0,-0.0
3144531250.0,0.21654147324079923,0.0,-13.289178256450265,0.0,-0.0
3171875000.0,0.21654147324079923,0.0,-13.289178256450265,0.0,-0.0
3199218750.0,0.21654147324079923,0.0,-13.289178256450265,0.0,-0.0
3226562500.0,0.21654147324079923,0.0,-13.289178256450265,0.0,-0.0
3253906250.0,0.21654147324079923,0.0,-13.289178256450265,0.0,-0.0
3281250000.0,0.21654147324079923,0.0,-13.289178256450265,0.0,-0.0
3308593750.0,0.21654147324079923,0.0,-13.289178256450265,0.0,-0.0
3335937500.0,0.21654147324079923,0.0,-13.289178256450265,0.0,-0.0
3363281250.0,0.21654147324079923,0.0,-13.289178256450265,0.0,-0.0
3390625000.0,0.21654147324079923,0.0,-13.289178256450265,0.0,-0.0
3417968750.0,0.21654147324079923,0.0,-13.289178256450265,0.0,-0.0
3445312500.0,0.21654147324079923,0.0,-13.289178256450265,0.0,-0.0
3472656250.0,0.21654147324079923,0.0,-13.289178256450265,0.0,-0.0
3500000000.0,0.21654147324079923,0.0,-13.289178256450265,0.0,-0.0
3527343750.0,0.21654147324079923,0.0,-13.289178256450265,0.0,-0.0
3554687500.0,0.21654147324079923,0.0,-13.289178256450265,0.0,-0.0
3582031250.0,0.21654147324079923,0.0,-13.289178256450265,0.0,-0.0
3609375000.0,0.21654147324079923,0.0,-13.289178256450265,0.0,-0.0
3636718750.0,0.21654147324079923,0.0,-13.289178256450265,0.0,-0.0
3664062500.0,0.21654147324079923,0.0,-13.289178256450265,0.0,-0.0
3691406250.0,0.21654147324079923,0.0,-13.289178256450265,0.0,-0.0
3718750000.0,0.21654147324079923,0.0,-13.289178256450265,0.0,-0.0
3746093750.0,0.21654147324079923,0.0,-13.289178256450265,0.0,-0.0
3773437500.0,0.21654147324079923,0.0,-13.289178256450265,0.0,-0.0
3800781250.0,0.21654147324079923,0.0,-13.289178256450265,0.0,-0.0
3828125000.0,0.21654147324079923,0.0,-13.289178256450265,0.0,-0.0
3855468750.0,0.21654147324079923,0.0,-13.289178256450265,0.0,-0.0
3882812500.0,0.21654147324079923,0.0,-13.289178256450265,0.0,-0.0
3910156250.0,0.21654147324079923,0.0,-13.289178256450265,0.0,-0.0
3937500000.0,0.21654147324079923,0.0,-13.289178256450265,0.0,-0.0
3964843750.0,0.21654147324079923,0.0,-13.289178256450265,0.0,-0.0
3992187500.0,0.21654147324079923,0.0,-13.289178256450265,0.0,-0.0
4019531250.0,0.21654147324079923,0.0,-13.289178256450265,0.0,-0.0
4046875000.0,0.21654147324079923,0.0,-13.289178256450265,0.0,-0.0
4074218750.0,0.21654147324079923,0.0,-13.289178256450265,0.0,-0.0
4101562500.0,0.21654147324079923,0.0,-13.289178256450265,0.0,-0.0
4128906250.0,0.21654147324079923,0.0,-13.289178256450265,0.0,-0.0
4156250000.0,0.21654147324079923,0.0,-13.289178256450265,0.0,-0.0
4183593750.0,0.21654147324079923,0.0,-13.289178256450265,0.0,-0.0
4210937500.0,0.21654147324079923,0.0,-13.289178256450265,0.0,-0.0
4238281250.0,0.21654147324079923,0.0,-13.289178256450265,0.0,-0.0
4265625000.0,0.21654147324079923,0.0,-13.289178256450265,0.0,-0.0
4292968750.0,0.21654147324079923,0.0,-13.289178256450265,0.0,-0.0
4320312500.0,0.21654147324079923,0.0,-13.289178256450265,0.0,-0.0
4347656250.0,0.21654147324079923,0.0,-13.289178256450265,0.0,-0.0
4375000000.0,0.21654147324079923,0.0,-13.289178256450265,0.0,-0.0
4402343750.0,0.21654147324079923,0.0,-13.289178256450265,0.0,-0.0
4429687500.0,0.21654147324079923,0.0,-13.289178256450265,0.0,-0.0
4457031250.0,0.21654147324079923,0.0,-13.289178256450265,0.0,-0.0
4484375000.0,0.21654147324079923,0.0,-13.289178256450265,0.0,-0.0
4511718750.0,0.21654147324079923,0.0,-13.289178256450265,0.0,-0.0
4539062500.0,0.21654147324079923,0.0,-13.289178256450265,0.0,-0.0
4566406250.0,0.21654147324079923,0.0,-13.289178256450265,0.0,-0.0
4593750000.0,0.21654147324079923,0.0,-13.289178256450265,0.0,-0.0
4621093750.0,0.21654147324079923,0.0,-13.289178256450265,0.0,-0.0
4648437500.0,0.21654147324079923,0.0,-13.289178256450265,0.0,-0.0
4675781250.0,0.21654147324079923,0.0,-13.289178256450265,0.0,-0.0
4703125000.0,0.21654147324079923,0.0,-13.289178256450265,0.0,-0.0
4730468750.0,0.21654147324079923,0.0,-13.289178256450265,0.0,-0.0
4757812500.0,0.21654147324079923,0.0,-13.289178256450265,0.0,-0.0
4785156250.0,0.21654147324079923,0.0,-13.289178256450265,0.0,-0.0
4812500000.0,0.21654147324079923,0.0,-13.289178256450265,0.0,-0.0
4839843750.0,0.21654147324079923,0.0,-13.289178256450265,0.0,-0.0
4867187500.0,0.21654147324079923,0.0,-13.289178256450265,0.0,-0.0
4894531250.0,0.21654147324079923,0.0,-13.289178256450265,0.0,-0.0
4921875000.0,0.21654147324079923,0.0,-13.289178256450265,0.0,-0.0
4949218750.0,0.21654147324079923,0.0,-13.289178256450265,0.0,-0.0
4976562500.0,0.21654147324079923,0.0,-13.289178256450265,0.0,-0.0
5003906250.0,0.21654147324079923,0.0,-13.289178256450265,0.0,-0.0
5031250000.0,0.21654147324079923,0.0,-13.289178256450265,0.0,-0.0
5058593750.0,0.21654147324079923,0.0,-13.289178256450265,0.0,-0.0
5085937500.0,0.21654147324079923,0.0,-13.289178256450265,0.0,-0.0
5113281250.0,0.21654147324079923,0.0,-13.289178256450265,0.0,-0.0
5140625000.0,0.21654147324079923,0.0,-13.289178256450265,0.0,-0.0
5167968750.0,0.21654147324079923,0.0,-13.289178256450265,0.0,-0.0
5195312500.0,0.21654147324079923,0.0,-13.289178256450265,0.0,-0.0
5222656250.0,0.21654147324079923,0.0,-13.289178256450265,0.0,-0.0
5250000000.0,0.21654147324079923,0.0,-13.289178256450265,0.0,-0.0
5277343750.0,0.21654147324079923,0.0,-13.289178256450265,0.0,-0.0
5304687500.0,0.21654147324079923,0.0,-13.289178256450265,0.0,-0.0
5332031250.0,0.21654147324079923,0.0,-13.289178256450265,0.0,-0.0
5359375000.0,0.21654147324079923,0.0,-13.289178256450265,0.0,-0.0
5386718750.0,0.21654147324079923,0.0,-13.289178256450265,0.0,-0.0
5414062500.0,0.21654147324079923,0.0,-13.289178256450265,0.0,-0.0
5441406250.0,0.21654147324079923,0.0,-13.289178256450265,0.0,-0.0
5468750000.0,0.21654147324079923,0.0,-13.289178256450265,0.0,-0.0
5496093750.0,0.21654147324079923,0.0,-13.289178256450265,0.0,-0.0
5523437500.0,0.21654147324079923,0.0,-13.289178256450265,0.0,-0.0
5550781250.0,0.21654147324079923,0.0,-13.289178256450265,0.0,-0.0
5578125000.0,0.21654147324079923,0.0,-13.289178256450265,0.0,-0.0
5605468750.0,0.21654147324079923,0.0,-13.289178256450265,0.0,-0.0
5632812500.0,0.21654147324079923,0.0,-13.289178256450265,0.0,-0.0
5660156250.0,0.21654147324079923,0.0,-13.289178256450265,0.0,-0.0
5687500000.0,0.21654147324079923,0.0,-13.289178256450265,0.0,-0.0
5714843750.0,0.21654147324079923,0.0,-13.289178256450265,0.0,-0.0
5742187500.0,0.21654147324079923,0.0,-13.289178256450265,0.0,-0.0
5769531250.0,0.21654147324079923,0.0,-13.289178256450265,0.0,-0.0
5796875000.0,0.21654147324079923,0.0,-13.289178256450265,0.0,-0.0
5824218750.0,0.21654147324079923,0.0,-13.289178256450265,0.0,-0.0
5851562500.0,0.21654147324079923,0.0,-13.289178256450265,0.0,-0.0
5878906250.0,0.21654147324079923,0.0,-13.289178256450265,0.0,-0.0
5906250000.0,0.21654147324079923,0.0,-13.289178256450265,0.0,-0.0
5933593750.0,0.21654147324079923,0.0,-13.289178256450265,0.0,-0.0
5960937500.0,0.21654147324079923,0.0,-13.289178256450265,0.0,-0.0
5988281250.0,0.21654147324079923,0.0,-13.289178256450265,0.0,-0.0
6015625000.0,0.21654147324079923,0.0,-13.289178256450265,0.0,-0.0
6042968750.0,0.21654147324079923,0.0,-13.289178256450265,0.0,-0.0
6070312500.0,0.21654147324079923,0.0,-13.289178256450265,0.0,-0.0
6097656250.0,0.21654147324079923,0.0,-13.289178256450265,0.0,-0.0
6125000000.0,0.21654147324079923,0.0,-13.289178256450265,0.0,-0.0
6152343750.0,0.21654147324079923,0.0,-13.289178256450265,0.0,-0.0
6179687500.0,0.21654147324079923,0.0,-13.289178256450265,0.0,-0.0
6207031250.0,0.21654147324079923,0.0,-13.289178256450265,0.0,-0.0
6234375000.0,0.21654147324079923,0.0,-13.289178256450265,0.0,-0.0
6261718750.0,0.21654147324079923,0.0,-13.289178256450265,0.0,-0.0
6289062500.0,0.21654147324079923,0.0,-13.289178256450265,0.0,-0.0
6316406250.0,0.21654147324079923,0.0,-13.289178256450265,0.0,-0.0
6343750000.0,0.21654147324079923,0.0,-13.289178256450265,0.0,-0.0
6371093750.0,0.21654147324079923,0.0,-13.289178256450265,0.0,-0.0
6398437500.0,0.21654147324079923,0.0,-13.289178256450265,0.0,-0.0
6425781250.0,0.21654147324079923,0.0,-13.289178256450265,0.0,-0.0
6453125000.0,0.21654147324079923,0.0,-13.289178256450265,0.0,-0.0
6480468750.0,0.21654147324079923,0.0,-13.289178256450265,0.0,-0.0
6507812500.0,0.21654147324079923,0.0,-13.289178256450265,0.0,-0.0
6535156250.0,0.21654147324079923,0.0,-13.289178256450265,0.0,-0.0
6562500000.0,0.21654147324079923,0.0,-13.289178256450265,0.0,-0.0
6589843750.0,0.21654147324079923,0.0,-13.289178256450265,0.0,-0.0
6617187500.0,0.21654147324079923,0.0,-13.289178256450265,0.0,-0.0
6644531250.0,0.21654147324079923,0.0,-13.289178256450265,0.0,-0.0
6671875000.0,0.21654147324079923,0.0,-13.289178256450265,0.0,-0.0
6699218750.0,0.21654147324079923,0.0,-13.289178256450265,0.0,-0.0
6726562500.0,0.21654147324079923,0.0,-13.289178256450265,0.0,-0.0
6753906250.0,0.21654147324079923,0.0,-13.289178256450265,0.0,-0.0
6781250000.0,0.21654147324079923,0.0,-13.289178256450265,0.0,-0.0
6808593750.0,0.21654147324079923,0.0,-13.289178256450265,0.0,-0.0
6835937500.0,0.21654147324079923,0.0,-13.289178256450265,0.0,-0.0
6863281250.0,0.21654147324079923,0.0,-13.289178256450265,0.0,-0.0
6890625000.0,0.21654147324079923,0.0,-13.289178256450265,0.0,-0.0
6917968750.0,0.21654147324079923,0.0,-13.289178256450265,0.0,-0.0
6945312500.0,0.21654147324079923,0.0,-13.289178256450265,0.0,-0.0
6972656250.0,0.21654147324079923,0.0,-13.289178256450265,0.0,-0.0
7000000000.0,0.21654147324079923,0.0,-13.289178256450265,0.0,-0.0
7027343750.0,0.21654147324079923,0.0,-13.289178256450265,0.0,-0.0
7054687500.0,0.21654147324079923,0.0,-13.289178256450265,0.0,-0.0
7082031250.0,0.21654147324079923,0.0,-13.289178256450265,0.0,-0.0
7109375000.0,0.21654147324079923,0.0,-13.289178256450265,0.0,-0.0
7136718750.0,0.21654147324079923,0.0,-13.289178256450265,0.0,-0.0
7164062500.0,0.21654147324079923,0.0,-13.289178256450265,0.0,-0.0
7191406250.0,0.21654147324079923,0.0,-13.289178256450265,0.0,-0.0
7218750000.0,0.21654147324079923,0.0,-13.289178256450265,0.0,-0.0
7246093750.0,0.21654147324079923,0.0,-13.289178256450265,0.0,-0.0
7273437500.0,0.21654147324079923,0.0,-13.289178256450265,0.0,-0.0
7300781250.0,0.21654147324079923,0.0,-13.289178256450265,0.0,-0.0
7328125000.0,0.21654147324079923,0.0,-13.289178256450265,0.0,-0.0
7355468750.0,0.21654147324079923,0.0,-13.289178256450265,0.0,-0.0
7382812500.0,0.21654147324079923,0.0,-13.289178256450265,0.0,-0.0
7410156250.0,0.21654147324079923,0.0,-13.289178256450265,0.0,-0.0
7437500000.0,0.21654147324079923,0.0,-13.289178256450265,0.0,-0.0
7464843750.0,0.21654147324079923,0.0,-13.289178256450265,0.0,-0.0
7492187500.0,0.21654147324079923,0.0,-13.289178256450265,0.0,-0.0
7519531250.0,0.21654147324079923,0.0,-13.289178256450265,0.0,-0.0
7546875000.0,0.21654147324079923,0.0,-13.289178256450265,0.0,-0.0
7574218750.0,0.21654147324079923,0.0,-13.289178256450265,0.0,-0.0
7601562500.0,0.21654147324079923,0.0,-13.289178256450265,0.0,-0.0
7628906250.0,0.21654147324079923,0.0,-13.289178256450265,0.0,-0.0
7656250000.0,0.21654147324079923,0.0,-13.289178256450265,0.0,-0.0
7683593750.0,0.21654147324079923,0.0,-13.289178256450265,0.0,-0.0
7710937500.0,0.21654147324079923,0.0,-13.289178256450265,0.0,-0.0
7738281250.0,0.21654147324079923,0.0,-13.289178256450265,0.0,-0.0
7765625000.0,0.21654147324079923,0.0,-13.289178256450265,0.0,-0.0
7792968750.0,0.21654147324079923,0.0,-13.289178256450265,0.0,-0.0
7820312500.0,0.21654147324079923,0.0,-13.289178256450265,0.0,-0.0
7847656250.0,0.21654147324079923,0.0,-13.289178256450265,0.0,-0.0
7875000000.0,0.21654147324079923,0.0,-13.289178256450265,0.0,-0.0
7902343750.0,0.21654147324079923,0.0,-13.289178256450265,0.0,-0.0
7929687500.0,0.21654147324079923,0.0,-13.289178256450265,0.0,-0.0
7957031250.0,0.21654147324079923,0.0,-13.289178256450265,0.0,-0.0
7984375000.0,0.21654147324079923,0.0,-13.289178256450265,0.0,-0.0
8011718750.0,0.21654147324079923,0.0,-13.289178256450265,0.0,-0.0
8039062500.0,0.21654147324079923,0.0,-13.289178256450265,0.0,-0.0
8066406250.0,0.21654147324079923,0.0,-13.289178256450265,0.0,-0.0
8093750000.0,0.21654147324079923,0.0,-13.289178256450265,0.0,-0.0
8121093750.0,0.21654147324079923,0.0,-13.289178256450265,0.0,-0.0
8148437500.0,0.21654147324079923,0.0,-13.289178256450265,0.0,-0.0
8175781250.0,0.21654147324079923,0.0,-13.289178256450265,0.0,-0.0
8203125000.0,0.21654147324079923,0.0,-13.289178256450265,0.0,-0.0
8230468750.0,0.21654147324079923,0.0,-13.289178256450265,0.0,-0.0
8257812500.0,0.21654147324079923,0.0,-13.289178256450265,0.0,-0.0
8285156250.0,0.21654147324079923,0.0,-13.289178256450265,0.0,-0.0
8312500000.0,0.21654147324079923,0.0,-13.289178256450265,0.0,-0.0
8339843750.0,0.21654147324079923,0.0,-13.289178256450265,0.0,-0.0
8367187500.0,0.21654147324079923,0.0,-13.289178256450265,0.0,-0.0
8394531250.0,0.21654147324079923,0.0,-13.289178256450265,0.0,-0.0
8421875000.0,0.21654147324079923,0.0,-13.289178256450265,0.0,-0.0
8449218750.0,0.21654147324079923,0.0,-13.289178256450265,0.0,-0.0
8476562500.0,0.21654147324079923,0.0,-13.289178256450265,0.0,-0.0
8503906250.0,0.21654147324079923,0.0,-13.289178256450265,0.0,-0.0
8531250000.0,0.21654147324079923,0.0,-13.289178256450265,0.0,-0.0
8558593750.0,0.21654147324079923,0.0,-13.289178256450265,0.0,-0.0
8585937500.0,0.21654147324079923,0.0,-13.289178256450265,0.0,-0.0
8613281250.0,0.21654147324079923,0.0,-13.289178256450265,0.0,-0.0
8640625000.0,0.21654147324079923,0.0,-13.289178256450265,0.0,-0.0
8667968750.0,0.21654147324079923,0.0,-13.289178256450265,0.0,-0.0
8695312500.0,0.21654147324079923,0.0,-13.289178256450265,0.0,-0.0
8722656250.0,0.21654147324079923,0.0,-13.289178256450265,0.0,-0.0
8750000000.0,0.21654147324079923,0.0,-13.289178256450265,0.0,-0.0
8777343750.0,0.21654147324079923,0.0,-13.289178256450265,0.0,-0.0
8804687500.0,0.21654147324079923,0.0,-13.289178256450265,0.0,-0.0
8832031250.0,0.21654147324079923,0.0,-13.289178256450265,0.0,-0.0
8859375000.0,0.21654147324079923,0.0,-13.289178256450265,0.0,-0.0
8886718750.0,0.21654147324079923,0.0,-13.289178256450265,0.0,-0.0
8914062500.0,0.21654147324079923,0.0,-13.289178256450265,0.0,-0.0
8941406250.0,0.21654147324079923,0.0,-13.289178256450265,0.0,-0.0
8968750000.0,0.21654147324079923,0.0,-13.289178256450265,0.0,-0.0
8996093750.0,0.21654147324079923,0.0,-13.289178256450265,0.0,-0.0
9023437500.0,0.21654147324079923,0.0,-13.289178256450265,0.0,-0.0
9050781250.0,0.21654147324079923,0.0,-13.289178256450265,0.0,-0.0
9078125000.0,0.21654147324079923,0.0,-13.289178256450265,0.0,-0.0
9105468750.0,0.21654147324079923,0.0,-13.289178256450265,0.0,-0.0
9132812500.0,0.21654147324079923,0.0,-13.289178256450265,0.0,-0.0
9160156250.0,0.21654147324079923,0.0,-13.289178256450265,0.0,-0.0
9187500000.0,0.21654147324079923,0.0,-13.289178256450265,0.0,-0.0
9214843750.0,0.21654147324079923,0.0,-13.289178256450265,0.0,-0.0
9242187500.0,0.21654147324079923,0.0,-13.289178256450265,0.0,-0.0
9269531250.0,0.21654147324079923,0.0,-13.289178256450265,0.0,-0.0
9296875000.0,0.21654147324079923,0.0,-13.289178256450265,0.0,-0.0
9324218750.0,0.21654147324079923,0.0,-13.289178256450265,0.0,-0.0
9351562500.0,0.21654147324079923,0.0,-13.289178256450265,0.0,-0.0
9378906250.0,0.21654147324079923,0.0,-13.289178256450265,0.0,-0.0
9406250000.0,0.21654147324079923,0.0,-13.289178256450265,0.0,-0.0
9433593750.0,0.21654147324079923,0.0,-13.289178256450265,0.0,-0.0
9460937500.0,0.21654147324079923,0.0,-13.289178256450265,0.0,-0.0
9488281250.0,0.21654147324079923,0.0,-13.289178256450265,0.0,-0.0
9515625000.0,0.21654147324079923,0.0,-13.289178256450265,0.0,-0.0
9542968750.0,0.21654147324079923,0.0,-13.289178256450265,0.0,-0.0
9570312500.0,0.21654147324079923,0.0,-13.289178256450265,0.0,-0.0
9597656250.0,0.21654147324079923,0.0,-13.289178256450265,0.0,-0.0
9625000000.0,0.21654147324079923,0.0,-13.289178256450265,0.0,-0.0
9652343750.0,0.21654147324079923,0.0,-13.289178256450265,0.0,-0.0
9679687500.0,0.21654147324079923,0.0,-13.289178256450265,0.0,-0.0
9707031250.0,0.21654147324079923,0.0,-13.289178256450265,0.0,-0.0
9734375000.0,0.21654147324079923,0.0,-13.289178256450265,0.0,-0.0
9761718750.0,0.21654147324079923,0.0,-13.289178256450265,0.0,-0.0
9789062500.0,0.21654147324079923,0.0,-13.289178256450265,0.0,-0.0
9816406250.0,0.21654147324079923,0.0,-13.289178256450265,0.0,-0.0
9843750000.0,0.21654147324079923,0.0,-13.289178256450265,0.0,-0.0
9871093750.0,0.21654147324079923,0.0,-13.289178256450265,0.0,-0.0
9898437500.0,0.21654147324079923,0.0,-13.289178256450265,0.0,-0.0
9925781250.0,0.21654147324079923,0.0,-13.289178256450265,0.0,-0.0
9953125000.0,0.21654147324079923,0.0,-13.289178256450265,0.0,-0.0
9980468750.0,0.21654147324079923,0.0,-13.289178256450265,0.0,-0.0
10007812500.0,0.21654147324079923,0.0,-13.289178256450265,0.0,-0.0
10035156250.0,0.21654147324079923,0.0,-13.289178256450265,0.0,-0.0
10062500000.0,0.21654147324079923,0.0,-13.289178256450265,0.0,-0.0
10089843750.0,0.21654147324079923,0.0,-13.289178256450265,0.0,-0.0
10117187500.0,0.21654147324079923,0.0,-13.289178256450265,0.0,-0.0
10144531250.0,0.21654147324079923,0.0,-13.289178256450265,0.0,-0.0
10171875000.0,0.21654147324079923,0.0,-13.289178256450265,0.0,-0.0
10199218750.0,0.21654147324079923,0.0,-13.289178256450265,0.0,-0.0
10226562500.0,0.21654147324079923,0.0,-13.289178256450265,0.0,-0.0
10253906250.0,0.21654147324079923,0.0,-13.289178256450265,0.0,-0.0
10281250000.0,0.21654147324079923,0.0,-13.289178256450265,0.0,-0.0
10308593750.0,0.21654147324079923,0.0,-13.289178256450265,0.0,-0.0
10335937500.0,0.21654147324079923,0.0,-13.289178256450265,0.0,-0.0
10363281250.0,0.21654147324079923,0.0,-13.289178256450265,0.0,-0.0
10390625000.0,0.21654147324079923,0.0,-13.289178256450265,0.0,-0.0
10417968750.0,0.21654147324079923,0.0,-13.289178256450265,0.0,-0.0
10445312500.0,0.21654147324079923,0.0,-13.289178256450265,0.0,-0.0
10472656250.0,0.21654147324079923,0.0,-13.289178256450265,0.0,-0.0
10500000000.0,0.21654147324079923,0.0,-13.289178256450265,0.0,-0.0
10527343750.0,0.21654147324079923,0.0,-13.289178256450265,0.0,-0.0
10554687500.0,0.21654147324079923,0.0,-13.289178256450265,0.0,-0.0
10582031250.0,0.21654147324079923,0.0,-13.289178256450265,0.0,-0.0
10609375000.0,0.21654147324079923,0.0,-13.289178256450265,0.0,-0.0
10636718750.0,0.21654147324079923,0.0,-13.289178256450265,0.0,-0.0
10664062500.0,0.21654147324079923,0.0,-13.289178256450265,0.0,-0.0
10691406250.0,0.21654147324079923,0.0,-13.289178256450265,0.0,-0.0
10718750000.0,0.21654147324079923,0.0,-13.289178256450265,0.0,-0.0
10746093750.0,0.21654147324079923,0.0,-13.289178256450265,0.0,-0.0
10773437500.0,0.21654147324079923,0.0,-13.289178256450265,0.0,-0.0
10800781250.0,0.21654147324079923,0.0,-13.289178256450265,0.0,-0.0
10828125000.0,0.21654147324079923,0.0,-13.289178256450265,0.0,-0.0
10855468750.0,0.21654147324079923,0.0,-13.289178256450265,0.0,-0.0
10882812500.0,0.21654147324079923,0.0,-13.289178256450265,0.0,-0.0
10910156250.0,0.21654147324079923,0.0,-13.289178256450265,0.0,-0.0
10937500000.0,0.21654147324079923,0.0,-13.289178256450265,0.0,-0.0
10964843750.0,0.21654147324079923,0.0,-13.289178256450265,0.0,-0.0
10992187500.0,0.21654147324079923,0.0,-13.289178256450265,0.0,-0.0
11019531250.0,0.21654147324079923,0.0,-13.289178256450265,0.0,-0.0
11046875000.0,0.21654147324079923,0.0,-13.289178256450265,0.0,-0.0
11074218750.0,0.21654147324079923,0.0,-13.289178256450265,0.0,-0.0
11101562500.0,0.21654147324079923,0.0,-13.289178256450265,0.0,-0.0
11128906250.0,0.21654147324079923,0.0,-13.289178256450265,0.0,-0.0
11156250000.0,0.21654147324079923,0.0,-13.289178256450265,0.0,-0.0
11183593750.0,0.21654147324079923,0.0,-13.289178256450265,0.0,-0.0
11210937500.0,0.21654147324079923,0.0,-13.289178256450265,0.0,-0.0
11238281250.0,0.21654147324079923,0.0,-13.289178256450265,0.0,-0.0
11265625000.0,0.21654147324079923,0.0,-13.289178256450265,0.0,-0.0
11292968750.0,0.21654147324079923,0.0,-13.289178256450265,0.0,-0.0
11320312500.0,0.21654147324079923,0.0,-13.289178256450265,0.0,-0.0
11347656250.0,0.21654147324079923,0.0,-13.289178256450265,0.0,-0.0
11375000000.0,0.21654147324079923,0.0,-13.289178256450265,0.0,-0.0
11402343750.0,0.21654147324079923,0.0,-13.289178256450265,0.0,-0.0
11429687500.0,0.21654147324079923,0.0,-13.289178256450265,0.0,-0.0
11457031250.0,0.21654147324079923,0.0,-13.289178256450265,0.0,-0.0
11484375000.0,0.21654147324079923,0.0,-13.289178256450265,0.0,-0.0
11511718750.0,0.21654147324079923,0.0,-13.289178256450265,0.0,-0.0
11539062500.0,0.21654147324079923,0.0,-13.289178256450265,0.0,-0.0
11566406250.0,0.21654147324079923,0.0,-13.289178256450265,0.0,-0.0
11593750000.0,0.21654147324079923,0.0,-13.289178256450265,0.0,-0.0
11621093750.0,0.21654147324079923,0.0,-13.289178256450265,0.0,-0.0
11648437500.0,0.21654147324079923,0.0,-13.289178256450265,0.0,-0.0
11675781250.0,0.21654147324079923,0.0,-13.289178256450265,0.0,-0.0
11703125000.0,0.21654147324079923,0.0,-13.289178256450265,0.0,-0.0
11730468750.0,0.21654147324079923,0.0,-13.289178256450265,0.0,-0.0
11757812500.0,0.21654147324079923,0.0,-13.289178256450265,0.0,-0.0
11785156250.0,0.21654147324079923,0.0,-13.289178256450265,0.0,-0.0
11812500000.0,0.21654147324079923,0.0,-13.289178256450265,0.0,-0.0
11839843750.0,0.21654147324079923,0.0,-13.289178256450265,0.0,-0.0
11867187500.0,0.21654147324079923,0.0,-13.289178256450265,0.0,-0.0
11894531250.0,0.21654147324079923,0.0,-13.289178256450265,0.0,-0.0
11921875000.0,0.21654147324079923,0.0,-13.289178256450265,0.0,-0.0
11949218750.0,0.21654147324079923,0.0,-13.289178256450265,0.0,-0.0
11976562500.0,0.21654147324079923,0.0,-13.289178256450265,0.0,-0.0
12003906250.0,0.21654147324079923,0.0,-13.289178256450265,0.0,-0.0
12031250000.0,0.21654147324079923,0.0,-13.289178256450265,0.0,-0.0
12058593750.0,0.21654147324079923,0.0,-13.289178256450265,0.0,-0.0
12085937500.0,0.21654147324079923,0.0,-13.289178256450265,0.0,-0.0
12113281250.0,0.21654147324079923,0.0,-13.289178256450265,0.0,-0.0
12140625000.0,0.21654147324079923,0.0,-13.289178256450265,0.0,-0.0
12167968750.0,0.21654147324079923,0.0,-13.289178256450265,0.0,-0.0
12195312500.0,0.21654147324079923,0.0,-13.289178256450265,0.0,-0.0
12222656250.0,0.21654147324079923,0.0,-13.289178256450265,0.0,-0.0
12250000000.0,0.21654147324079923,0.0,-13.289178256450265,0.0,-0.0
12277343750.0,0.21654147324079923,0.0,-13.289178256450265,0.0,-0.0
12304687500.0,0.21654147324079923,0.0,-13.289178256450265,0.0,-0.0
12332031250.0,0.21654147324079923,0.0,-13.289178256450265,0.0,-0.0
12359375000.0,0.21654147324079923,0.0,-13.289178256450265,0.0,-0.0
12386718750.0,0.21654147324079923,0.0,-13.289178256450265,0.0,-0.0
12414062500.0,0.21654147324079923,0.0,-13.289178256450265,0.0,-0.0
12441406250.0,0.21654147324079923,0.0,-13.289178256450265,0.0,-0.0
12468750000.0,0.21654147324079923,0.0,-13.289178256450265,0.0,-0.0
12496093750.0,0.21654147324079923,0.0,-13.289178256450265,0.0,-0.0
12523437500.0,0.21654147324079923,0.0,-13.289178256450265,0.0,-0.0
12550781250.0,0.21654147324079923,0.0,-13.289178256450265,0.0,-0.0
12578125000.0,0.21654147324079923,0.0,-13.289178256450265,0.0,-0.0
12605468750.0,0.21654147324079923,0.0,-13.289178256450265,0.0,-0.0
12632812500.0,0.21654147324079923,0.0,-13.289178256450265,0.0,-0.0
12660156250.0,0.21654147324079923,0.0,-13.289178256450265,0.0,-0.0
12687500000.0,0.21654147324079923,0.0,-13.289178256450265,0.0,-0.0
12714843750.0,0.21654147324079923,0.0,-13.289178256450265,0.0,-0.0
12742187500.0,0.21654147324079923,0.0,-13.289178256450265,0.0,-0.0
12769531250.0,0.21654147324079923,0.0,-13.289178256450265,0.0,-0.0
12796875000.0,0.21654147324079923,0.0,-13.289178256450265,0.0,-0.0
12824218750.0,0.21654147324079923,0.0,-13.289178256450265,0.0,-0.0
12851562500.0,0.21654147324079923,0.0,-13.289178256450265,0.0,-0.0
12878906250.0,0.21654147324079923,0.0,-13.289178256450265,0.0,-0.0
12906250000.0,0.21654147324079923,0.0,-13.289178256450265,0.0,-0.0
12933593750.0,0.21654147324079923,0.0,-13.289178256450265,0.0,-0.0
12960937500.0,0.21654147324079923,0.0,-13.289178256450265,0.0,-0.0
12988281250.0,0.21654147324079923,0.0,-13.289178256450265,0.0,-0.0
13015625000.0,0.21654147324079923,0.0,-13.289178256450265,0.0,-0.0
13042968750.0,0.21654147324079923,0.0,-13.289178256450265,0.0,-0.0
13070312500.0,0.21654147324079923,0.0,-13.289178256450265,0.0,-0.0
13097656250.0,0.21654147324079923,0.0,-13.289178256450265,0.0,-0.0
13125000000.0,0.21654147324079923,0.0,-13.289178256450265,0.0,-0.0
13152343750.0,0.21654147324079923,0.0,-13.289178256450265,0.0,-0.0
13179687500.0,0.21654147324079923,0.0,-13.289178256450265,0.0,-0.0
13207031250.0,0.21654147324079923,0.0,-13.289178256450265,0.0,-0.0
13234375000.0,0.21654147324079923,0.0,-13.289178256450265,0.0,-0.0
13261718750.0,0.21654147324079923,0.0,-13.289178256450265,0.0,-0.0
13289062500.0,0.21654147324079923,0.0,-13.289178256450265,0.0,-0.0
13316406250.0,0.21654147324079923,0.0,-13.289178256450265,0.0,-0.0
13343750000.0,0.21654147324079923,0.0,-13.289178256450265,0.0,-0.0
13371093750.0,0.21654147324079923,0.0,-13.289178256450265,0.0,-0.0
13398437500.0,0.21654147324079923,0.0,-13.289178256450265,0.0,-0.0
13425781250.0,0.21654147324079923,0.0,-13.289178256450265,0.0,-0.0
13453125000.0,0.21654147324079923,0.0,-13.289178256450265,0.0,-0.0
13480468750.0,0.21654147324079923,0.0,-13.289178256450265,0.0,-0.0
13507812500.0,0.21654147324079923,0.0,-13.289178256450265,0.0,-0.0
13535156250.0,0.21654147324079923,0.0,-13.289178256450265,0.0,-0.0
13562500000.0,0.21654147324079923,0.0,-13.289178256450265,0.0,-0.0
13589843750.0,0.21654147324079923,0.0,-13.289178256450265,0.0,-0.0
13617187500.0,0.21654147324079923,0.0,-13.289178256450265,0.0,-0.0
13644531250.0,0.21654147324079923,0.0,-13.289178256450265,0.0,-0.0
13671875000.0,0.21654147324079923,0.0,-13.289178256450265,0.0,-0.0
13699218750.0,0.21654147324079923,0.0,-13.289178256450265,0.0,-0.0
13726562500.0,0.21654147324079923,0.0,-13.289178256450265,0.0,-0.0
13753906250.0,0.21654147324079923,0.0,-13.289178256450265,0.0,-0.0
13781250000.0,0.21654147324079923,0.0,-13.289178256450265,0.0,-0.0
13808593750.0,0.21654147324079923,0.0,-13.289178256450265,0.0,-0.0
13835937500.0,0.21654147324079923,0.0,-13.289178256450265,0.0,-0.0
13863281250.0,0.21654147324079923,0.0,-13.289178256450265,0.0,-0.0
13890625000.0,0.21654147324079923,0.0,-13.289178256450265,0.0,-0.0
13917968750.0,0.21654147324079923,0.0,-13.289178256450265,0.0,-0.0
13945312500.0,0.21654147324079923,0.0,-13.289178256450265,0.0,-0.0
13972656250.0,0.21654147324079923,0.0,-13.289178256450265,0.0,-0.0
14000000000.0,0.21654147324079923,0.0,-13.289178256450265,0.0,-0.0
14027343750.0,0.21654147324079923,0.0,-13.289178256450265,0.0,-0.0
14054687500.0,0.21654147324079923,0.0,-13.289178256450265,0.0,-0.0
14082031250.0,0.21654147324079923,0.0,-13.289178256450265,0.0,-0.0
14109375000.0,0.21654147324079923,0.0,-13.289178256450265,0.0,-0.0
14136718750.0,0.21654147324079923,0.0,-13.289178256450265,0.0,-0.0
14164062500.0,0.21654147324079923,0.0,-13.289178256450265,0.0,-0.0
14191406250.0,0.21654147324079923,0.0,-13.289178256450265,0.0,-0.0
14218750000.0,0.21654147324079923,0.0,-13.289178256450265,0.0,-0.0
14246093750.0,0.21654147324079923,0.0,-13.289178256450265,0.0,-0.0
14273437500.0,0.21654147324079923,0.0,-13.289178256450265,0.0,-0.0
14300781250.0,0.21654147324079923,0.0,-13.289178256450265,0.0,-0.0
14328125000.0,0.21654147324079923,0.0,-13.289178256450265,0.0,-0.0
14355468750.0,0.21654147324079923,0.0,-13.289178256450265,0.0,-0.0
14382812500.0,0.21654147324079923,0.0,-13.289178256450265,0.0,-0.0
14410156250.0,0.21654147324079923,0.0,-13.289178256450265,0.0,-0.0
14437500000.0,0.21654147324079923,0.0,-13.289178256450265,0.0,-0.0
14464843750.0,0.21654147324079923,0.0,-13.289178256450265,0.0,-0.0
14492187500.0,0.21654147324079923,0.0,-13.289178256450265,0.0,-0.0
14519531250.0,0.21654147324079923,0.0,-13.289178256450265,0.0,-0.0
14546875000.0,0.21654147324079923,0.0,-13.289178256450265,0.0,-0.0
14574218750.0,0.21654147324079923,0.0,-13.289178256450265,0.0,-0.0
14601562500.0,0.21654147324079923,0.0,-13.289178256450265,0.0,-0.0
14628906250.0,0.21654147324079923,0.0,-13.289178256450265,0.0,-0.0
14656250000.0,0.21654147324079923,0.0,-13.289178256450265,0.0,-0.0
14683593750.0,0.21654147324079923,0.0,-13.289178256450265,0.0,-0.0
14710937500.0,0.21654147324079923,0.0,-13.289178256450265,0.0,-0.0
14738281250.0,0.21654147324079923,0.0,-13.289178256450265,0.0,-0.0
14765625000.0,0.21654147324079923,0.0,-13.289178256450265,0.0,-0.0
14792968750.0,0.21654147324079923,0.0,-13.289178256450265,0.0,-0.0
14820312500.0,0.21654147324079923,0.0,-13.289178256450265,0.0,-0.0
14847656250.0,0.21654147324079923,0.0,-13.289178256450265,0.0,-0.0
14875000000.0,0.21654147324079923,0.0,-13.289178256450265,0.0,-0.0
14902343750.0,0.21654147324079923,0.0,-13.289178256450265,0.0,-0.0
14929687500.0,0.21654147324079923,0.0,-13.289178256450265,0.0,-0.0
14957031250.0,0.21654147324079923,0.0,-13.289178256450265,0.0,-0.0
14984375000.0,0.21654147324079923,0.0,-13.289178256450265,0.0,-0.0
15011718750.0,0.21654147324079923,0.0,-13.289178256450265,0.0,-0.0
15039062500.0,0.21654147324079923,0.0,-13.289178256450265,0.0,-0.0
15066406250.0,0.21654147324079923,0.0,-13.289178256450265,0.0,-0.0
15093750000.0,0.21654147324079923,0.0,-13.289178256450265,0.0,-0.0
15121093750.0,0.21654147324079923,0.0,-13.289178256450265,0.0,-0.0
15148437500.0,0.21654147324079923,0.0,-13.289178256450265,0.0,-0.0
15175781250.0,0.21654147324079923,0.0,-13.289178256450265,0.0,-0.0
15203125000.0,0.21654147324079923,0.0,-13.289178256450265,0.0,-0.0
15230468750.0,0.21654147324079923,0.0,-13.289178256450265,0.0,-0.0
15257812500.0,0.21654147324079923,0.0,-13.289178256450265,0.0,-0.0
15285156250.0,0.21654147324079923,0.0,-13.289178256450265,0.0,-0.0
15312500000.0,0.21654147324079923,0.0,-13.289178256450265,0.0,-0.0
15339843750.0,0.21654147324079923,0.0,-13.289178256450265,0.0,-0.0
15367187500.0,0.21654147324079923,0.0,-13.289178256450265,0.0,-0.0
15394531250.0,0.21654147324079923,0.0,-13.289178256450265,0.0,-0.0
15421875000.0,0.21654147324079923,0.0,-13.289178256450265,0.0,-0.0
15449218750.0,0.21654147324079923,0.0,-13.289178256450265,0.0,-0.0
15476562500.0,0.21654147324079923,0.0,-13.289178256450265,0.0,-0.0
15503906250.0,0.21654147324079923,0.0,-13.289178256450265,0.0,-0.0
15531250000.0,0.21654147324079923,0.0,-13.289178256450265,0.0,-0.0
15558593750.0,0.21654147324079923,0.0,-13.289178256450265,0.0,-0.0
15585937500.0,0.21654147324079923,0.0,-13.289178256450265,0.0,-0.0
15613281250.0,0.21654147324079923,0.0,-13.289178256450265,0.0,-0.0
15640625000.0,0.21654147324079923,0.0,-13.289178256450265,0.0,-0.0
15667968750.0,0.21654147324079923,0.0,-13.289178256450265,0.0,-0.0
15695312500.0,0.21654147324079923,0.0,-13.289178256450265,0.0,-0.0
15722656250.0,0.21654147324079923,0.0,-13.289178256450265,0.0,-0.0
15750000000.0,0.21654147324079923,0.0,-13.289178256450265,0.0,-0.0
15777343750.0,0.21654147324079923,0.0,-13.289178256450265,0.0,-0.0
15804687500.0,0.21654147324079923,0.0,-13.289178256450265,0.0,-0.0
15832031250.0,0.21654147324079923,0.0,-13.289178256450265,0.0,-0.0
15859375000.0,0.21654147324079923,0.0,-13.289178256450265,0.0,-0.0
15886718750.0,0.21654147324079923,0.0,-13.289178256450265,0.0,-0.0
15914062500.0,0.21654147324079923,0.0,-13.289178256450265,0.0,-0.0
15941406250.0,0.21654147324079923,0.0,-13.289178256450265,0.0,-0.0
15968750000.0,0.21654147324079923,0.0,-13.289178256450265,0.0,-0.0
15996093750.0,0.21654147324079923,0.0,-13.289178256450265,0.0,-0.0
16023437500.0,0.21654147324079923,0.0,-13.289178256450265,0.0,-0.0
16050781250.0,0.21654147324079923,0.0,-13.289178256450265,0.0,-0.0
16078125000.0,0.21654147324079923,0.0,-13.289178256450265,0.0,-0.0
16105468750.0,0.21654147324079923,0.0,-13.289178256450265,0.0,-0.0
16132812500.0,0.21654147324079923,0.0,-13.289178256450265,0.0,-0.0
16160156250.0,0.21654147324079923,0.0,-13.289178256450265,0.0,-0.0
16187500000.0,0.21654147324079923,0.0,-13.289178256450265,0.0,-0.0
16214843750.0,0.21654147324079923,0.0,-13.289178256450265,0.0,-0.0
16242187500.0,0.21654147324079923,0.0,-13.289178256450265,0.0,-0.0
16269531250.0,0.21654147324079923,0.0,-13.289178256450265,0.0,-0.0
16296875000.0,0.21654147324079923,0.0,-13.289178256450265,0.0,-0.0
16324218750.0,0.21654147324079923,0.0,-13.289178256450265,0.0,-0.0
16351562500.0,0.21654147324079923,0.0,-13.289178256450265,0.0,-0.0
16378906250.0,0.21654147324079923,0.0,-13.289178256450265,0.0,-0.0
16406250000.0,0.21654147324079923,0.0,-13.289178256450265,0.0,-0.0
16433593750.0,0.21654147324079923,0.0,-13.289178256450265,0.0,-0.0
16460937500.0,0.21654147324079923,0.0,-13.289178256450265,0.0,-0.0
16488281250.0,0.21654147324079923,0.0,-13.289178256450265,0.0,-0.0
16515625000.0,0.21654147324079923,0.0,-13.289178256450265,0.0,-0.0
16542968750.0,0.21654147324079923,0.0,-13.289178256450265,0.0,-0.0
16570312500.0,0.21654147324079923,0.0,-13.289178256450265,0.0,-0.0
16597656250.0,0.21654147324079923,0.0,-13.289178256450265,0.0,-0.0
16625000000.0,0.21654147324079923,0.0,-13.289178256450265,0.0,-0.0
16652343750.0,0.21654147324079923,0.0,-13.289178256450265,0.0,-0.0
16679687500.0,0.21654147324079923,0.0,-13.289178256450265,0.0,-0.0
16707031250.0,0.21654147324079923,0.0,-13.289178256450265,0.0,-0.0
16734375000.0,0.21654147324079923,0.0,-13.289178256450265,0.0,-0.0
16761718750.0,0.21654147324079923,0.0,-13.289178256450265,0.0,-0.0
16789062500.0,0.21654147324079923,0.0,-13.289178256450265,0.0,-0.0
16816406250.0,0.21654147324079923,0.0,-13.289178256450265,0.0,-0.0
16843750000.0,0.21654147324079923,0.0,-13.289178256450265,0.0,-0.0
16871093750.0,0.21654147324079923,0.0,-13.289178256450265,0.0,-0.0
16898437500.0,0.21654147324079923,0.0,-13.289178256450265,0.0,-0.0
16925781250.0,0.21654147324079923,0.0,-13.289178256450265,0.0,-0.0
16953125000.0,0.21654147324079923,0.0,-13.289178256450265,0.0,-0.0
16980468750.0,0.21654147324079923,0.0,-13.289178256450265,0.0,-0.0
17007812500.0,0.21654147324079923,0.0,-13.289178256450265,0.0,-0.0
17035156250.0,0.21654147324079923,0.0,-13.289178256450265,0.0,-0.0
17062500000.0,0.21654147324079923,0.0,-13.289178256450265,0.0,-0.0
17089843750.0,0.21654147324079923,0.0,-13.289178256450265,0.0,-0.0
17117187500.0,0.21654147324079923,0.0,-13.289178256450265,0.0,-0.0
17144531250.0,0.21654147324079923,0.0,-13.289178256450265,0.0,-0.0
17171875000.0,0.21654147324079923,0.0,-13.289178256450265,0.0,-0.0
17199218750.0,0.21654147324079923,0.0,-13.289178256450265,0.0,-0.0
17226562500.0,0.21654147324079923,0.0,-13.289178256450265,0.0,-0.0
17253906250.0,0.21654147324079923,0.0,-13.289178256450265,0.0,-0.0
17281250000.0,0.21654147324079923,0.0,-13.289178256450265,0.0,-0.0
17308593750.0,0.21654147324079923,0.0,-13.289178256450265,0.0,-0.0
17335937500.0,0.21654147324079923,0.0,-13.289178256450265,0.0,-0.0
17363281250.0,0.21654147324079923,0.0,-13.289178256450265,0.0,-0.0
17390625000.0,0.21654147324079923,0.0,-13.289178256450265,0.0,-0.0
17417968750.0,0.21654147324079923,0.0,-13.289178256450265,0.0,-0.0
17445312500.0,0.21654147324079923,0.0,-13.289178256450265,0.0,-0.0
17472656250.0,0.21654147324079923,0.0,-13.289178256450265,0.0,-0.0
17500000000.0,0.21654147324079923,0.0,-13.289178256450265,0.0,-0.0
17527343750.0,0.21654147324079923,0.0,-13.289178256450265,0.0,-0.0
17554687500.0,0.21654147324079923,0.0,-13.289178256450265,0.0,-0.0
17582031250.0,0.21654147324079923,0.0,-13.289178256450265,0.0,-0.0
17609375000.0,0.21654147324079923,0.0,-13.289178256450265,0.0,-0.0
17636718750.0,0.21654147324079923,0.0,-13.289178256450265,0.0,-0.0
17664062500.0,0.21654147324079923,0.0,-13.289178256450265,0.0,-0.0
17691406250.0,0.21654147324079923,0.0,-13.289178256450265,0.0,-0.0
17718750000.0,0.21654147324079923,0.0,-13.289178256450265,0.0,-0.0
17746093750.0,0.21654147324079923,0.0,-13.289178256450265,0.0,-0.0
17773437500.0,0.21654147324079923,0.0,-13.289178256450265,0.0,-0.0
17800781250.0,0.21654147324079923,0.0,-13.289178256450265,0.0,-0.0
17828125000.0,0.21654147324079923,0.0,-13.289178256450265,0.0,-0.0
17855468750.0,0.21654147324079923,0.0,-13.289178256450265,0.0,-0.0
17882812500.0,0.21654147324079923,0.0,-13.289178256450265,0.0,-0.0
17910156250.0,0.21654147324079923,0.0,-13.289178256450265,0.0,-0.0
17937500000.0,0.21654147324079923,0.0,-13.289178256450265,0.0,-0.0
17964843750.0,0.21654147324079923,0.0,-13.289178256450265,0.0,-0.0
17992187500.0,0.21654147324079923,0.0,-13.289178256450265,0.0,-0.0
18019531250.0,0.21654147324079923,0.0,-13.289178256450265,0.0,-0.0
18046875000.0,0.21654147324079923,0.0,-13.289178256450265,0.0,-0.0
18074218750.0,0.21654147324079923,0.0,-13.289178256450265,0.0,-0.0
18101562500.0,0.21654147324079923,0.0,-13.289178256450265,0.0,-0.0
18128906250.0,0.21654147324079923,0.0,-13.289178256450265,0.0,-0.0
18156250000.0,0.21654147324079923,0.0,-13.289178256450265,0.0,-0.0
18183593750.0,0.21654147324079923,0.0,-13.289178256450265,0.0,-0.0
18210937500.0,0.21654147324079923,0.0,-13.289178256450265,0.0,-0.0
18238281250.0,0.21654147324079923,0.0,-13.289178256450265,0.0,-0.0
18265625000.0,0.21654147324079923,0.0,-13.289178256450265,0.0,-0.0
18292968750.0,0.21654147324079923,0.0,-13.289178256450265,0.0,-0.0
18320312500.0,0.21654147324079923,0.0,-13.289178256450265,0.0,-0.0
18347656250.0,0.21654147324079923,0.0,-13.289178256450265,0.0,-0.0
18375000000.0,0.21654147324079923,0.0,-13.289178256450265,0.0,-0.0
18402343750.0,0.21654147324079923,0.0,-13.289178256450265,0.0,-0.0
18429687500.0,0.21654147324079923,0.0,-13.289178256450265,0.0,-0.0
18457031250.0,0.21654147324079923,0.0,-13.289178256450265,0.0,-0.0
18484375000.0,0.21654147324079923,0.0,-13.289178256450265,0.0,-0.0
18511718750.0,0.21654147324079923,0.0,-13.289178256450265,0.0,-0.0
18539062500.0,0.21654147324079923,0.0,-13.289178256450265,0.0,-0.0
18566406250.0,0.21654147324079923,0.0,-13.289178256450265,0.0,-0.0
18593750000.0,0.21654147324079923,0.0,-13.289178256450265,0.0,-0.0
18621093750.0,0.21654147324079923,0.0,-13.289178256450265,0.0,-0.0
18648437500.0,0.21654147324079923,0.0,-13.289178256450265,0.0,-0.0
18675781250.0,0.21654147324079923,0.0,-13.289178256450265,0.0,-0.0
18703125000.0,0.21654147324079923,0.0,-13.289178256450265,0.0,-0.0
18730468750.0,0.21654147324079923,0.0,-13.289178256450265,0.0,-0.0
18757812500.0,0.21654147324079923,0.0,-13.289178256450265,0.0,-0.0
18785156250.0,0.21654147324079923,0.0,-13.289178256450265,0.0,-0.0
18812500000.0,0.21654147324079923,0.0,-13.289178256450265,0.0,-0.0
18839843750.0,0.21654147324079923,0.0,-13.289178256450265,0.0,-0.0
18867187500.0,0.21654147324079923,0.0,-13.289178256450265,0.0,-0.0
18894531250.0,0.21654147324079923,0.0,-13.289178256450265,0.0,-0.0
18921875000.0,0.21654147324079923,0.0,-13.289178256450265,0.0,-0.0
18949218750.0,0.21654147324079923,0.0,-13.289178256450265,0.0,-0.0
18976562500.0,0.21654147324079923,0.0,-13.289178256450265,0.0,-0.0
19003906250.0,0.21654147324079923,0.0,-13.289178256450265,0.0,-0.0
19031250000.0,0.21654147324079923,0.0,-13.289178256450265,0.0,-0.0
19058593750.0,0.21654147324079923,0.0,-13.289178256450265,0.0,-0.0
19085937500.0,0.21654147324079923,0.0,-13.289178256450265,0.0,-0.0
19113281250.0,0.21654147324079923,0.0,-13.289178256450265,0.0,-0.0
19140625000.0,0.21654147324079923,0.0,-13.289178256450265,0.0,-0.0
19167968750.0,0.21654147324079923,0.0,-13.289178256450265,0.0,-0.0
19195312500.0,0.21654147324079923,0.0,-13.289178256450265,0.0,-0.0
19222656250.0,0.21654147324079923,0.0,-13.289178256450265,0.0,-0.0
19250000000.0,0.21654147324079923,0.0,-13.289178256450265,0.0,-0.0
19277343750.0,0.21654147324079923,0.0,-13.289178256450265,0.0,-0.0
19304687500.0,0.21654147324079923,0.0,-13.289178256450265,0.0,-0.0
19332031250.0,0.21654147324079923,0.0,-13.289178256450265,0.0,-0.0
19359375000.0,0.21654147324079923,0.0,-13.289178256450265,0.0,-0.0
19386718750.0,0.21654147324079923,0.0,-13.289178256450265,0.0,-0.0
19414062500.0,0.21654147324079923,0.0,-13.289178256450265,0.0,-0.0
19441406250.0,0.21654147324079923,0.0,-13.289178256450265,0.0,-0.0
19468750000.0,0.21654147324079923,0.0,-13.289178256450265,0.0,-0.0
19496093750.0,0.21654147324079923,0.0,-13.289178256450265,0.0,-0.0
19523437500.0,0.21654147324079923,0.0,-13.289178256450265,0.0,-0.0
19550781250.0,0.21654147324079923,0.0,-13.289178256450265,0.0,-0.0
19578125000.0,0.21654147324079923,0.0,-13.289178256450265,0.0,-0.0
19605468750.0,0.21654147324079923,0.0,-13.289178256450265,0.0,-0.0
19632812500.0,0.21654147324079923,0.0,-13.289178256450265,0.0,-0.0
19660156250.0,0.21654147324079923,0.0,-13.289178256450265,0.0,-0.0
19687500000.0,0.21654147324079923,0.0,-13.289178256450265,0.0,-0.0
19714843750.0,0.21654147324079923,0.0,-13.289178256450265,0.0,-0.0
19742187500.0,0.21654147324079923,0.0,-13.289178256450265,0.0,-0.0
19769531250.0,0.21654147324079923,0.0,-13.289178256450265,0.0,-0.0
19796875000.0,0.21654147324079923,0.0,-13.289178256450265,0.0,-0.0
19824218750.0,0.21654147324079923,0.0,-13.289178256450265,0.0,-0.0
19851562500.0,0.21654147324079923,0.0,-13.289178256450265,0.0,-0.0
19878906250.0,0.21654147324079923,0.0,-13.289178256450265,0.0,-0.0
19906250000.0,0.21654147324079923,0.0,-13.289178256450265,0.0,-0.0
19933593750.0,0.21654147324079923,0.0,-13.289178256450265,0.0,-0.0
19960937500.0,0.21654147324079923,0.0,-13.289178256450265,0.0,-0.0
19988281250.0,0.21654147324079923,0.0,-13.289178256450265,0.0,-0.0
20015625000.0,0.21654147324079923,0.0,-13.289178256450265,0.0,-0.0
20042968750.0,0.21654147324079923,0.0,-13.289178256450265,0.0,-0.0
20070312500.0,0.21654147324079923,0.0,-13.289178256450265,0.0,-0.0
20097656250.0,0.21654147324079923,0.0,-13.289178256450265,0.0,-0.0
20125000000.0,0.21654147324079923,0.0,-13.289178256450265,0.0,-0.0
20152343750.0,0.21654147324079923,0.0,-13.289178256450265,0.0,-0.0
20179687500.0,0.21654147324079923,0.0,-13.289178256450265,0.0,-0.0
20207031250.0,0.21654147324079923,0.0,-13.289178256450265,0.0,-0.0
20234375000.0,0.21654147324079923,0.0,-13.289178256450265,0.0,-0.0
20261718750.0,0.21654147324079923,0.0,-13.289178256450265,0.0,-0.0
20289062500.0,0.21654147324079923,0.0,-13.289178256450265,0.0,-0.0
20316406250.0,0.21654147324079923,0.0,-13.289178256450265,0.0,-0.0
20343750000.0,0.21654147324079923,0.0,-13.289178256450265,0.0,-0.0
20371093750.0,0.21654147324079923,0.0,-13.289178256450265,0.0,-0.0
20398437500.0,0.21654147324079923,0.0,-13.289178256450265,0.0,-0.0
20425781250.0,0.21654147324079923,0.0,-13.289178256450265,0.0,-0.0
20453125000.0,0.21654147324079923,0.0,-13.289178256450265,0.0,-0.0
20480468750.0,0.21654147324079923,0.0,-13.289178256450265,0.0,-0.0
20507812500.0,0.21654147324079923,0.0,-13.289178256450265,0.0,-0.0
20535156250.0,0.21654147324079923,0.0,-13.289178256450265,0.0,-0.0
20562500000.0,0.21654147324079923,0.0,-13.289178256450265,0.0,-0.0
20589843750.0,0.21654147324079923,0.0,-13.289178256450265,0.0,-0.0
20617187500.0,0.21654147324079923,0.0,-13.289178256450265,0.0,-0.0
20644531250.0,0.21654147324079923,0.0,-13.289178256450265,0.0,-0.0
20671875000.0,0.21654147324079923,0.0,-13.289178256450265,0.0,-0.0
20699218750.0,0.21654147324079923,0.0,-13.289178256450265,0.0,-0.0
20726562500.0,0.21654147324079923,0.0,-13.289178256450265,0.0,-0.0
20753906250.0,0.21654147324079923,0.0,-13.289178256450265,0.0,-0.0
20781250000.0,0.21654147324079923,0.0,-13.289178256450265,0.0,-0.0
20808593750.0,0.21654147324079923,0.0,-13.289178256450265,0.0,-0.0
20835937500.0,0.21654147324079923,0.0,-13.289178256450265,0.0,-0.0
20863281250.0,0.21654147324079923,0.0,-13.289178256450265,0.0,-0.0
20890625000.0,0.21654147324079923,0.0,-13.289178256450265,0.0,-0.0
20917968750.0,0.21654147324079923,0.0,-13.289178256450265,0.0,-0.0
20945312500.0,0.21654147324079923,0.0,-13.289178256450265,0.0,-0.0
20972656250.0,0.21654147324079923,0.0,-13.289178256450265,0.0,-0.0
21000000000.0,0.21654147324079923,0.0,-13.289178256450265,0.0,-0.0
21027343750.0,0.21654147324079923,0.0,-13.289178256450265,0.0,-0.0
21054687500.0,0.21654147324079923,0.0,-13.289178256450265,0.0,-0.0
21082031250.0,0.21654147324079923,0.0,-13.289178256450265,0.0,-0.0
21109375000.0,0.21654147324079923,0.0,-13.289178256450265,0.0,-0.0
21136718750.0,0.21654147324079923,0.0,-13.289178256450265,0.0,-0.0
21164062500.0,0.21654147324079923,0.0,-13.289178256450265,0.0,-0.0
21191406250.0,0.21654147324079923,0.0,-13.289178256450265,0.0,-0.0
21218750000.0,0.21654147324079923,0.0,-13.289178256450265,0.0,-0.0
21246093750.0,0.21654147324079923,0.0,-13.289178256450265,0.0,-0.0
21273437500.0,0.21654147324079923,0.0,-13.289178256450265,0.0,-0.0
21300781250.0,0.21654147324079923,0.0,-13.289178256450265,0.0,-0.0
21328125000.0,0.21654147324079923,0.0,-13.289178256450265,0.0,-0.0
21355468750.0,0.21654147324079923,0.0,-13.289178256450265,0.0,-0.0
21382812500.0,0.21654147324079923,0.0,-13.289178256450265,0.0,-0.0
21410156250.0,0.21654147324079923,0.0,-13.289178256450265,0.0,-0.0
21437500000.0,0.21654147324079923,0.0,-13.289178256450265,0.0,-0.0
21464843750.0,0.21654147324079923,0.0,-13.289178256450265,0.0,-0.0
21492187500.0,0.21654147324079923,0.0,-13.289178256450265,0.0,-0.0
21519531250.0,0.21654147324079923,0.0,-13.289178256450265,0.0,-0.0
21546875000.0,0.21654147324079923,0.0,-13.289178256450265,0.0,-0.0
21574218750.0,0.21654147324079923,0.0,-13.289178256450265,0.0,-0.0
21601562500.0,0.21654147324079923,0.0,-13.289178256450265,0.0,-0.0
21628906250.0,0.21654147324079923,0.0,-13.289178256450265,0.0,-0.0
21656250000.0,0.21654147324079923,0.0,-13.289178256450265,0.0,-0.0
21683593750.0,0.21654147324079923,0.0,-13.289178256450265,0.0,-0.0
21710937500.0,0.21654147324079923,0.0,-13.289178256450265,0.0,-0.0
21738281250.0,0.21654147324079923,0.0,-13.289178256450265,0.0,-0.0
21765625000.0,0.21654147324079923,0.0,-13.289178256450265,0.0,-0.0
21792968750.0,0.21654147324079923,0.0,-13.289178256450265,0.0,-0.0
21820312500.0,0.21654147324079923,0.0,-13.289178256450265,0.0,-0.0
21847656250.0,0.21654147324079923,0.0,-13.289178256450265,0.0,-0.0
21875000000.0,0.21654147324079923,0.0,-13.289178256450265,0.0,-0.0
21902343750.0,0.21654147324079923,0.0,-13.289178256450265,0.0,-0.0
21929687500.0,0.21654147324079923,0.0,-13.289178256450265,0.0,-0.0
21957031250.0,0.21654147324079923,0.0,-13.289178256450265,0.0,-0.0
21984375000.0,0.21654147324079923,0.0,-13.289178256450265,0.0,-0.0
22011718750.0,0.21654147324079923,0.0,-13.289178256450265,0.0,-0.0
22039062500.0,0.21654147324079923,0.0,-13.289178256450265,0.0,-0.0
22066406250.0,0.21654147324079923,0.0,-13.289178256450265,0.0,-0.0
22093750000.0,0.21654147324079923,0.0,-13.289178256450265,0.0,-0.0
22121093750.0,0.21654147324079923,0.0,-13.289178256450265,0.0,-0.0
22148437500.0,0.21654147324079923,0.0,-13.289178256450265,0.0,-0.0
22175781250.0,0.21654147324079923,0.0,-13.289178256450265,0.0,-0.0
22203125000.0,0.21654147324079923,0.0,-13.289178256450265,0.0,-0.0
22230468750.0,0.21654147324079923,0.0,-13.289178256450265,0.0,-0.0
22257812500.0,0.21654147324079923,0.0,-13.289178256450265,0.0,-0.0
22285156250.0,0.21654147324079923,0.0,-13.289178256450265,0.0,-0.0
22312500000.0,0.21654147324079923,0.0,-13.289178256450265,0.0,-0.0
22339843750.0,0.21654147324079923,0.0,-13.289178256450265,0.0,-0.0
22367187500.0,0.21654147324079923,0.0,-13.289178256450265,0.0,-0.0
22394531250.0,0.21654147324079923,0.0,-13.289178256450265,0.0,-0.0
22421875000.0,0.21654147324079923,0.0,-13.289178256450265,0.0,-0.0
22449218750.0,0.21654147324079923,0.0,-13.289178256450265,0.0,-0.0
22476562500.0,0.21654147324079923,0.0,-13.289178256450265,0.0,-0.0
22503906250.0,0.21654147324079923,0.0,-13.289178256450265,0.0,-0.0
22531250000.0,0.21654147324079923,0.0,-13.289178256450265,0.0,-0.0
22558593750.0,0.21654147324079923,0.0,-13.289178256450265,0.0,-0.0
22585937500.0,0.21654147324079923,0.0,-13.289178256450265,0.0,-0.0
22613281250.0,0.21654147324079923,0.0,-13.289178256450265,0.0,-0.0
22640625000.0,0.21654147324079923,0.0,-13.289178256450265,0.0,-0.0
22667968750.0,0.21654147324079923,0.0,-13.289178256450265,0.0,-0.0
22695312500.0,0.21654147324079923,0.0,-13.289178256450265,0.0,-0.0
22722656250.0,0.21654147324079923,0.0,-13.289178256450265,0.0,-0.0
22750000000.0,0.21654147324079923,0.0,-13.289178256450265,0.0,-0.0
22777343750.0,0.21654147324079923,0.0,-13.289178256450265,0.0,-0.0
22804687500.0,0.21654147324079923,0.0,-13.289178256450265,0.0,-0.0
22832031250.0,0.21654147324079923,0.0,-13.289178256450265,0.0,-0.0
22859375000.0,0.21654147324079923,0.0,-13.289178256450265,0.0,-0.0
22886718750.0,0.21654147324079923,0.0,-13.289178256450265,0.0,-0.0
22914062500.0,0.21654147324079923,0.0,-13.289178256450265,0.0,-0.0
22941406250.0,0.21654147324079923,0.0,-13.289178256450265,0.0,-0.0
22968750000.0,0.21654147324079923,0.0,-13.289178256450265,0.0,-0.0
22996093750.0,0.21654147324079923,0.0,-13.289178256450265,0.0,-0.0
23023437500.0,0.21654147324079923,0.0,-13.289178256450265,0.0,-0.0
23050781250.0,0.21654147324079923,0.0,-13.289178256450265,0.0,-0.0
23078125000.0,0.21654147324079923,0.0,-13.289178256450265,0.0,-0.0
23105468750.0,0.21654147324079923,0.0,-13.289178256450265,0.0,-0.0
23132812500.0,0.21654147324079923,0.0,-13.289178256450265,0.0,-0.0
23160156250.0,0.21654147324079923,0.0,-13.289178256450265,0.0,-0.0
23187500000.0,0.21654147324079923,0.0,-13.289178256450265,0.0,-0.0
23214843750.0,0.21654147324079923,0.0,-13.289178256450265,0.0,-0.0
23242187500.0,0.21654147324079923,0.0,-13.289178256450265,0.0,-0.0
23269531250.0,0.21654147324079923,0.0,-13.289178256450265,0.0,-0.0
23296875000.0,0.21654147324079923,0.0,-13.289178256450265,0.0,-0.0
23324218750.0,0.21654147324079923,0.0,-13.289178256450265,0.0,-0.0
23351562500.0,0.21654147324079923,0.0,-13.289178256450265,0.0,-0.0
23378906250.0,0.21654147324079923,0.0,-13.289178256450265,0.0,-0.0
23406250000.0,0.21654147324079923,0.0,-13.289178256450265,0.0,-0.0
23433593750.0,0.21654147324079923,0.0,-13.289178256450265,0.0,-0.0
23460937500.0,0.21654147324079923,0.0,-13.289178256450265,0.0,-0.0
23488281250.0,0.21654147324079923,0.0,-13.289178256450265,0.0,-0.0
23515625000.0,0.21654147324079923,0.0,-13.289178256450265,0.0,-0.0
23542968750.0,0.21654147324079923,0.0,-13.289178256450265,0.0,-0.0
23570312500.0,0.21654147324079923,0.0,-13.289178256450265,0.0,-0.0
23597656250.0,0.21654147324079923,0.0,-13.289178256450265,0.0,-0.0
23625000000.0,0.21654147324079923,0.0,-13.289178256450265,0.0,-0.0
23652343750.0,0.21654147324079923,0.0,-13.289178256450265,0.0,-0.0
23679687500.0,0.21654147324079923,0.0,-13.289178256450265,0.0,-0.0
23707031250.0,0.21654147324079923,0.0,-13.289178256450265,0.0,-0.0
23734375000.0,0.21654147324079923,0.0,-13.289178256450265,0.0,-0.0
23761718750.0,0.21654147324079923,0.0,-13.289178256450265,0.0,-0.0
23789062500.0,0.21654147324079923,0.0,-13.289178256450265,0.0,-0.0
23816406250.0,0.21654147324079923,0.0,-13.289178256450265,0.0,-0.0
23843750000.0,0.21654147324079923,0.0,-13.289178256450265,0.0,-0.0
23871093750.0,0.21654147324079923,0.0,-13.289178256450265,0.0,-0.0
23898437500.0,0.21654147324079923,0.0,-13.289178256450265,0.0,-0.0
23925781250.0,0.21654147324079923,0.0,-13.289178256450265,0.0,-0.0
23953125000.0,0.21654147324079923,0.0,-13.289178256450265,0.0,-0.0
23980468750.0,0.21654147324079923,0.0,-13.289178256450265,0.0,-0.0
24007812500.0,0.21654147324079923,0.0,-13.289178256450265,0.0,-0.0
24035156250.0,0.21654147324079923,0.0,-13.289178256450265,0.0,-0.0
24062500000.0,0.21654147324079923,0.0,-13.289178256450265,0.0,-0.0
24089843750.0,0.21654147324079923,0.0,-13.289178256450265,0.0,-0.0
24117187500.0,0.21654147324079923,0.0,-13.289178256450265,0.0,-0.0
24144531250.0,0.21654147324079923,0.0,-13.289178256450265,0.0,-0.0
24171875000.0,0.21654147324079923,0.0,-13.289178256450265,0.0,-0.0
24199218750.0,0.21654147324079923,0.0,-13.289178256450265,0.0,-0.0
24226562500.0,0.21654147324079923,0.0,-13.289178256450265,0.0,-0.0
24253906250.0,0.21654147324079923,0.0,-13.289178256450265,0.0,-0.0
24281250000.0,0.21654147324079923,0.0,-13.289178256450265,0.0,-0.0
24308593750.0,0.21654147324079923,0.0,-13.289178256450265,0.0,-0.0
24335937500.0,0.21654147324079923,0.0,-13.289178256450265,0.0,-0.0
24363281250.0,0.21654147324079923,0.0,-13.289178256450265,0.0,-0.0
24390625000.0,0.21654147324079923,0.0,-13.289178256450265,0.0,-0.0
24417968750.0,0.21654147324079923,0.0,-13.289178256450265,0.0,-0.0
24445312500.0,0.21654147324079923,0.0,-13.289178256450265,0.0,-0.0
24472656250.0,0.21654147324079923,0.0,-13.289178256450265,0.0,-0.0
24500000000.0,0.21654147324079923,0.0,-13.289178256450265,0.0,-0.0
24527343750.0,0.21654147324079923,0.0,-13.289178256450265,0.0,-0.0
24554687500.0,0.21654147324079923,0.0,-13.289178256450265,0.0,-0.0
24582031250.0,0.21654147324079923,0.0,-13.289178256450265,0.0,-0.0
24609375000.0,0.21654147324079923,0.0,-13.289178256450265,0.0,-0.0
24636718750.0,0.21654147324079923,0.0,-13.289178256450265,0.0,-0.0
24664062500.0,0.21654147324079923,0.0,-13.289178256450265,0.0,-0.0
24691406250.0,0.21654147324079923,0.0,-13.289178256450265,0.0,-0.0
24718750000.0,0.21654147324079923,0.0,-13.289178256450265,0.0,-0.0
24746093750.0,0.21654147324079923,0.0,-13.289178256450265,0.0,-0.0
24773437500.0,0.21654147324079923,0.0,-13.289178256450265,0.0,-0.0
24800781250.0,0.21654147324079923,0.0,-13.289178256450265,0.0,-0.0
24828125000.0,0.21654147324079923,0.0,-13.289178256450265,0.0,-0.0
24855468750.0,0.21654147324079923,0.0,-13.289178256450265,0.0,-0.0
24882812500.0,0.21654147324079923,0.0,-13.289178256450265,0.0,-0.0
24910156250.0,0.21654147324079923,0.0,-13.289178256450265,0.0,-0.0
24937500000.0,0.21654147324079923,0.0,-13.289178256450265,0.0,-0.0
24964843750.0,0.21654147324079923,0.0,-13.289178256450265,0.0,-0.0
24992187500.0,0.21654147324079923,0.0,-13.289178256450265,0.0,-0.0
25019531250.0,0.21654147324079923,0.0,-13.289178256450265,0.0,-0.0
25046875000.0,0.21654147324079923,0.0,-13.289178256450265,0.0,-0.0
25074218750.0,0.21654147324079923,0.0,-13.289178256450265,0.0,-0.0
25101562500.0,0.21654147324079923,0.0,-13.289178256450265,0.0,-0.0
25128906250.0,0.21654147324079923,0.0,-13.289178256450265,0.0,-0.0
25156250000.0,0.21654147324079923,0.0,-13.289178256450265,0.0,-0.0
25183593750.0,0.21654147324079923,0.0,-13.289178256450265,0.0,-0.0
25210937500.0,0.21654147324079923,0.0,-13.289178256450265,0.0,-0.0
25238281250.0,0.21654147324079923,0.0,-13.289178256450265,0.0,-0.0
25265625000.0,0.21654147324079923,0.0,-13.289178256450265,0.0,-0.0
25292968750.0,0.21654147324079923,0.0,-13.289178256450265,0.0,-0.0
25320312500.0,0.21654147324079923,0.0,-13.289178256450265,0.0,-0.0
25347656250.0,0.21654147324079923,0.0,-13.289178256450265,0.0,-0.0
25375000000.0,0.21654147324079923,0.0,-13.289178256450265,0.0,-0.0
25402343750.0,0.21654147324079923,0.0,-13.289178256450265,0.0,-0.0
25429687500.0,0.21654147324079923,0.0,-13.289178256450265,0.0,-0.0
25457031250.0,0.21654147324079923,0.0,-13.289178256450265,0.0,-0.0
25484375000.0,0.21654147324079923,0.0,-13.289178256450265,0.0,-0.0
25511718750.0,0.21654147324079923,0.0,-13.289178256450265,0.0,-0.0
25539062500.0,0.21654147324079923,0.0,-13.289178256450265,0.0,-0.0
25566406250.0,0.21654147324079923,0.0,-13.289178256450265,0.0,-0.0
25593750000.0,0.21654147324079923,0.0,-13.289178256450265,0.0,-0.0
25621093750.0,0.21654147324079923,0.0,-13.289178256450265,0.0,-0.0
25648437500.0,0.21654147324079923,0.0,-13.289178256450265,0.0,-0.0
25675781250.0,0.21654147324079923,0.0,-13.289178256450265,0.0,-0.0
25703125000.0,0.21654147324079923,0.0,-13.289178256450265,0.0,-0.0
25730468750.0,0.21654147324079923,0.0,-13.289178256450265,0.0,-0.0
25757812500.0,0.21654147324079923,0.0,-13.289178256450265,0.0,-0.0
25785156250.0,0.21654147324079923,0.0,-13.289178256450265,0.0,-0.0
25812500000.0,0.21654147324079923,0.0,-13.289178256450265,0.0,-0.0
25839843750.0,0.21654147324079923,0.0,-13.289178256450265,0.0,-0.0
25867187500.0,0.21654147324079923,0.0,-13.289178256450265,0.0,-0.0
25894531250.0,0.21654147324079923,0.0,-13.289178256450265,0.0,-0.0
25921875000.0,0.21654147324079923,0.0,-13.289178256450265,0.0,-0.0
25949218750.0,0.21654147324079923,0.0,-13.289178256450265,0.0,-0.0
25976562500.0,0.21654147324079923,0.0,-13.289178256450265,0.0,-0.0
26003906250.0,0.21654147324079923,0.0,-13.289178256450265,0.0,-0.0
26031250000.0,0.21654147324079923,0.0,-13.289178256450265,0.0,-0.0
26058593750.0,0.21654147324079923,0.0,-13.289178256450265,0.0,-0.0
26085937500.0,0.21654147324079923,0.0,-13.289178256450265,0.0,-0.0
26113281250.0,0.21654147324079923,0.0,-13.289178256450265,0.0,-0.0
26140625000.0,0.21654147324079923,0.0,-13.289178256450265,0.0,-0.0
26167968750.0,0.21654147324079923,0.0,-13.289178256450265,0.0,-0.0
26195312500.0,0.21654147324079923,0.0,-13.289178256450265,0.0,-0.0
26222656250.0,0.21654147324079923,0.0,-13.289178256450265,0.0,-0.0
26250000000.0,0.21654147324079923,0.0,-13.289178256450265,0.0,-0.0
26277343750.0,0.21654147324079923,0.0,-13.289178256450265,0.0,-0.0
26304687500.0,0.21654147324079923,0.0,-13.289178256450265,0.0,-0.0
26332031250.0,0.21654147324079923,0.0,-13.289178256450265,0.0,-0.0
26359375000.0,0.21654147324079923,0.0,-13.289178256450265,0.0,-0.0
26386718750.0,0.21654147324079923,0.0,-13.289178256450265,0.0,-0.0
26414062500.0,0.21654147324079923,0.0,-13.289178256450265,0.0,-0.0
26441406250.0,0.21654147324079923,0.0,-13.289178256450265,0.0,-0.0
26468750000.0,0.21654147324079923,0.0,-13.289178256450265,0.0,-0.0
26496093750.0,0.21654147324079923,0.0,-13.289178256450265,0.0,-0.0
26523437500.0,0.21654147324079923,0.0,-13.289178256450265,0.0,-0.0
26550781250.0,0.21654147324079923,0.0,-13.289178256450265,0.0,-0.0
26578125000.0,0.21654147324079923,0.0,-13.289178256450265,0.0,-0.0
26605468750.0,0.21654147324079923,0.0,-13.289178256450265,0.0,-0.0
26632812500.0,0.21654147324079923,0.0,-13.289178256450265,0.0,-0.0
26660156250.0,0.21654147324079923,0.0,-13.289178256450265,0.0,-0.0
26687500000.0,0.21654147324079923,0.0,-13.289178256450265,0.0,-0.0
26714843750.0,0.21654147324079923,0.0,-13.289178256450265,0.0,-0.0
26742187500.0,0.21654147324079923,0.0,-13.289178256450265,0.0,-0.0
26769531250.0,0.21654147324079923,0.0,-13.289178256450265,0.0,-0.0
26796875000.0,0.21654147324079923,0.0,-13.289178256450265,0.0,-0.0
26824218750.0,0.21654147324079923,0.0,-13.289178256450265,0.0,-0.0
26851562500.0,0.21654147324079923,0.0,-13.289178256450265,0.0,-0.0
26878906250.0,0.21654147324079923,0.0,-13.289178256450265,0.0,-0.0
26906250000.0,0.21654147324079923,0.0,-13.289178256450265,0.0,-0.0
26933593750.0,0.21654147324079923,0.0,-13.289178256450265,0.0,-0.0
26960937500.0,0.21654147324079923,0.0,-13.289178256450265,0.0,-0.0
26988281250.0,0.21654147324079923,0.0,-13.289178256450265,0.0,-0.0
27015625000.0,0.21654147324079923,0.0,-13.289178256450265,0.0,-0.0
27042968750.0,0.21654147324079923,0.0,-13.289178256450265,0.0,-0.0
27070312500.0,0.21654147324079923,0.0,-13.289178256450265,0.0,-0.0
27097656250.0,0.21654147324079923,0.0,-13.289178256450265,0.0,-0.0
27125000000.0,0.21654147324079923,0.0,-13.289178256450265,0.0,-0.0
27152343750.0,0.21654147324079923,0.0,-13.289178256450265,0.0,-0.0
27179687500.0,0.21654147324079923,0.0,-13.289178256450265,0.0,-0.0
27207031250.0,0.21654147324079923,0.0,-13.289178256450265,0.0,-0.0
27234375000.0,0.21654147324079923,0.0,-13.289178256450265,0.0,-0.0
27261718750.0,0.21654147324079923,0.0,-13.289178256450265,0.0,-0.0
27289062500.0,0.21654147324079923,0.0,-13.289178256450265,0.0,-0.0
27316406250.0,0.21654147324079923,0.0,-13.289178256450265,0.0,-0.0
27343750000.0,0.21654147324079923,0.0,-13.289178256450265,0.0,-0.0
27371093750.0,0.21654147324079923,0.0,-13.289178256450265,0.0,-0.0
27398437500.0,0.21654147324079923,0.0,-13.289178256450265,0.0,-0.0
27425781250.0,0.21654147324079923,0.0,-13.289178256450265,0.0,-0.0
27453125000.0,0.21654147324079923,0.0,-13.289178256450265,0.0,-0.0
27480468750.0,0.21654147324079923,0.0,-13.289178256450265,0.0,-0.0
27507812500.0,0.21654147324079923,0.0,-13.289178256450265,0.0,-0.0
27535156250.0,0.21654147324079923,0.0,-13.289178256450265,0.0,-0.0
27562500000.0,0.21654147324079923,0.0,-13.289178256450265,0.0,-0.0
27589843750.0,0.21654147324079923,0.0,-13.289178256450265,0.0,-0.0
27617187500.0,0.21654147324079923,0.0,-13.289178256450265,0.0,-0.0
27644531250.0,0.21654147324079923,0.0,-13.289178256450265,0.0,-0.0
27671875000.0,0.21654147324079923,0.0,-13.289178256450265,0.0,-0.0
27699218750.0,0.21654147324079923,0.0,-13.289178256450265,0.0,-0.0
27726562500.0,0.21654147324079923,0.0,-13.289178256450265,0.0,-0.0
27753906250.0,0.21654147324079923,0.0,-13.289178256450265,0.0,-0.0
27781250000.0,0.21654147324079923,0.0,-13.289178256450265,0.0,-0.0
27808593750.0,0.21654147324079923,0.0,-13.289178256450265,0.0,-0.0
27835937500.0,0.21654147324079923,0.0,-13.289178256450265,0.0,-0.0
27863281250.0,0.21654147324079923,0.0,-13.289178256450265,0.0,-0.0
27890625000.0,0.21654147324079923,0.0,-13.289178256450265,0.0,-0.0
27917968750.0,0.21654147324079923,0.0,-13.289178256450265,0.0,-0.0
27945312500.0,0.21654147324079923,0.0,-13.289178256450265,0.0,-0.0
27972656250.0,0.21654147324079923,0.0,-13.289178256450265,0.0,-0.0
28000000000.0,0.21654147324079923,0.0,-13.289178256450265,0.0,-0.0
28027343750.0,0.21654147324079923,0.0,-13.289178256450265,0.0,-0.0
28054687500.0,0.21654147324079923,0.0,-13.289178256450265,0.0,-0.0
28082031250.0,0.21654147324079923,0.0,-13.289178256450265,0.0,-0.0
28109375000.0,0.21654147324079923,0.0,-13.289178256450265,0.0,-0.0
28136718750.0,0.21654147324079923,0.0,-13.289178256450265,0.0,-0.0
28164062500.0,0.21654147324079923,0.0,-13.289178256450265,0.0,-0.0
28191406250.0,0.21654147324079923,0.0,-13.289178256450265,0.0,-0.0
28218750000.0,0.21654147324079923,0.0,-13.289178256450265,0.0,-0.0
28246093750.0,0.21654147324079923,0.0,-13.289178256450265,0.0,-0.0
28273437500.0,0.21654147324079923,0.0,-13.289178256450265,0.0,-0.0
28300781250.0,0.21654147324079923,0.0,-13.289178256450265,0.0,-0.0
28328125000.0,0.21654147324079923,0.0,-13.289178256450265,0.0,-0.0
28355468750.0,0.21654147324079923,0.0,-13.289178256450265,0.0,-0.0
28382812500.0,0.21654147324079923,0.0,-13.289178256450265,0.0,-0.0
28410156250.0,0.21654147324079923,0.0,-13.289178256450265,0.0,-0.0
28437500000.0,0.21654147324079923,0.0,-13.289178256450265,0.0,-0.0
28464843750.0,0.21654147324079923,0.0,-13.289178256450265,0.0,-0.0
28492187500.0,0.21654147324079923,0.0,-13.289178256450265,0.0,-0.0
28519531250.0,0.21654147324079923,0.0,-13.289178256450265,0.0,-0.0
28546875000.0,0.21654147324079923,0.0,-13.289178256450265,0.0,-0.0
28574218750.0,0.21654147324079923,0.0,-13.289178256450265,0.0,-0.0
28601562500.0,0.21654147324079923,0.0,-13.289178256450265,0.0,-0.0
28628906250.0,0.21654147324079923,0.0,-13.289178256450265,0.0,-0.0
28656250000.0,0.21654147324079923,0.0,-13.289178256450265,0.0,-0.0
28683593750.0,0.21654147324079923,0.0,-13.289178256450265,0.0,-0.0
28710937500.0,0.21654147324079923,0.0,-13.289178256450265,0.0,-0.0
28738281250.0,0.21654147324079923,0.0,-13.289178256450265,0.0,-0.0
28765625000.0,0.21654147324079923,0.0,-13.289178256450265,0.0,-0.0
28792968750.0,0.21654147324079923,0.0,-13.289178256450265,0.0,-0.0
28820312500.0,0.21654147324079923,0.0,-13.289178256450265,0.0,-0.0
28847656250.0,0.21654147324079923,0.0,-13.289178256450265,0.0,-0.0
28875000000.0,0.21654147324079923,0.0,-13.289178256450265,0.0,-0.0
28902343750.0,0.21654147324079923,0.0,-13.289178256450265,0.0,-0.0
28929687500.0,0.21654147324079923,0.0,-13.289178256450265,0.0,-0.0
28957031250.0,0.21654147324079923,0.0,-13.289178256450265,0.0,-0.0
28984375000.0,0.21654147324079923,0.0,-13.289178256450265,0.0,-0.0
29011718750.0,0.21654147324079923,0.0,-13.289178256450265,0.0,-0.0
29039062500.0,0.21654147324079923,0.0,-13.289178256450265,0.0,-0.0
29066406250.0,0.21654147324079923,0.0,-13.289178256450265,0.0,-0.0
29093750000.0,0.21654147324079923,0.0,-13.289178256450265,0.0,-0.0
29121093750.0,0.21654147324079923,0.0,-13.289178256450265,0.0,-0.0
29148437500.0,0.21654147324079923,0.0,-13.289178256450265,0.0,-0.0
29175781250.0,0.21654147324079923,0.0,-13.289178256450265,0.0,-0.0
29203125000.0,0.21654147324079923,0.0,-13.289178256450265,0.0,-0.0
29230468750.0,0.21654147324079923,0.0,-13.289178256450265,0.0,-0.0
29257812500.0,0.21654147324079923,0.0,-13.289178256450265,0.0,-0.0
29285156250.0,0.21654147324079923,0.0,-13.289178256450265,0.0,-0.0
29312500000.0,0.21654147324079923,0.0,-13.289178256450265,0.0,-0.0
29339843750.0,0.21654147324079923,0.0,-13.289178256450265,0.0,-0.0
29367187500.0,0.21654147324079923,0.0,-13.289178256450265,0.0,-0.0
29394531250.0,0.21654147324079923,0.0,-13.289178256450265,0.0,-0.0
29421875000.0,0.21654147324079923,0.0,-13.289178256450265,0.0,-0.0
29449218750.0,0.21654147324079923,0.0,-13.289178256450265,0.0,-0.0
29476562500.0,0.21654147324079923,0.0,-13.289178256450265,0.0,-0.0
29503906250.0,0.21654147324079923,0.0,-13.289178256450265,0.0,-0.0
29531250000.0,0.21654147324079923,0.0,-13.289178256450265,0.0,-0.0
29558593750.0,0.21654147324079923,0.0,-13.289178256450265,0.0,-0.0
29585937500.0,0.21654147324079923,0.0,-13.289178256450265,0.0,-0.0
29613281250.0,0.21654147324079923,0.0,-13.289178256450265,0.0,-0.0
29640625000.0,0.21654147324079923,0.0,-13.289178256450265,0.0,-0.0
29667968750.0,0.21654147324079923,0.0,-13.289178256450265,0.0,-0.0
29695312500.0,0.21654147324079923,0.0,-13.289178256450265,0.0,-0.0
29722656250.0,0.21654147324079923,0.0,-13.289178256450265,0.0,-0.0
29750000000.0,0.21654147324079923,0.0,-13.289178256450265,0.0,-0.0
29777343750.0,0.21654147324079923,0.0,-13.289178256450265,0.0,-0.0
29804687500.0,0.21654147324079923,0.0,-13.289178256450265,0.0,-0.0
29832031250.0,0.21654147324079923,0.0,-13.289178256450265,0.0,-0.0
29859375000.0,0.21654147324079923,0.0,-13.289178256450265,0.0,-0.0
29886718750.0,0.21654147324079923,0.0,-13.289178256450265,0.0,-0.0
29914062500.0,0.21654147324079923,0.0,-13.289178256450265,0.0,-0.0
29941406250.0,0.21654147324079923,0.0,-13.289178256450265,0.0,-0.0
29968750000.0,0.21654147324079923,0.0,-13.289178256450265,0.0,-0.0
29996093750.0,0.21654147324079923,0.0,-13.289178256450265,0.0,-0.0
30023437500.0,0.21654147324079923,0.0,-13.289178256450265,0.0,-0.0
30050781250.0,0.21654147324079923,0.0,-13.289178256450265,0.0,-0.0
30078125000.0,0.21654147324079923,0.0,-13.289178256450265,0.0,-0.0
30105468750.0,0.21654147324079923,0.0,-13.289178256450265,0.0,-0.0
30132812500.0,0.21654147324079923,0.0,-13.289178256450265,0.0,-0.0
30160156250.0,0.21654147324079923,0.0,-13.289178256450265,0.0,-0.0
30187500000.0,0.21654147324079923,0.0,-13.289178256450265,0.0,-0.0
30214843750.0,0.21654147324079923,0.0,-13.289178256450265,0.0,-0.0
30242187500.0,0.21654147324079923,0.0,-13.289178256450265,0.0,-0.0
30269531250.0,0.21654147324079923,0.0,-13.289178256450265,0.0,-0.0
30296875000.0,0.21654147324079923,0.0,-13.289178256450265,0.0,-0.0
30324218750.0,0.21654147324079923,0.0,-13.289178256450265,0.0,-0.0
30351562500.0,0.21654147324079923,0.0,-13.289178256450265,0.0,-0.0
30378906250.0,0.21654147324079923,0.0,-13.289178256450265,0.0,-0.0
30406250000.0,0.21654147324079923,0.0,-13.289178256450265,0.0,-0.0
30433593750.0,0.21654147324079923,0.0,-13.289178256450265,0.0,-0.0
30460937500.0,0.21654147324079923,0.0,-13.289178256450265,0.0,-0.0
30488281250.0,0.21654147324079923,0.0,-13.289178256450265,0.0,-0.0
30515625000.0,0.21654147324079923,0.0,-13.289178256450265,0.0,-0.0
30542968750.0,0.21654147324079923,0.0,-13.289178256450265,0.0,-0.0
30570312500.0,0.21654147324079923,0.0,-13.289178256450265,0.0,-0.0
30597656250.0,0.21654147324079923,0.0,-13.289178256450265,0.0,-0.0
30625000000.0,0.21654147324079923,0.0,-13.289178256450265,0.0,-0.0
30652343750.0,0.21654147324079923,0.0,-13.289178256450265,0.0,-0.0
30679687500.0,0.21654147324079923,0.0,-13.289178256450265,0.0,-0.0
30707031250.0,0.21654147324079923,0.0,-13.289178256450265,0.0,-0.0
30734375000.0,0.21654147324079923,0.0,-13.289178256450265,0.0,-0.0
30761718750.0,0.21654147324079923,0.0,-13.289178256450265,0.0,-0.0
30789062500.0,0.21654147324079923,0.0,-13.289178256450265,0.0,-0.0
30816406250.0,0.21654147324079923,0.0,-13.289178256450265,0.0,-0.0
30843750000.0,0.21654147324079923,0.0,-13.289178256450265,0.0,-0.0
30871093750.0,0.21654147324079923,0.0,-13.289178256450265,0.0,-0.0
30898437500.0,0.21654147324079923,0.0,-13.289178256450265,0.0,-0.0
30925781250.0,0.21654147324079923,0.0,-13.289178256450265,0.0,-0.0
30953125000.0,0.21654147324079923,0.0,-13.289178256450265,0.0,-0.0
30980468750.0,0.21654147324079923,0.0,-13.289178256450265,0.0,-0.0
31007812500.0,0.21654147324079923,0.0,-13.289178256450265,0.0,-0.0
31035156250.0,0.21654147324079923,0.0,-13.289178256450265,0.0,-0.0
31062500000.0,0.21654147324079923,0.0,-13.289178256450265,0.0,-0.0
31089843750.0,0.21654147324079923,0.0,-13.289178256450265,0.0,-0.0
31117187500.0,0.21654147324079923,0.0,-13.289178256450265,0.0,-0.0
31144531250.0,0.21654147324079923,0.0,-13.289178256450265,0.0,-0.0
31171875000.0,0.21654147324079923,0.0,-13.289178256450265,0.0,-0.0
31199218750.0,0.21654147324079923,0.0,-13.289178256450265,0.0,-0.0
31226562500.0,0.21654147324079923,0.0,-13.289178256450265,0.0,-0.0
31253906250.0,0.21654147324079923,0.0,-13.289178256450265,0.0,-0.0
31281250000.0,0.21654147324079923,0.0,-13.289178256450265,0.0,-0.0
31308593750.0,0.21654147324079923,0.0,-13.289178256450265,0.0,-0.0
31335937500.0,0.21654147324079923,0.0,-13.289178256450265,0.0,-0.0
31363281250.0,0.21654147324079923,0.0,-13.289178256450265,0.0,-0.0
31390625000.0,0.21654147324079923,0.0,-13.289178256450265,0.0,-0.0
31417968750.0,0.21654147324079923,0.0,-13.289178256450265,0.0,-0.0
31445312500.0,0.21654147324079923,0.0,-13.289178256450265,0.0,-0.0
31472656250.0,0.21654147324079923,0.0,-13.289178256450265,0.0,-0.0
31500000000.0,0.21654147324079923,0.0,-13.289178256450265,0.0,-0.0
31527343750.0,0.21654147324079923,0.0,-13.289178256450265,0.0,-0.0
31554687500.0,0.21654147324079923,0.0,-13.289178256450265,0.0,-0.0
31582031250.0,0.21654147324079923,0.0,-13.289178256450265,0.0,-0.0
31609375000.0,0.21654147324079923,0.0,-13.289178256450265,0.0,-0.0
31636718750.0,0.21654147324079923,0.0,-13.289178256450265,0.0,-0.0
31664062500.0,0.21654147324079923,0.0,-13.289178256450265,0.0,-0.0
31691406250.0,0.21654147324079923,0.0,-13.289178256450265,0.0,-0.0
31718750000.0,0.21654147324079923,0.0,-13.289178256450265,0.0,-0.0
31746093750.0,0.21654147324079923,0.0,-13.289178256450265,0.0,-0.0
31773437500.0,0.21654147324079923,0.0,-13.289178256450265,0.0,-0.0
31800781250.0,0.21654147324079923,0.0,-13.289178256450265,0.0,-0.0
31828125000.0,0.21654147324079923,0.0,-13.289178256450265,0.0,-0.0
31855468750.0,0.21654147324079923,0.0,-13.289178256450265,0.0,-0.0
31882812500.0,0.21654147324079923,0.0,-13.289178256450265,0.0,-0.0
31910156250.0,0.21654147324079923,0.0,-13.289178256450265,0.0,-0.0
31937500000.0,0.21654147324079923,0.0,-13.289178256450265,0.0,-0.0
31964843750.0,0.21654147324079923,0.0,-13.289178256450265,0.0,-0.0
31992187500.0,0.21654147324079923,0.0,-13.289178256450265,0.0,-0.0
32019531250.0,0.21654147324079923,0.0,-13.289178256450265,0.0,-0.0
32046875000.0,0.21654147324079923,0.0,-13.289178256450265,0.0,-0.0
32074218750.0,0.21654147324079923,0.0,-13.289178256450265,0.0,-0.0
32101562500.0,0.21654147324079923,0.0,-13.289178256450265,0.0,-0.0
32128906250.0,0.21654147324079923,0.0,-13.289178256450265,0.0,-0.0
32156250000.0,0.21654147324079923,0.0,-13.289178256450265,0.0,-0.0
32183593750.0,0.21654147324079923,0.0,-13.289178256450265,0.0,-0.0
32210937500.0,0.21654147324079923,0.0,-13.289178256450265,0.0,-0.0
32238281250.0,0.21654147324079923,0.0,-13.289178256450265,0.0,-0.0
32265625000.0,0.21654147324079923,0.0,-13.289178256450265,0.0,-0.0
32292968750.0,0.21654147324079923,0.0,-13.289178256450265,0.0,-0.0
32320312500.0,0.21654147324079923,0.0,-13.289178256450265,0.0,-0.0
32347656250.0,0.21654147324079923,0.0,-13.289178256450265,0.0,-0.0
32375000000.0,0.21654147324079923,0.0,-13.289178256450265,0.0,-0.0
32402343750.0,0.21654147324079923,0.0,-13.289178256450265,0.0,-0.0
32429687500.0,0.21654147324079923,0.0,-13.289178256450265,0.0,-0.0
32457031250.0,0.21654147324079923,0.0,-13.289178256450265,0.0,-0.0
32484375000.0,0.21654147324079923,0.0,-13.289178256450265,0.0,-0.0
32511718750.0,0.21654147324079923,0.0,-13.289178256450265,0.0,-0.0
32539062500.0,0.21654147324079923,0.0,-13.289178256450265,0.0,-0.0
32566406250.0,0.21654147324079923,0.0,-13.289178256450265,0.0,-0.0
32593750000.0,0.21654147324079923,0.0,-13.289178256450265,0.0,-0.0
32621093750.0,0.21654147324079923,0.0,-13.289178256450265,0.0,-0.0
32648437500.0,0.21654147324079923,0.0,-13.289178256450265,0.0,-0.0
32675781250.0,0.21654147324079923,0.0,-13.289178256450265,0.0,-0.0
32703125000.0,0.21654147324079923,0.0,-13.289178256450265,0.0,-0.0
32730468750.0,0.21654147324079923,0.0,-13.289178256450265,0.0,-0.0
32757812500.0,0.21654147324079923,0.0,-13.289178256450265,0.0,-0.0
32785156250.0,0.21654147324079923,0.0,-13.289178256450265,0.0,-0.0
32812500000.0,0.21654147324079923,0.0,-13.289178256450265,0.0,-0.0
32839843750.0,0.21654147324079923,0.0,-13.289178256450265,0.0,-0.0
32867187500.0,0.21654147324079923,0.0,-13.289178256450265,0.0,-0.0
32894531250.0,0.21654147324079923,0.0,-13.289178256450265,0.0,-0.0
32921875000.0,0.21654147324079923,0.0,-13.289178256450265,0.0,-0.0
32949218750.0,0.21654147324079923,0.0,-13.289178256450265,0.0,-0.0
32976562500.0,0.21654147324079923,0.0,-13.289178256450265,0.0,-0.0
33003906250.0,0.21654147324079923,0.0,-13.289178256450265,0.0,-0.0
33031250000.0,0.21654147324079923,0.0,-13.289178256450265,0.0,-0.0
33058593750.0,0.21654147324079923,0.0,-13.289178256450265,0.0,-0.0
33085937500.0,0.21654147324079923,0.0,-13.289178256450265,0.0,-0.0
33113281250.0,0.21654147324079923,0.0,-13.289178256450265,0.0,-0.0
33140625000.0,0.21654147324079923,0.0,-13.289178256450265,0.0,-0.0
33167968750.0,0.21654147324079923,0.0,-13.289178256450265,0.0,-0.0
33195312500.0,0.21654147324079923,0.0,-13.289178256450265,0.0,-0.0
33222656250.0,0.21654147324079923,0.0,-13.289178256450265,0.0,-0.0
33250000000.0,0.21654147324079923,0.0,-13.289178256450265,0.0,-0.0
33277343750.0,0.21654147324079923,0.0,-13.289178256450265,0.0,-0.0
33304687500.0,0.21654147324079923,0.0,-13.289178256450265,0.0,-0.0
33332031250.0,0.21654147324079923,0.0,-13.289178256450265,0.0,-0.0
33359375000.0,0.21654147324079923,0.0,-13.289178256450265,0.0,-0.0
33386718750.0,0.21654147324079923,0.0,-13.289178256450265,0.0,-0.0
33414062500.0,0.21654147324079923,0.0,-13.289178256450265,0.0,-0.0
33441406250.0,0.21654147324079923,0.0,-13.289178256450265,0.0,-0.0
33468750000.0,0.21654147324079923,0.0,-13.289178256450265,0.0,-0.0
33496093750.0,0.21654147324079923,0.0,-13.289178256450265,0.0,-0.0
33523437500.0,0.21654147324079923,0.0,-13.289178256450265,0.0,-0.0
33550781250.0,0.21654147324079923,0.0,-13.289178256450265,0.0,-0.0
33578125000.0,0.21654147324079923,0.0,-13.289178256450265,0.0,-0.0
33605468750.0,0.21654147324079923,0.0,-13.289178256450265,0.0,-0.0
33632812500.0,0.21654147324079923,0.0,-13.289178256450265,0.0,-0.0
33660156250.0,0.21654147324079923,0.0,-13.289178256450265,0.0,-0.0
33687500000.0,0.21654147324079923,0.0,-13.289178256450265,0.0,-0.0
33714843750.0,0.21654147324079923,0.0,-13.289178256450265,0.0,-0.0
33742187500.0,0.21654147324079923,0.0,-13.289178256450265,0.0,-0.0
33769531250.0,0.21654147324079923,0.0,-13.289178256450265,0.0,-0.0
33796875000.0,0.21654147324079923,0.0,-13.289178256450265,0.0,-0.0
33824218750.0,0.21654147324079923,0.0,-13.289178256450265,0.0,-0.0
33851562500.0,0.21654147324079923,0.0,-13.289178256450265,0.0,-0.0
33878906250.0,0.21654147324079923,0.0,-13.289178256450265,0.0,-0.0
33906250000.0,0.21654147324079923,0.0,-13.289178256450265,0.0,-0.0
33933593750.0,0.21654147324079923,0.0,-13.289178256450265,0.0,-0.0
33960937500.0,0.21654147324079923,0.0,-13.289178256450265,0.0,-0.0
33988281250.0,0.21654147324079923,0.0,-13.289178256450265,0.0,-0.0
34015625000.0,0.21654147324079923,0.0,-13.289178256450265,0.0,-0.0
34042968750.0,0.21654147324079923,0.0,-13.289178256450265,0.0,-0.0
34070312500.0,0.21654147324079923,0.0,-13.289178256450265,0.0,-0.0
34097656250.0,0.21654147324079923,0.0,-13.289178256450265,0.0,-0.0
34125000000.0,0.21654147324079923,0.0,-13.289178256450265,0.0,-0.0
34152343750.0,0.21654147324079923,0.0,-13.289178256450265,0.0,-0.0
34179687500.0,0.21654147324079923,0.0,-13.289178256450265,0.0,-0.0
34207031250.0,0.21654147324079923,0.0,-13.289178256450265,0.0,-0.0
34234375000.0,0.21654147324079923,0.0,-13.289178256450265,0.0,-0.0
34261718750.0,0.21654147324079923,0.0,-13.289178256450265,0.0,-0.0
34289062500.0,0.21654147324079923,0.0,-13.289178256450265,0.0,-0.0
34316406250.0,0.21654147324079923,0.0,-13.289178256450265,0.0,-0.0
34343750000.0,0.21654147324079923,0.0,-13.289178256450265,0.0,-0.0
34371093750.0,0.21654147324079923,0.0,-13.289178256450265,0.0,-0.0
34398437500.0,0.21654147324079923,0.0,-13.289178256450265,0.0,-0.0
34425781250.0,0.21654147324079923,0.0,-13.289178256450265,0.0,-0.0
34453125000.0,0.21654147324079923,0.0,-13.289178256450265,0.0,-0.0
34480468750.0,0.21654147324079923,0.0,-13.289178256450265,0.0,-0.0
34507812500.0,0.21654147324079923,0.0,-13.289178256450265,0.0,-0.0
34535156250.0,0.21654147324079923,0.0,-13.289178256450265,0.0,-0.0
34562500000.0,0.21654147324079923,0.0,-13.289178256450265,0.0,-0.0
34589843750.0,0.21654147324079923,0.0,-13.289178256450265,0.0,-0.0
34617187500.0,0.21654147324079923,0.0,-13.289178256450265,0.0,-0.0
34644531250.0,0.21654147324079923,0.0,-13.289178256450265,0.0,-0.0
34671875000.0,0.21654147324079923,0.0,-13.289178256450265,0.0,-0.0
34699218750.0,0.21654147324079923,0.0,-13.289178256450265,0.0,-0.0
34726562500.0,0.21654147324079923,0.0,-13.289178256450265,0.0,-0.0
34753906250.0,0.21654147324079923,0.0,-13.289178256450265,0.0,-0.0
34781250000.0,0.21654147324079923,0.0,-13.289178256450265,0.0,-0.0
34808593750.0,0.21654147324079923,0.0,-13.289178256450265,0.0,-0.0
34835937500.0,0.21654147324079923,0.0,-13.289178256450265,0.0,-0.0
34863281250.0,0.21654147324079923,0.0,-13.289178256450265,0.0,-0.0
34890625000.0,0.21654147324079923,0.0,-13.289178256450265,0.0,-0.0
34917968750.0,0.21654147324079923,0.0,-13.289178256450265,0.0,-0.0
34945312500.0,0.21654147324079923,0.0,-13.289178256450265,0.0,-0.0
34972656250.0,0.21654147324079923,0.0,-13.289178256450265,0.0,-0.0
35000000000.0,0.21654147324079923,0.0,-13.289178256450265,0.0,-0.0
35027343750.0,0.21654147324079923,0.0,-13.289178256450265,0.0,-0.0
35054687500.0,0.21654147324079923,0.0,-13.289178256450265,0.0,-0.0
35082031250.0,0.21654147324079923,0.0,-13.289178256450265,0.0,-0.0
35109375000.0,0.21654147324079923,0.0,-13.289178256450265,0.0,-0.0
35136718750.0,0.21654147324079923,0.0,-13.289178256450265,0.0,-0.0
35164062500.0,0.21654147324079923,0.0,-13.289178256450265,0.0,-0.0
35191406250.0,0.21654147324079923,0.0,-13.289178256450265,0.0,-0.0
35218750000.0,0.21654147324079923,0.0,-13.289178256450265,0.0,-0.0
35246093750.0,0.21654147324079923,0.0,-13.289178256450265,0.0,-0.0
35273437500.0,0.21654147324079923,0.0,-13.289178256450265,0.0,-0.0
35300781250.0,0.21654147324079923,0.0,-13.289178256450265,0.0,-0.0
35328125000.0,0.21654147324079923,0.0,-13.289178256450265,0.0,-0.0
35355468750.0,0.21654147324079923,0.0,-13.289178256450265,0.0,-0.0
35382812500.0,0.21654147324079923,0.0,-13.289178256450265,0.0,-0.0
35410156250.0,0.21654147324079923,0.0,-13.289178256450265,0.0,-0.0
35437500000.0,0.21654147324079923,0.0,-13.289178256450265,0.0,-0.0
35464843750.0,0.21654147324079923,0.0,-13.289178256450265,0.0,-0.0
35492187500.0,0.21654147324079923,0.0,-13.289178256450265,0.0,-0.0
35519531250.0,0.21654147324079923,0.0,-13.289178256450265,0.0,-0.0
35546875000.0,0.21654147324079923,0.0,-13.289178256450265,0.0,-0.0
35574218750.0,0.21654147324079923,0.0,-13.289178256450265,0.0,-0.0
35601562500.0,0.21654147324079923,0.0,-13.289178256450265,0.0,-0.0
35628906250.0,0.21654147324079923,0.0,-13.289178256450265,0.0,-0.0
35656250000.0,0.21654147324079923,0.0,-13.289178256450265,0.0,-0.0
35683593750.0,0.21654147324079923,0.0,-13.289178256450265,0.0,-0.0
35710937500.0,0.21654147324079923,0.0,-13.289178256450265,0.0,-0.0
35738281250.0,0.21654147324079923,0.0,-13.289178256450265,0.0,-0.0
35765625000.0,0.21654147324079923,0.0,-13.289178256450265,0.0,-0.0
35792968750.0,0.21654147324079923,0.0,-13.289178256450265,0.0,-0.0
35820312500.0,0.21654147324079923,0.0,-13.289178256450265,0.0,-0.0
35847656250.0,0.21654147324079923,0.0,-13.289178256450265,0.0,-0.0
35875000000.0,0.21654147324079923,0.0,-13.289178256450265,0.0,-0.0
35902343750.0,0.21654147324079923,0.0,-13.289178256450265,0.0,-0.0
35929687500.0,0.21654147324079923,0.0,-13.289178256450265,0.0,-0.0
35957031250.0,0.21654147324079923,0.0,-13.289178256450265,0.0,-0.0
35984375000.0,0.21654147324079923,0.0,-13.289178256450265,0.0,-0.0
36011718750.0,0.21654147324079923,0.0,-13.289178256450265,0.0,-0.0
36039062500.0,0.21654147324079923,0.0,-13.289178256450265,0.0,-0.0
36066406250.0,0.21654147324079923,0.0,-13.289178256450265,0.0,-0.0
36093750000.0,0.21654147324079923,0.0,-13.289178256450265,0.0,-0.0
36121093750.0,0.21654147324079923,0.0,-13.289178256450265,0.0,-0.0
36148437500.0,0.21654147324079923,0.0,-13.289178256450265,0.0,-0.0
36175781250.0,0.21654147324079923,0.0,-13.289178256450265,0.0,-0.0
36203125000.0,0.21654147324079923,0.0,-13.289178256450265,0.0,-0.0
36230468750.0,0.21654147324079923,0.0,-13.289178256450265,0.0,-0.0
36257812500.0,0.21654147324079923,0.0,-13.289178256450265,0.0,-0.0
36285156250.0,0.21654147324079923,0.0,-13.289178256450265,0.0,-0.0
36312500000.0,0.21654147324079923,0.0,-13.289178256450265,0.0,-0.0
36339843750.0,0.21654147324079923,0.0,-13.289178256450265,0.0,-0.0
36367187500.0,0.21654147324079923,0.0,-13.289178256450265,0.0,-0.0
36394531250.0,0.21654147324079923,0.0,-13.289178256450265,0.0,-0.0
36421875000.0,0.21654147324079923,0.0,-13.289178256450265,0.0,-0.0
36449218750.0,0.21654147324079923,0.0,-13.289178256450265,0.0,-0.0
36476562500.0,0.21654147324079923,0.0,-13.289178256450265,0.0,-0.0
36503906250.0,0.21654147324079923,0.0,-13.289178256450265,0.0,-0.0
36531250000.0,0.21654147324079923,0.0,-13.289178256450265,0.0,-0.0
36558593750.0,0.21654147324079923,0.0,-13.289178256450265,0.0,-0.0
36585937500.0,0.21654147324079923,0.0,-13.289178256450265,0.0,-0.0
36613281250.0,0.21654147324079923,0.0,-13.289178256450265,0.0,-0.0
36640625000.0,0.21654147324079923,0.0,-13.289178256450265,0.0,-0.0
36667968750.0,0.21654147324079923,0.0,-13.289178256450265,0.0,-0.0
36695312500.0,0.21654147324079923,0.0,-13.289178256450265,0.0,-0.0
36722656250.0,0.21654147324079923,0.0,-13.289178256450265,0.0,-0.0
36750000000.0,0.21654147324079923,0.0,-13.289178256450265,0.0,-0.0
36777343750.0,0.21654147324079923,0.0,-13.289178256450265,0.0,-0.0
36804687500.0,0.21654147324079923,0.0,-13.289178256450265,0.0,-0.0
36832031250.0,0.21654147324079923,0.0,-13.289178256450265,0.0,-0.0
36859375000.0,0.21654147324079923,0.0,-13.289178256450265,0.0,-0.0
36886718750.0,0.21654147324079923,0.0,-13.289178256450265,0.0,-0.0
36914062500.0,0.21654147324079923,0.0,-13.289178256450265,0.0,-0.0
36941406250.0,0.21654147324079923,0.0,-13.289178256450265,0.0,-0.0
36968750000.0,0.21654147324079923,0.0,-13.289178256450265,0.0,-0.0
36996093750.0,0.21654147324079923,0.0,-13.289178256450265,0.0,-0.0
37023437500.0,0.21654147324079923,0.0,-13.289178256450265,0.0,-0.0
37050781250.0,0.21654147324079923,0.0,-13.289178256450265,0.0,-0.0
37078125000.0,0.21654147324079923,0.0,-13.289178256450265,0.0,-0.0
37105468750.0,0.21654147324079923,0.0,-13.289178256450265,0.0,-0.0
37132812500.0,0.21654147324079923,0.0,-13.289178256450265,0.0,-0.0
37160156250.0,0.21654147324079923,0.0,-13.289178256450265,0.0,-0.0
37187500000.0,0.21654147324079923,0.0,-13.289178256450265,0.0,-0.0
37214843750.0,0.21654147324079923,0.0,-13.289178256450265,0.0,-0.0
37242187500.0,0.21654147324079923,0.0,-13.289178256450265,0.0,-0.0
37269531250.0,0.21654147324079923,0.0,-13.289178256450265,0.0,-0.0
37296875000.0,0.21654147324079923,0.0,-13.289178256450265,0.0,-0.0
37324218750.0,0.21654147324079923,0.0,-13.289178256450265,0.0,-0.0
37351562500.0,0.21654147324079923,0.0,-13.289178256450265,0.0,-0.0
37378906250.0,0.21654147324079923,0.0,-13.289178256450265,0.0,-0.0
37406250000.0,0.21654147324079923,0.0,-13.289178256450265,0.0,-0.0
37433593750.0,0.21654147324079923,0.0,-13.289178256450265,0.0,-0.0
37460937500.0,0.21654147324079923,0.0,-13.289178256450265,0.0,-0.0
37488281250.0,0.21654147324079923,0.0,-13.289178256450265,0.0,-0.0
37515625000.0,0.21654147324079923,0.0,-13.289178256450265,0.0,-0.0
37542968750.0,0.21654147324079923,0.0,-13.289178256450265,0.0,-0.0
37570312500.0,0.21654147324079923,0.0,-13.289178256450265,0.0,-0.0
37597656250.0,0.21654147324079923,0.0,-13.289178256450265,0.0,-0.0
37625000000.0,0.21654147324079923,0.0,-13.289178256450265,0.0,-0.0
37652343750.0,0.21654147324079923,0.0,-13.289178256450265,0.0,-0.0
37679687500.0,0.21654147324079923,0.0,-13.289178256450265,0.0,-0.0
37707031250.0,0.21654147324079923,0.0,-13.289178256450265,0.0,-0.0
37734375000.0,0.21654147324079923,0.0,-13.289178256450265,0.0,-0.0
37761718750.0,0.21654147324079923,0.0,-13.289178256450265,0.0,-0.0
37789062500.0,0.21654147324079923,0.0,-13.289178256450265,0.0,-0.0
37816406250.0,0.21654147324079923,0.0,-13.289178256450265,0.0,-0.0
37843750000.0,0.21654147324079923,0.0,-13.289178256450265,0.0,-0.0
37871093750.0,0.21654147324079923,0.0,-13.289178256450265,0.0,-0.0
37898437500.0,0.21654147324079923,0.0,-13.289178256450265,0.0,-0.0
37925781250.0,0.21654147324079923,0.0,-13.289178256450265,0.0,-0.0
37953125000.0,0.21654147324079923,0.0,-13.289178256450265,0.0,-0.0
37980468750.0,0.21654147324079923,0.0,-13.289178256450265,0.0,-0.0
38007812500.0,0.21654147324079923,0.0,-13.289178256450265,0.0,-0.0
38035156250.0,0.21654147324079923,0.0,-13.289178256450265,0.0,-0.0
38062500000.0,0.21654147324079923,0.0,-13.289178256450265,0.0,-0.0
38089843750.0,0.21654147324079923,0.0,-13.289178256450265,0.0,-0.0
38117187500.0,0.21654147324079923,0.0,-13.289178256450265,0.0,-0.0
38144531250.0,0.21654147324079923,0.0,-13.289178256450265,0.0,-0.0
38171875000.0,0.21654147324079923,0.0,-13.289178256450265,0.0,-0.0
38199218750.0,0.21654147324079923,0.0,-13.289178256450265,0.0,-0.0
38226562500.0,0.21654147324079923,0.0,-13.289178256450265,0.0,-0.0
38253906250.0,0.21654147324079923,0.0,-13.289178256450265,0.0,-0.0
38281250000.0,0.21654147324079923,0.0,-13.289178256450265,0.0,-0.0
38308593750.0,0.21654147324079923,0.0,-13.289178256450265,0.0,-0.0
38335937500.0,0.21654147324079923,0.0,-13.289178256450265,0.0,-0.0
38363281250.0,0.21654147324079923,0.0,-13.289178256450265,0.0,-0.0
38390625000.0,0.21654147324079923,0.0,-13.289178256450265,0.0,-0.0
38417968750.0,0.21654147324079923,0.0,-13.289178256450265,0.0,-0.0
38445312500.0,0.21654147324079923,0.0,-13.289178256450265,0.0,-0.0
38472656250.0,0.21654147324079923,0.0,-13.289178256450265,0.0,-0.0
38500000000.0,0.21654147324079923,0.0,-13.289178256450265,0.0,-0.0
38527343750.0,0.21654147324079923,0.0,-13.289178256450265,0.0,-0.0
38554687500.0,0.21654147324079923,0.0,-13.289178256450265,0.0,-0.0
38582031250.0,0.21654147324079923,0.0,-13.289178256450265,0.0,-0.0
38609375000.0,0.21654147324079923,0.0,-13.289178256450265,0.0,-0.0
38636718750.0,0.21654147324079923,0.0,-13.289178256450265,0.0,-0.0
38664062500.0,0.21654147324079923,0.0,-13.289178256450265,0.0,-0.0
38691406250.0,0.21654147324079923,0.0,-13.289178256450265,0.0,-0.0
38718750000.0,0.21654147324079923,0.0,-13.289178256450265,0.0,-0.0
38746093750.0,0.21654147324079923,0.0,-13.289178256450265,0.0,-0.0
38773437500.0,0.21654147324079923,0.0,-13.289178256450265,0.0,-0.0
38800781250.0,0.21654147324079923,0.0,-13.289178256450265,0.0,-0.0
38828125000.0,0.21654147324079923,0.0,-13.289178256450265,0.0,-0.0
38855468750.0,0.21654147324079923,0.0,-13.289178256450265,0.0,-0.0
38882812500.0,0.21654147324079923,0.0,-13.289178256450265,0.0,-0.0
38910156250.0,0.21654147324079923,0.0,-13.289178256450265,0.0,-0.0
38937500000.0,0.21654147324079923,0.0,-13.289178256450265,0.0,-0.0
38964843750.0,0.21654147324079923,0.0,-13.289178256450265,0.0,-0.0
38992187500.0,0.21654147324079923,0.0,-13.289178256450265,0.0,-0.0
39019531250.0,0.21654147324079923,0.0,-13.289178256450265,0.0,-0.0
39046875000.0,0.21654147324079923,0.0,-13.289178256450265,0.0,-0.0
39074218750.0,0.21654147324079923,0.0,-13.289178256450265,0.0,-0.0
39101562500.0,0.21654147324079923,0.0,-13.289178256450265,0.0,-0.0
39128906250.0,0.21654147324079923,0.0,-13.289178256450265,0.0,-0.0
39156250000.0,0.21654147324079923,0.0,-13.289178256450265,0.0,-0.0
39183593750.0,0.21654147324079923,0.0,-13.289178256450265,0.0,-0.0
39210937500.0,0.21654147324079923,0.0,-13.289178256450265,0.0,-0.0
39238281250.0,0.21654147324079923,0.0,-13.289178256450265,0.0,-0.0
39265625000.0,0.21654147324079923,0.0,-13.289178256450265,0.0,-0.0
39292968750.0,0.21654147324079923,0.0,-13.289178256450265,0.0,-0.0
39320312500.0,0.21654147324079923,0.0,-13.289178256450265,0.0,-0.0
39347656250.0,0.21654147324079923,0.0,-13.289178256450265,0.0,-0.0
39375000000.0,0.21654147324079923,0.0,-13.289178256450265,0.0,-0.0
39402343750.0,0.21654147324079923,0.0,-13.289178256450265,0.0,-0.0
39429687500.0,0.21654147324079923,0.0,-13.289178256450265,0.0,-0.0
39457031250.0,0.21654147324079923,0.0,-13.289178256450265,0.0,-0.0
39484375000.0,0.21654147324079923,0.0,-13.289178256450265,0.0,-0.0
39511718750.0,0.21654147324079923,0.0,-13.289178256450265,0.0,-0.0
39539062500.0,0.21654147324079923,0.0,-13.289178256450265,0.0,-0.0
39566406250.0,0.21654147324079923,0.0,-13.289178256450265,0.0,-0.0
39593750000.0,0.21654147324079923,0.0,-13.289178256450265,0.0,-0.0
39621093750.0,0.21654147324079923,0.0,-13.289178256450265,0.0,-0.0
39648437500.0,0.21654147324079923,0.0,-13.289178256450265,0.0,-0.0
39675781250.0,0.21654147324079923,0.0,-13.289178256450265,0.0,-0.0
39703125000.0,0.21654147324079923,0.0,-13.289178256450265,0.0,-0.0
39730468750.0,0.21654147324079923,0.0,-13.289178256450265,0.0,-0.0
39757812500.0,0.21654147324079923,0.0,-13.289178256450265,0.0,-0.0
39785156250.0,0.21654147324079923,0.0,-13.289178256450265,0.0,-0.0
39812500000.0,0.21654147324079923,0.0,-13.289178256450265,0.0,-0.0
39839843750.0,0.21654147324079923,0.0,-13.289178256450265,0.0,-0.0
39867187500.0,0.21654147324079923,0.0,-13.289178256450265,0.0,-0.0
39894531250.0,0.21654147324079923,0.0,-13.289178256450265,0.0,-0.0
39921875000.0,0.21654147324079923,0.0,-13.289178256450265,0.0,-0.0
39949218750.0,0.21654147324079923,0.0,-13.289178256450265,0.0,-0.0
39976562500.0,0.21654147324079923,0.0,-13.289178256450265,0.0,-0.0
40003906250.0,0.21654147324079923,0.0,-13.289178256450265,0.0,-0.0
40031250000.0,0.21654147324079923,0.0,-13.289178256450265,0.0,-0.0
40058593750.0,0.21654147324079923,0.0,-13.289178256450265,0.0,-0.0
40085937500.0,0.21654147324079923,0.0,-13.289178256450265,0.0,-0.0
40113281250.0,0.21654147324079923,0.0,-13.289178256450265,0.0,-0.0
40140625000.0,0.21654147324079923,0.0,-13.289178256450265,0.0,-0.0
40167968750.0,0.21654147324079923,0.0,-13.289178256450265,0.0,-0.0
40195312500.0,0.21654147324079923,0.0,-13.289178256450265,0.0,-0.0
40222656250.0,0.21654147324079923,0.0,-13.289178256450265,0.0,-0.0
40250000000.0,0.21654147324079923,0.0,-13.289178256450265,0.0,-0.0
40277343750.0,0.21654147324079923,0.0,-13.289178256450265,0.0,-0.0
40304687500.0,0.21654147324079923,0.0,-13.289178256450265,0.0,-0.0
40332031250.0,0.21654147324079923,0.0,-13.289178256450265,0.0,-0.0
40359375000.0,0.21654147324079923,0.0,-13.289178256450265,0.0,-0.0
40386718750.0,0.21654147324079923,0.0,-13.289178256450265,0.0,-0.0
40414062500.0,0.21654147324079923,0.0,-13.289178256450265,0.0,-0.0
40441406250.0,0.21654147324079923,0.0,-13.289178256450265,0.0,-0.0
40468750000.0,0.21654147324079923,0.0,-13.289178256450265,0.0,-0.0
40496093750.0,0.21654147324079923,0.0,-13.289178256450265,0.0,-0.0
40523437500.0,0.21654147324079923,0.0,-13.289178256450265,0.0,-0.0
40550781250.0,0.21654147324079923,0.0,-13.289178256450265,0.0,-0.0
40578125000.0,0.21654147324079923,0.0,-13.289178256450265,0.0,-0.0
40605468750.0,0.21654147324079923,0.0,-13.289178256450265,0.0,-0.0
40632812500.0,0.21654147324079923,0.0,-13.289178256450265,0.0,-0.0
40660156250.0,0.21654147324079923,0.0,-13.289178256450265,0.0,-0.0
40687500000.0,0.21654147324079923,0.0,-13.289178256450265,0.0,-0.0
40714843750.0,0.21654147324079923,0.0,-13.289178256450265,0.0,-0.0
40742187500.0,0.21654147324079923,0.0,-13.289178256450265,0.0,-0.0
40769531250.0,0.21654147324079923,0.0,-13.289178256450265,0.0,-0.0
40796875000.0,0.21654147324079923,0.0,-13.289178256450265,0.0,-0.0
40824218750.0,0.21654147324079923,0.0,-13.289178256450265,0.0,-0.0
40851562500.0,0.21654147324079923,0.0,-13.289178256450265,0.0,-0.0
40878906250.0,0.21654147324079923,0.0,-13.289178256450265,0.0,-0.0
40906250000.0,0.21654147324079923,0.0,-13.289178256450265,0.0,-0.0
40933593750.0,0.21654147324079923,0.0,-13.289178256450265,0.0,-0.0
40960937500.0,0.21654147324079923,0.0,-13.289178256450265,0.0,-0.0
40988281250.0,0.21654147324079923,0.0,-13.289178256450265,0.0,-0.0
41015625000.0,0.21654147324079923,0.0,-13.289178256450265,0.0,-0.0
41042968750.0,0.21654147324079923,0.0,-13.289178256450265,0.0,-0.0
41070312500.0,0.21654147324079923,0.0,-13.289178256450265,0.0,-0.0
41097656250.0,0.21654147324079923,0.0,-13.289178256450265,0.0,-0.0
41125000000.0,0.21654147324079923,0.0,-13.289178256450265,0.0,-0.0
41152343750.0,0.21654147324079923,0.0,-13.289178256450265,0.0,-0.0
41179687500.0,0.21654147324079923,0.0,-13.289178256450265,0.0,-0.0
41207031250.0,0.21654147324079923,0.0,-13.289178256450265,0.0,-0.0
41234375000.0,0.21654147324079923,0.0,-13.289178256450265,0.0,-0.0
41261718750.0,0.21654147324079923,0.0,-13.289178256450265,0.0,-0.0
41289062500.0,0.21654147324079923,0.0,-13.289178256450265,0.0,-0.0
41316406250.0,0.21654147324079923,0.0,-13.289178256450265,0.0,-0.0
41343750000.0,0.21654147324079923,0.0,-13.289178256450265,0.0,-0.0
41371093750.0,0.21654147324079923,0.0,-13.289178256450265,0.0,-0.0
41398437500.0,0.21654147324079923,0.0,-13.289178256450265,0.0,-0.0
41425781250.0,0.21654147324079923,0.0,-13.289178256450265,0.0,-0.0
41453125000.0,0.21654147324079923,0.0,-13.289178256450265,0.0,-0.0
41480468750.0,0.21654147324079923,0.0,-13.289178256450265,0.0,-0.0
41507812500.0,0.21654147324079923,0.0,-13.289178256450265,0.0,-0.0
41535156250.0,0.21654147324079923,0.0,-13.289178256450265,0.0,-0.0
41562500000.0,0.21654147324079923,0.0,-13.289178256450265,0.0,-0.0
41589843750.0,0.21654147324079923,0.0,-13.289178256450265,0.0,-0.0
41617187500.0,0.21654147324079923,0.0,-13.289178256450265,0.0,-0.0
41644531250.0,0.21654147324079923,0.0,-13.289178256450265,0.0,-0.0
41671875000.0,0.21654147324079923,0.0,-13.289178256450265,0.0,-0.0
41699218750.0,0.21654147324079923,0.0,-13.289178256450265,0.0,-0.0
41726562500.0,0.21654147324079923,0.0,-13.289178256450265,0.0,-0.0
41753906250.0,0.21654147324079923,0.0,-13.289178256450265,0.0,-0.0
41781250000.0,0.21654147324079923,0.0,-13.289178256450265,0.0,-0.0
41808593750.0,0.21654147324079923,0.0,-13.289178256450265,0.0,-0.0
41835937500.0,0.21654147324079923,0.0,-13.289178256450265,0.0,-0.0
41863281250.0,0.21654147324079923,0.0,-13.289178256450265,0.0,-0.0
41890625000.0,0.21654147324079923,0.0,-13.289178256450265,0.0,-0.0
41917968750.0,0.21654147324079923,0.0,-13.289178256450265,0.0,-0.0
41945312500.0,0.21654147324079923,0.0,-13.289178256450265,0.0,-0.0
41972656250.0,0.21654147324079923,0.0,-13.289178256450265,0.0,-0.0
42000000000.0,0.21654147324079923,0.0,-13.289178256450265,0.0,-0.0
42027343750.0,0.21654147324079923,0.0,-13.289178256450265,0.0,-0.0
42054687500.0,0.21654147324079923,0.0,-13.289178256450265,0.0,-0.0
42082031250.0,0.21654147324079923,0.0,-13.289178256450265,0.0,-0.0
42109375000.0,0.21654147324079923,0.0,-13.289178256450265,0.0,-0.0
42136718750.0,0.21654147324079923,0.0,-13.289178256450265,0.0,-0.0
42164062500.0,0.21654147324079923,0.0,-13.289178256450265,0.0,-0.0
42191406250.0,0.21654147324079923,0.0,-13.289178256450265,0.0,-0.0
42218750000.0,0.21654147324079923,0.0,-13.289178256450265,0.0,-0.0
42246093750.0,0.21654147324079923,0.0,-13.289178256450265,0.0,-0.0
42273437500.0,0.21654147324079923,0.0,-13.289178256450265,0.0,-0.0
42300781250.0,0.21654147324079923,0.0,-13.289178256450265,0.0,-0.0
42328125000.0,0.21654147324079923,0.0,-13.289178256450265,0.0,-0.0
42355468750.0,0.21654147324079923,0.0,-13.289178256450265,0.0,-0.0
42382812500.0,0.21654147324079923,0.0,-13.289178256450265,0.0,-0.0
42410156250.0,0.21654147324079923,0.0,-13.289178256450265,0.0,-0.0
42437500000.0,0.21654147324079923,0.0,-13.289178256450265,0.0,-0.0
42464843750.0,0.21654147324079923,0.0,-13.289178256450265,0.0,-0.0
42492187500.0,0.21654147324079923,0.0,-13.289178256450265,0.0,-0.0
42519531250.0,0.21654147324079923,0.0,-13.289178256450265,0.0,-0.0
42546875000.0,0.21654147324079923,0.0,-13.289178256450265,0.0,-0.0
42574218750.0,0.21654147324079923,0.0,-13.289178256450265,0.0,-0.0
42601562500.0,0.21654147324079923,0.0,-13.289178256450265,0.0,-0.0
42628906250.0,0.21654147324079923,0.0,-13.289178256450265,0.0,-0.0
42656250000.0,0.21654147324079923,0.0,-13.289178256450265,0.0,-0.0
42683593750.0,0.21654147324079923,0.0,-13.289178256450265,0.0,-0.0
42710937500.0,0.21654147324079923,0.0,-13.289178256450265,0.0,-0.0
42738281250.0,0.21654147324079923,0.0,-13.289178256450265,0.0,-0.0
42765625000.0,0.21654147324079923,0.0,-13.289178256450265,0.0,-0.0
42792968750.0,0.21654147324079923,0.0,-13.289178256450265,0.0,-0.0
42820312500.0,0.21654147324079923,0.0,-13.289178256450265,0.0,-0.0
42847656250.0,0.21654147324079923,0.0,-13.289178256450265,0.0,-0.0
42875000000.0,0.21654147324079923,0.0,-13.289178256450265,0.0,-0.0
42902343750.0,0.21654147324079923,0.0,-13.289178256450265,0.0,-0.0
42929687500.0,0.21654147324079923,0.0,-13.289178256450265,0.0,-0.0
42957031250.0,0.21654147324079923,0.0,-13.289178256450265,0.0,-0.0
42984375000.0,0.21654147324079923,0.0,-13.289178256450265,0.0,-0.0
43011718750.0,0.21654147324079923,0.0,-13.289178256450265,0.0,-0.0
43039062500.0,0.21654147324079923,0.0,-13.289178256450265,0.0,-0.0
43066406250.0,0.21654147324079923,0.0,-13.289178256450265,0.0,-0.0
43093750000.0,0.21654147324079923,0.0,-13.289178256450265,0.0,-0.0
43121093750.0,0.21654147324079923,0.0,-13.289178256450265,0.0,-0.0
43148437500.0,0.21654147324079923,0.0,-13.289178256450265,0.0,-0.0
43175781250.0,0.21654147324079923,0.0,-13.289178256450265,0.0,-0.0
43203125000.0,0.21654147324079923,0.0,-13.289178256450265,0.0,-0.0
43230468750.0,0.21654147324079923,0.0,-13.289178256450265,0.0,-0.0
43257812500.0,0.21654147324079923,0.0,-13.289178256450265,0.0,-0.0
43285156250.0,0.21654147324079923,0.0,-13.289178256450265,0.0,-0.0
43312500000.0,0.21654147324079923,0.0,-13.289178256450265,0.0,-0.0
43339843750.0,0.21654147324079923,0.0,-13.289178256450265,0.0,-0.0
43367187500.0,0.21654147324079923,0.0,-13.289178256450265,0.0,-0.0
43394531250.0,0.21654147324079923,0.0,-13.289178256450265,0.0,-0.0
43421875000.0,0.21654147324079923,0.0,-13.289178256450265,0.0,-0.0
43449218750.0,0.21654147324079923,0.0,-13.289178256450265,0.0,-0.0
43476562500.0,0.21654147324079923,0.0,-13.289178256450265,0.0,-0.0
43503906250.0,0.21654147324079923,0.0,-13.289178256450265,0.0,-0.0
43531250000.0,0.21654147324079923,0.0,-13.289178256450265,0.0,-0.0
43558593750.0,0.21654147324079923,0.0,-13.289178256450265,0.0,-0.0
43585937500.0,0.21654147324079923,0.0,-13.289178256450265,0.0,-0.0
43613281250.0,0.21654147324079923,0.0,-13.289178256450265,0.0,-0.0
43640625000.0,0.21654147324079923,0.0,-13.289178256450265,0.0,-0.0
43667968750.0,0.21654147324079923,0.0,-13.289178256450265,0.0,-0.0
43695312500.0,0.21654147324079923,0.0,-13.289178256450265,0.0,-0.0
43722656250.0,0.21654147324079923,0.0,-13.289178256450265,0.0,-0.0
43750000000.0,0.21654147324079923,0.0,-13.289178256450265,0.0,-0.0
43777343750.0,0.21654147324079923,0.0,-13.289178256450265,0.0,-0.0
43804687500.0,0.21654147324079923,0.0,-13.289178256450265,0.0,-0.0
43832031250.0,0.21654147324079923,0.0,-13.289178256450265,0.0,-0.0
43859375000.0,0.21654147324079923,0.0,-13.289178256450265,0.0,-0.0
43886718750.0,0.21654147324079923,0.0,-13.289178256450265,0.0,-0.0
43914062500.0,0.21654147324079923,0.0,-13.289178256450265,0.0,-0.0
43941406250.0,0.21654147324079923,0.0,-13.289178256450265,0.0,-0.0
43968750000.0,0.21654147324079923,0.0,-13.289178256450265,0.0,-0.0
43996093750.0,0.21654147324079923,0.0,-13.289178256450265,0.0,-0.0
44023437500.0,0.21654147324079923,0.0,-13.289178256450265,0.0,-0.0
44050781250.0,0.21654147324079923,0.0,-13.289178256450265,0.0,-0.0
44078125000.0,0.21654147324079923,0.0,-13.289178256450265,0.0,-0.0
44105468750.0,0.21654147324079923,0.0,-13.289178256450265,0.0,-0.0
44132812500.0,0.21654147324079923,0.0,-13.289178256450265,0.0,-0.0
44160156250.0,0.21654147324079923,0.0,-13.289178256450265,0.0,-0.0
44187500000.0,0.21654147324079923,0.0,-13.289178256450265,0.0,-0.0
44214843750.0,0.21654147324079923,0.0,-13.289178256450265,0.0,-0.0
44242187500.0,0.21654147324079923,0.0,-13.289178256450265,0.0,-0.0
44269531250.0,0.21654147324079923,0.0,-13.289178256450265,0.0,-0.0
44296875000.0,0.21654147324079923,0.0,-13.289178256450265,0.0,-0.0
44324218750.0,0.21654147324079923,0.0,-13.289178256450265,0.0,-0.0
44351562500.0,0.21654147324079923,0.0,-13.289178256450265,0.0,-0.0
44378906250.0,0.21654147324079923,0.0,-13.289178256450265,0.0,-0.0
44406250000.0,0.21654147324079923,0.0,-13.289178256450265,0.0,-0.0
44433593750.0,0.21654147324079923,0.0,-13.289178256450265,0.0,-0.0
44460937500.0,0.21654147324079923,0.0,-13.289178256450265,0.0,-0.0
44488281250.0,0.21654147324079923,0.0,-13.289178256450265,0.0,-0.0
44515625000.0,0.21654147324079923,0.0,-13.289178256450265,0.0,-0.0
44542968750.0,0.21654147324079923,0.0,-13.289178256450265,0.0,-0.0
44570312500.0,0.21654147324079923,0.0,-13.289178256450265,0.0,-0.0
44597656250.0,0.21654147324079923,0.0,-13.289178256450265,0.0,-0.0
44625000000.0,0.21654147324079923,0.0,-13.289178256450265,0.0,-0.0
44652343750.0,0.21654147324079923,0.0,-13.289178256450265,0.0,-0.0
44679687500.0,0.21654147324079923,0.0,-13.289178256450265,0.0,-0.0
44707031250.0,0.21654147324079923,0.0,-13.289178256450265,0.0,-0.0
44734375000.0,0.21654147324079923,0.0,-13.289178256450265,0.0,-0.0
44761718750.0,0.21654147324079923,0.0,-13.289178256450265,0.0,-0.0
44789062500.0,0.21654147324079923,0.0,-13.289178256450265,0.0,-0.0
44816406250.0,0.21654147324079923,0.0,-13.289178256450265,0.0,-0.0
44843750000.0,0.21654147324079923,0.0,-13.289178256450265,0.0,-0.0
44871093750.0,0.21654147324079923,0.0,-13.289178256450265,0.0,-0.0
44898437500.0,0.21654147324079923,0.0,-13.289178256450265,0.0,-0.0
44925781250.0,0.21654147324079923,0.0,-13.289178256450265,0.0,-0.0
44953125000.0,0.21654147324079923,0.0,-13.289178256450265,0.0,-0.0
44980468750.0,0.21654147324079923,0.0,-13.289178256450265,0.0,-0.0
45007812500.0,0.21654147324079923,0.0,-13.289178256450265,0.0,-0.0
45035156250.0,0.21654147324079923,0.0,-13.289178256450265,0.0,-0.0
45062500000.0,0.21654147324079923,0.0,-13.289178256450265,0.0,-0.0
45089843750.0,0.21654147324079923,0.0,-13.289178256450265,0.0,-0.0
45117187500.0,0.21654147324079923,0.0,-13.289178256450265,0.0,-0.0
45144531250.0,0.21654147324079923,0.0,-13.289178256450265,0.0,-0.0
45171875000.0,0.21654147324079923,0.0,-13.289178256450265,0.0,-0.0
45199218750.0,0.21654147324079923,0.0,-13.289178256450265,0.0,-0.0
45226562500.0,0.21654147324079923,0.0,-13.289178256450265,0.0,-0.0
45253906250.0,0.21654147324079923,0.0,-13.289178256450265,0.0,-0.0
45281250000.0,0.21654147324079923,0.0,-13.289178256450265,0.0,-0.0
45308593750.0,0.21654147324079923,0.0,-13.289178256450265,0.0,-0.0
45335937500.0,0.21654147324079923,0.0,-13.289178256450265,0.0,-0.0
45363281250.0,0.21654147324079923,0.0,-13.289178256450265,0.0,-0.0
45390625000.0,0.21654147324079923,0.0,-13.289178256450265,0.0,-0.0
45417968750.0,0.21654147324079923,0.0,-13.289178256450265,0.0,-0.0
45445312500.0,0.21654147324079923,0.0,-13.289178256450265,0.0,-0.0
45472656250.0,0.21654147324079923,0.0,-13.289178256450265,0.0,-0.0
45500000000.0,0.21654147324079923,0.0,-13.289178256450265,0.0,-0.0
45527343750.0,0.21654147324079923,0.0,-13.289178256450265,0.0,-0.0
45554687500.0,0.21654147324079923,0.0,-13.289178256450265,0.0,-0.0
45582031250.0,0.21654147324079923,0.0,-13.289178256450265,0.0,-0.0
45609375000.0,0.21654147324079923,0.0,-13.289178256450265,0.0,-0.0
45636718750.0,0.21654147324079923,0.0,-13.289178256450265,0.0,-0.0
45664062500.0,0.21654147324079923,0.0,-13.289178256450265,0.0,-0.0
45691406250.0,0.21654147324079923,0.0,-13.289178256450265,0.0,-0.0
45718750000.0,0.21654147324079923,0.0,-13.289178256450265,0.0,-0.0
45746093750.0,0.21654147324079923,0.0,-13.289178256450265,0.0,-0.0
45773437500.0,0.21654147324079923,0.0,-13.289178256450265,0.0,-0.0
45800781250.0,0.21654147324079923,0.0,-13.289178256450265,0.0,-0.0
45828125000.0,0.21654147324079923,0.0,-13.289178256450265,0.0,-0.0
45855468750.0,0.21654147324079923,0.0,-13.289178256450265,0.0,-0.0
45882812500.0,0.21654147324079923,0.0,-13.289178256450265,0.0,-0.0
45910156250.0,0.21654147324079923,0.0,-13.289178256450265,0.0,-0.0
45937500000.0,0.21654147324079923,0.0,-13.289178256450265,0.0,-0.0
45964843750.0,0.21654147324079923,0.0,-13.289178256450265,0.0,-0.0
45992187500.0,0.21654147324079923,0.0,-13.289178256450265,0.0,-0.0
46019531250.0,0.21654147324079923,0.0,-13.289178256450265,0.0,-0.0
46046875000.0,0.21654147324079923,0.0,-13.289178256450265,0.0,-0.0
46074218750.0,0.21654147324079923,0.0,-13.289178256450265,0.0,-0.0
46101562500.0,0.21654147324079923,0.0,-13.289178256450265,0.0,-0.0
46128906250.0,0.21654147324079923,0.0,-13.289178256450265,0.0,-0.0
46156250000.0,0.21654147324079923,0.0,-13.289178256450265,0.0,-0.0
46183593750.0,0.21654147324079923,0.0,-13.289178256450265,0.0,-0.0
46210937500.0,0.21654147324079923,0.0,-13.289178256450265,0.0,-0.0
46238281250.0,0.21654147324079923,0.0,-13.289178256450265,0.0,-0.0
46265625000.0,0.21654147324079923,0.0,-13.289178256450265,0.0,-0.0
46292968750.0,0.21654147324079923,0.0,-13.289178256450265,0.0,-0.0
46320312500.0,0.21654147324079923,0.0,-13.289178256450265,0.0,-0.0
46347656250.0,0.21654147324079923,0.0,-13.289178256450265,0.0,-0.0
46375000000.0,0.21654147324079923,0.0,-13.289178256450265,0.0,-0.0
46402343750.0,0.21654147324079923,0.0,-13.289178256450265,0.0,-0.0
46429687500.0,0.21654147324079923,0.0,-13.289178256450265,0.0,-0.0
46457031250.0,0.21654147324079923,0.0,-13.289178256450265,0.0,-0.0
46484375000.0,0.21654147324079923,0.0,-13.289178256450265,0.0,-0.0
46511718750.0,0.21654147324079923,0.0,-13.289178256450265,0.0,-0.0
46539062500.0,0.21654147324079923,0.0,-13.289178256450265,0.0,-0.0
46566406250.0,0.21654147324079923,0.0,-13.289178256450265,0.0,-0.0
46593750000.0,0.21654147324079923,0.0,-13.289178256450265,0.0,-0.0
46621093750.0,0.21654147324079923,0.0,-13.289178256450265,0.0,-0.0
46648437500.0,0.21654147324079923,0.0,-13.289178256450265,0.0,-0.0
46675781250.0,0.21654147324079923,0.0,-13.289178256450265,0.0,-0.0
46703125000.0,0.21654147324079923,0.0,-13.289178256450265,0.0,-0.0
46730468750.0,0.21654147324079923,0.0,-13.289178256450265,0.0,-0.0
46757812500.0,0.21654147324079923,0.0,-13.289178256450265,0.0,-0.0
46785156250.0,0.21654147324079923,0.0,-13.289178256450265,0.0,-0.0
46812500000.0,0.21654147324079923,0.0,-13.289178256450265,0.0,-0.0
46839843750.0,0.21654147324079923,0.0,-13.289178256450265,0.0,-0.0
46867187500.0,0.21654147324079923,0.0,-13.289178256450265,0.0,-0.0
46894531250.0,0.21654147324079923,0.0,-13.289178256450265,0.0,-0.0
46921875000.0,0.21654147324079923,0.0,-13.289178256450265,0.0,-0.0
46949218750.0,0.21654147324079923,0.0,-13.289178256450265,0.0,-0.0
46976562500.0,0.21654147324079923,0.0,-13.289178256450265,0.0,-0.0
47003906250.0,0.21654147324079923,0.0,-13.289178256450265,0.0,-0.0
47031250000.0,0.21654147324079923,0.0,-13.289178256450265,0.0,-0.0
47058593750.0,0.21654147324079923,0.0,-13.289178256450265,0.0,-0.0
47085937500.0,0.21654147324079923,0.0,-13.289178256450265,0.0,-0.0
47113281250.0,0.21654147324079923,0.0,-13.289178256450265,0.0,-0.0
47140625000.0,0.21654147324079923,0.0,-13.289178256450265,0.0,-0.0
47167968750.0,0.21654147324079923,0.0,-13.289178256450265,0.0,-0.0
47195312500.0,0.21654147324079923,0.0,-13.289178256450265,0.0,-0.0
47222656250.0,0.21654147324079923,0.0,-13.289178256450265,0.0,-0.0
47250000000.0,0.21654147324079923,0.0,-13.289178256450265,0.0,-0.0
47277343750.0,0.21654147324079923,0.0,-13.289178256450265,0.0,-0.0
47304687500.0,0.21654147324079923,0.0,-13.289178256450265,0.0,-0.0
47332031250.0,0.21654147324079923,0.0,-13.289178256450265,0.0,-0.0
47359375000.0,0.21654147324079923,0.0,-13.289178256450265,0.0,-0.0
47386718750.0,0.21654147324079923,0.0,-13.289178256450265,0.0,-0.0
47414062500.0,0.21654147324079923,0.0,-13.289178256450265,0.0,-0.0
47441406250.0,0.21654147324079923,0.0,-13.289178256450265,0.0,-0.0
47468750000.0,0.21654147324079923,0.0,-13.289178256450265,0.0,-0.0
47496093750.0,0.21654147324079923,0.0,-13.289178256450265,0.0,-0.0
47523437500.0,0.21654147324079923,0.0,-13.289178256450265,0.0,-0.0
47550781250.0,0.21654147324079923,0.0,-13.289178256450265,0.0,-0.0
47578125000.0,0.21654147324079923,0.0,-13.289178256450265,0.0,-0.0
47605468750.0,0.21654147324079923,0.0,-13.289178256450265,0.0,-0.0
47632812500.0,0.21654147324079923,0.0,-13.289178256450265,0.0,-0.0
47660156250.0,0.21654147324079923,0.0,-13.289178256450265,0.0,-0.0
47687500000.0,0.21654147324079923,0.0,-13.289178256450265,0.0,-0.0
47714843750.0,0.21654147324079923,0.0,-13.289178256450265,0.0,-0.0
47742187500.0,0.21654147324079923,0.0,-13.289178256450265,0.0,-0.0
47769531250.0,0.21654147324079923,0.0,-13.289178256450265,0.0,-0.0
47796875000.0,0.21654147324079923,0.0,-13.289178256450265,0.0,-0.0
47824218750.0,0.21654147324079923,0.0,-13.289178256450265,0.0,-0.0
47851562500.0,0.21654147324079923,0.0,-13.289178256450265,0.0,-0.0
47878906250.0,0.21654147324079923,0.0,-13.289178256450265,0.0,-0.0
47906250000.0,0.21654147324079923,0.0,-13.289178256450265,0.0,-0.0
47933593750.0,0.21654147324079923,0.0,-13.289178256450265,0.0,-0.0
47960937500.0,0.21654147324079923,0.0,-13.289178256450265,0.0,-0.0
47988281250.0,0.21654147324079923,0.0,-13.289178256450265,0.0,-0.0
48015625000.0,0.21654147324079923,0.0,-13.289178256450265,0.0,-0.0
48042968750.0,0.21654147324079923,0.0,-13.289178256450265,0.0,-0.0
48070312500.0,0.21654147324079923,0.0,-13.289178256450265,0.0,-0.0
48097656250.0,0.21654147324079923,0.0,-13.289178256450265,0.0,-0.0
48125000000.0,0.21654147324079923,0.0,-13.289178256450265,0.0,-0.0
48152343750.0,0.21654147324079923,0.0,-13.289178256450265,0.0,-0.0
48179687500.0,0.21654147324079923,0.0,-13.289178256450265,0.0,-0.0
48207031250.0,0.21654147324079923,0.0,-13.289178256450265,0.0,-0.0
48234375000.0,0.21654147324079923,0.0,-13.289178256450265,0.0,-0.0
48261718750.0,0.21654147324079923,0.0,-13.289178256450265,0.0,-0.0
48289062500.0,0.21654147324079923,0.0,-13.289178256450265,0.0,-0.0
48316406250.0,0.21654147324079923,0.0,-13.289178256450265,0.0,-0.0
48343750000.0,0.21654147324079923,0.0,-13.289178256450265,0.0,-0.0
48371093750.0,0.21654147324079923,0.0,-13.289178256450265,0.0,-0.0
48398437500.0,0.21654147324079923,0.0,-13.289178256450265,0.0,-0.0
48425781250.0,0.21654147324079923,0.0,-13.289178256450265,0.0,-0.0
48453125000.0,0.21654147324079923,0.0,-13.289178256450265,0.0,-0.0
48480468750.0,0.21654147324079923,0.0,-13.289178256450265,0.0,-0.0
48507812500.0,0.21654147324079923,0.0,-13.289178256450265,0.0,-0.0
48535156250.0,0.21654147324079923,0.0,-13.289178256450265,0.0,-0.0
48562500000.0,0.21654147324079923,0.0,-13.289178256450265,0.0,-0.0
48589843750.0,0.21654147324079923,0.0,-13.289178256450265,0.0,-0.0
48617187500.0,0.21654147324079923,0.0,-13.289178256450265,0.0,-0.0
48644531250.0,0.21654147324079923,0.0,-13.289178256450265,0.0,-0.0
48671875000.0,0.21654147324079923,0.0,-13.289178256450265,0.0,-0.0
48699218750.0,0.21654147324079923,0.0,-13.289178256450265,0.0,-0.0
48726562500.0,0.21654147324079923,0.0,-13.289178256450265,0.0,-0.0
48753906250.0,0.21654147324079923,0.0,-13.289178256450265,0.0,-0.0
48781250000.0,0.21654147324079923,0.0,-13.289178256450265,0.0,-0.0
48808593750.0,0.21654147324079923,0.0,-13.289178256450265,0.0,-0.0
48835937500.0,0.21654147324079923,0.0,-13.289178256450265,0.0,-0.0
48863281250.0,0.21654147324079923,0.0,-13.289178256450265,0.0,-0.0
48890625000.0,0.21654147324079923,0.0,-13.289178256450265,0.0,-0.0
48917968750.0,0.21654147324079923,0.0,-13.289178256450265,0.0,-0.0
48945312500.0,0.21654147324079923,0.0,-13.289178256450265,0.0,-0.0
48972656250.0,0.21654147324079923,0.0,-13.289178256450265,0.0,-0.0
49000000000.0,0.21654147324079923,0.0,-13.289178256450265,0.0,-0.0
49027343750.0,0.21654147324079923,0.0,-13.289178256450265,0.0,-0.0
49054687500.0,0.21654147324079923,0.0,-13.289178256450265,0.0,-0.0
49082031250.0,0.21654147324079923,0.0,-13.289178256450265,0.0,-0.0
49109375000.0,0.21654147324079923,0.0,-13.289178256450265,0.0,-0.0
49136718750.0,0.21654147324079923,0.0,-13.289178256450265,0.0,-0.0
49164062500.0,0.21654147324079923,0.0,-13.289178256450265,0.0,-0.0
49191406250.0,0.21654147324079923,0.0,-13.289178256450265,0.0,-0.0
49218750000.0,0.21654147324079923,0.0,-13.289178256450265,0.0,-0.0
49246093750.0,0.21654147324079923,0.0,-13.289178256450265,0.0,-0.0
49273437500.0,0.21654147324079923,0.0,-13.289178256450265,0.0,-0.0
49300781250.0,0.21654147324079923,0.0,-13.289178256450265,0.0,-0.0
49328125000.0,0.21654147324079923,0.0,-13.289178256450265,0.0,-0.0
49355468750.0,0.21654147324079923,0.0,-13.289178256450265,0.0,-0.0
49382812500.0,0.21654147324079923,0.0,-13.289178256450265,0.0,-0.0
49410156250.0,0.21654147324079923,0.0,-13.289178256450265,0.0,-0.0
49437500000.0,0.21654147324079923,0.0,-13.289178256450265,0.0,-0.0
49464843750.0,0.21654147324079923,0.0,-13.289178256450265,0.0,-0.0
49492187500.0,0.21654147324079923,0.0,-13.289178256450265,0.0,-0.0
49519531250.0,0.21654147324079923,0.0,-13.289178256450265,0.0,-0.0
49546875000.0,0.21654147324079923,0.0,-13.289178256450265,0.0,-0.0
49574218750.0,0.21654147324079923,0.0,-13.289178256450265,0.0,-0.0
49601562500.0,0.21654147324079923,0.0,-13.289178256450265,0.0,-0.0
49628906250.0,0.21654147324079923,0.0,-13.289178256450265,0.0,-0.0
49656250000.0,0.21654147324079923,0.0,-13.289178256450265,0.0,-0.0
49683593750.0,0.21654147324079923,0.0,-13.289178256450265,0.0,-0.0
49710937500.0,0.21654147324079923,0.0,-13.289178256450265,0.0,-0.0
49738281250.0,0.21654147324079923,0.0,-13.289178256450265,0.0,-0.0
49765625000.0,0.21654147324079923,0.0,-13.289178256450265,0.0,-0.0
49792968750.0,0.21654147324079923,0.0,-13.289178256450265,0.0,-0.0
49820312500.0,0.21654147324079923,0.0,-13.289178256450265,0.0,-0.0
49847656250.0,0.21654147324079923,0.0,-13.289178256450265,0.0,-0.0
49875000000.0,0.21654147324079923,0.0,-13.289178256450265,0.0,-0.0
49902343750.0,0.21654147324079923,0.0,-13.289178256450265,0.0,-0.0
49929687500.0,0.21654147324079923,0.0,-13.289178256450265,0.0,-0.0
49957031250.0,0.21654147324079923,0.0,-13.289178256450265,0.0,-0.0
49984375000.0,0.21654147324079923,0.0,-13.289178256450265,0.0,-0.0
50011718750.0,0.21654147324079923,0.0,-13.289178256450265,0.0,-0.0
50039062500.0,0.21654147324079923,0.0,-13.289178256450265,0.0,-0.0
50066406250.0,0.21654147324079923,0.0,-13.289178256450265,0.0,-0.0
50093750000.0,0.21654147324079923,0.0,-13.289178256450265,0.0,-0.0
50121093750.0,0.21654147324079923,0.0,-13.289178256450265,0.0,-0.0
50148437500.0,0.21654147324079923,0.0,-13.289178256450265,0.0,-0.0
50175781250.0,0.21654147324079923,0.0,-13.289178256450265,0.0,-0.0
50203125000.0,0.21654147324079923,0.0,-13.289178256450265,0.0,-0.0
50230468750.0,0.21654147324079923,0.0,-13.289178256450265,0.0,-0.0
50257812500.0,0.21654147324079923,0.0,-13.289178256450265,0.0,-0.0
50285156250.0,0.21654147324079923,0.0,-13.289178256450265,0.0,-0.0
50312500000.0,0.21654147324079923,0.0,-13.289178256450265,0.0,-0.0
50339843750.0,0.21654147324079923,0.0,-13.289178256450265,0.0,-0.0
50367187500.0,0.21654147324079923,0.0,-13.289178256450265,0.0,-0.0
50394531250.0,0.21654147324079923,0.0,-13.289178256450265,0.0,-0.0
50421875000.0,0.21654147324079923,0.0,-13.289178256450265,0.0,-0.0
50449218750.0,0.21654147324079923,0.0,-13.289178256450265,0.0,-0.0
50476562500.0,0.21654147324079923,0.0,-13.289178256450265,0.0,-0.0
50503906250.0,0.21654147324079923,0.0,-13.289178256450265,0.0,-0.0
50531250000.0,0.21654147324079923,0.0,-13.289178256450265,0.0,-0.0
50558593750.0,0.21654147324079923,0.0,-13.289178256450265,0.0,-0.0
50585937500.0,0.21654147324079923,0.0,-13.289178256450265,0.0,-0.0
50613281250.0,0.21654147324079923,0.0,-13.289178256450265,0.0,-0.0
50640625000.0,0.21654147324079923,0.0,-13.289178256450265,0.0,-0.0
50667968750.0,0.21654147324079923,0.0,-13.289178256450265,0.0,-0.0
50695312500.0,0.21654147324079923,0.0,-13.289178256450265,0.0,-0.0
50722656250.0,0.21654147324079923,0.0,-13.289178256450265,0.0,-0.0
50750000000.0,0.21654147324079923,0.0,-13.289178256450265,0.0,-0.0
50777343750.0,0.21654147324079923,0.0,-13.289178256450265,0.0,-0.0
50804687500.0,0.21654147324079923,0.0,-13.289178256450265,0.0,-0.0
50832031250.0,0.21654147324079923,0.0,-13.289178256450265,0.0,-0.0
50859375000.0,0.21654147324079923,0.0,-13.289178256450265,0.0,-0.0
50886718750.0,0.21654147324079923,0.0,-13.289178256450265,0.0,-0.0
50914062500.0,0.21654147324079923,0.0,-13.289178256450265,0.0,-0.0
50941406250.0,0.21654147324079923,0.0,-13.289178256450265,0.0,-0.0
50968750000.0,0.21654147324079923,0.0,-13.289178256450265,0.0,-0.0
50996093750.0,0.21654147324079923,0.0,-13.289178256450265,0.0,-0.0
51023437500.0,0.21654147324079923,0.0,-13.289178256450265,0.0,-0.0
51050781250.0,0.21654147324079923,0.0,-13.289178256450265,0.0,-0.0
51078125000.0,0.21654147324079923,0.0,-13.289178256450265,0.0,-0.0
51105468750.0,0.21654147324079923,0.0,-13.289178256450265,0.0,-0.0
51132812500.0,0.21654147324079923,0.0,-13.289178256450265,0.0,-0.0
51160156250.0,0.21654147324079923,0.0,-13.289178256450265,0.0,-0.0
51187500000.0,0.21654147324079923,0.0,-13.289178256450265,0.0,-0.0
51214843750.0,0.21654147324079923,0.0,-13.289178256450265,0.0,-0.0
51242187500.0,0.21654147324079923,0.0,-13.289178256450265,0.0,-0.0
51269531250.0,0.21654147324079923,0.0,-13.289178256450265,0.0,-0.0
51296875000.0,0.21654147324079923,0.0,-13.289178256450265,0.0,-0.0
51324218750.0,0.21654147324079923,0.0,-13.289178256450265,0.0,-0.0
51351562500.0,0.21654147324079923,0.0,-13.289178256450265,0.0,-0.0
51378906250.0,0.21654147324079923,0.0,-13.289178256450265,0.0,-0.0
51406250000.0,0.21654147324079923,0.0,-13.289178256450265,0.0,-0.0
51433593750.0,0.21654147324079923,0.0,-13.289178256450265,0.0,-0.0
51460937500.0,0.21654147324079923,0.0,-13.289178256450265,0.0,-0.0
51488281250.0,0.21654147324079923,0.0,-13.289178256450265,0.0,-0.0
51515625000.0,0.21654147324079923,0.0,-13.289178256450265,0.0,-0.0
51542968750.0,0.21654147324079923,0.0,-13.289178256450265,0.0,-0.0
51570312500.0,0.21654147324079923,0.0,-13.289178256450265,0.0,-0.0
51597656250.0,0.21654147324079923,0.0,-13.289178256450265,0.0,-0.0
51625000000.0,0.21654147324079923,0.0,-13.289178256450265,0.0,-0.0
51652343750.0,0.21654147324079923,0.0,-13.289178256450265,0.0,-0.0
51679687500.0,0.21654147324079923,0.0,-13.289178256450265,0.0,-0.0
51707031250.0,0.21654147324079923,0.0,-13.289178256450265,0.0,-0.0
51734375000.0,0.21654147324079923,0.0,-13.289178256450265,0.0,-0.0
51761718750.0,0.21654147324079923,0.0,-13.289178256450265,0.0,-0.0
51789062500.0,0.21654147324079923,0.0,-13.289178256450265,0.0,-0.0
51816406250.0,0.21654147324079923,0.0,-13.289178256450265,0.0,-0.0
51843750000.0,0.21654147324079923,0.0,-13.289178256450265,0.0,-0.0
51871093750.0,0.21654147324079923,0.0,-13.289178256450265,0.0,-0.0
51898437500.0,0.21654147324079923,0.0,-13.289178256450265,0.0,-0.0
51925781250.0,0.21654147324079923,0.0,-13.289178256450265,0.0,-0.0
51953125000.0,0.21654147324079923,0.0,-13.289178256450265,0.0,-0.0
51980468750.0,0.21654147324079923,0.0,-13.289178256450265,0.0,-0.0
52007812500.0,0.21654147324079923,0.0,-13.289178256450265,0.0,-0.0
52035156250.0,0.21654147324079923,0.0,-13.289178256450265,0.0,-0.0
52062500000.0,0.21654147324079923,0.0,-13.289178256450265,0.0,-0.0
52089843750.0,0.21654147324079923,0.0,-13.289178256450265,0.0,-0.0
52117187500.0,0.21654147324079923,0.0,-13.289178256450265,0.0,-0.0
52144531250.0,0.21654147324079923,0.0,-13.289178256450265,0.0,-0.0
52171875000.0,0.21654147324079923,0.0,-13.289178256450265,0.0,-0.0
52199218750.0,0.21654147324079923,0.0,-13.289178256450265,0.0,-0.0
52226562500.0,0.21654147324079923,0.0,-13.289178256450265,0.0,-0.0
52253906250.0,0.21654147324079923,0.0,-13.289178256450265,0.0,-0.0
52281250000.0,0.21654147324079923,0.0,-13.289178256450265,0.0,-0.0
52308593750.0,0.21654147324079923,0.0,-13.289178256450265,0.0,-0.0
52335937500.0,0.21654147324079923,0.0,-13.289178256450265,0.0,-0.0
52363281250.0,0.21654147324079923,0.0,-13.289178256450265,0.0,-0.0
52390625000.0,0.21654147324079923,0.0,-13.289178256450265,0.0,-0.0
52417968750.0,0.21654147324079923,0.0,-13.289178256450265,0.0,-0.0
52445312500.0,0.21654147324079923,0.0,-13.289178256450265,0.0,-0.0
52472656250.0,0.21654147324079923,0.0,-13.289178256450265,0.0,-0.0
52500000000.0,0.21654147324079923,0.0,-13.289178256450265,0.0,-0.0
52527343750.0,0.21654147324079923,0.0,-13.289178256450265,0.0,-0.0
52554687500.0,0.21654147324079923,0.0,-13.289178256450265,0.0,-0.0
52582031250.0,0.21654147324079923,0.0,-13.289178256450265,0.0,-0.0
52609375000.0,0.21654147324079923,0.0,-13.289178256450265,0.0,-0.0
52636718750.0,0.21654147324079923,0.0,-13.289178256450265,0.0,-0.0
52664062500.0,0.21654147324079923,0.0,-13.289178256450265,0.0,-0.0
52691406250.0,0.21654147324079923,0.0,-13.289178256450265,0.0,-0.0
52718750000.0,0.21654147324079923,0.0,-13.289178256450265,0.0,-0.0
52746093750.0,0.21654147324079923,0.0,-13.289178256450265,0.0,-0.0
52773437500.0,0.21654147324079923,0.0,-13.289178256450265,0.0,-0.0
52800781250.0,0.21654147324079923,0.0,-13.289178256450265,0.0,-0.0
52828125000.0,0.21654147324079923,0.0,-13.289178256450265,0.0,-0.0
52855468750.0,0.21654147324079923,0.0,-13.289178256450265,0.0,-0.0
52882812500.0,0.21654147324079923,0.0,-13.289178256450265,0.0,-0.0
52910156250.0,0.21654147324079923,0.0,-13.289178256450265,0.0,-0.0
52937500000.0,0.21654147324079923,0.0,-13.289178256450265,0.0,-0.0
52964843750.0,0.21654147324079923,0.0,-13.289178256450265,0.0,-0.0
52992187500.0,0.21654147324079923,0.0,-13.289178256450265,0.0,-0.0
53019531250.0,0.21654147324079923,0.0,-13.289178256450265,0.0,-0.0
53046875000.0,0.21654147324079923,0.0,-13.289178256450265,0.0,-0.0
53074218750.0,0.21654147324079923,0.0,-13.289178256450265,0.0,-0.0
53101562500.0,0.21654147324079923,0.0,-13.289178256450265,0.0,-0.0
53128906250.0,0.21654147324079923,0.0,-13.289178256450265,0.0,-0.0
53156250000.0,0.21654147324079923,0.0,-13.289178256450265,0.0,-0.0
53183593750.0,0.21654147324079923,0.0,-13.289178256450265,0.0,-0.0
53210937500.0,0.21654147324079923,0.0,-13.289178256450265,0.0,-0.0
53238281250.0,0.21654147324079923,0.0,-13.289178256450265,0.0,-0.0
53265625000.0,0.21654147324079923,0.0,-13.289178256450265,0.0,-0.0
53292968750.0,0.21654147324079923,0.0,-13.289178256450265,0.0,-0.0
53320312500.0,0.21654147324079923,0.0,-13.289178256450265,0.0,-0.0
53347656250.0,0.21654147324079923,0.0,-13.289178256450265,0.0,-0.0
53375000000.0,0.21654147324079923,0.0,-13.289178256450265,0.0,-0.0
53402343750.0,0.21654147324079923,0.0,-13.289178256450265,0.0,-0.0
53429687500.0,0.21654147324079923,0.0,-13.289178256450265,0.0,-0.0
53457031250.0,0.21654147324079923,0.0,-13.289178256450265,0.0,-0.0
53484375000.0,0.21654147324079923,0.0,-13.289178256450265,0.0,-0.0
53511718750.0,0.21654147324079923,0.0,-13.289178256450265,0.0,-0.0
53539062500.0,0.21654147324079923,0.0,-13.289178256450265,0.0,-0.0
53566406250.0,0.21654147324079923,0.0,-13.289178256450265,0.0,-0.0
53593750000.0,0.21654147324079923,0.0,-13.289178256450265,0.0,-0.0
53621093750.0,0.21654147324079923,0.0,-13.289178256450265,0.0,-0.0
53648437500.0,0.21654147324079923,0.0,-13.289178256450265,0.0,-0.0
53675781250.0,0.21654147324079923,0.0,-13.289178256450265,0.0,-0.0
53703125000.0,0.21654147324079923,0.0,-13.289178256450265,0.0,-0.0
53730468750.0,0.21654147324079923,0.0,-13.289178256450265,0.0,-0.0
53757812500.0,0.21654147324079923,0.0,-13.289178256450265,0.0,-0.0
53785156250.0,0.21654147324079923,0.0,-13.289178256450265,0.0,-0.0
53812500000.0,0.21654147324079923,0.0,-13.289178256450265,0.0,-0.0
53839843750.0,0.21654147324079923,0.0,-13.289178256450265,0.0,-0.0
53867187500.0,0.21654147324079923,0.0,-13.289178256450265,0.0,-0.0
53894531250.0,0.21654147324079923,0.0,-13.289178256450265,0.0,-0.0
53921875000.0,0.21654147324079923,0.0,-13.289178256450265,0.0,-0.0
53949218750.0,0.21654147324079923,0.0,-13.289178256450265,0.0,-0.0
53976562500.0,0.21654147324079923,0.0,-13.289178256450265,0.0,-0.0
54003906250.0,0.21654147324079923,0.0,-13.289178256450265,0.0,-0.0
54031250000.0,0.21654147324079923,0.0,-13.289178256450265,0.0,-0.0
54058593750.0,0.21654147324079923,0.0,-13.289178256450265,0.0,-0.0
54085937500.0,0.21654147324079923,0.0,-13.289178256450265,0.0,-0.0
54113281250.0,0.21654147324079923,0.0,-13.289178256450265,0.0,-0.0
54140625000.0,0.21654147324079923,0.0,-13.289178256450265,0.0,-0.0
54167968750.0,0.21654147324079923,0.0,-13.289178256450265,0.0,-0.0
54195312500.0,0.21654147324079923,0.0,-13.289178256450265,0.0,-0.0
54222656250.0,0.21654147324079923,0.0,-13.289178256450265,0.0,-0.0
54250000000.0,0.21654147324079923,0.0,-13.289178256450265,0.0,-0.0
54277343750.0,0.21654147324079923,0.0,-13.289178256450265,0.0,-0.0
54304687500.0,0.21654147324079923,0.0,-13.289178256450265,0.0,-0.0
54332031250.0,0.21654147324079923,0.0,-13.289178256450265,0.0,-0.0
54359375000.0,0.21654147324079923,0.0,-13.289178256450265,0.0,-0.0
54386718750.0,0.21654147324079923,0.0,-13.289178256450265,0.0,-0.0
54414062500.0,0.21654147324079923,0.0,-13.289178256450265,0.0,-0.0
54441406250.0,0.21654147324079923,0.0,-13.289178256450265,0.0,-0.0
54468750000.0,0.21654147324079923,0.0,-13.289178256450265,0.0,-0.0
54496093750.0,0.21654147324079923,0.0,-13.289178256450265,0.0,-0.0
54523437500.0,0.21654147324079923,0.0,-13.289178256450265,0.0,-0.0
54550781250.0,0.21654147324079923,0.0,-13.289178256450265,0.0,-0.0
54578125000.0,0.21654147324079923,0.0,-13.289178256450265,0.0,-0.0
54605468750.0,0.21654147324079923,0.0,-13.289178256450265,0.0,-0.0
54632812500.0,0.21654147324079923,0.0,-13.289178256450265,0.0,-0.0
54660156250.0,0.21654147324079923,0.0,-13.289178256450265,0.0,-0.0
54687500000.0,0.21654147324079923,0.0,-13.289178256450265,0.0,-0.0
54714843750.0,0.21654147324079923,0.0,-13.289178256450265,0.0,-0.0
54742187500.0,0.21654147324079923,0.0,-13.289178256450265,0.0,-0.0
54769531250.0,0.21654147324079923,0.0,-13.289178256450265,0.0,-0.0
54796875000.0,0.21654147324079923,0.0,-13.289178256450265,0.0,-0.0
54824218750.0,0.21654147324079923,0.0,-13.289178256450265,0.0,-0.0
54851562500.0,0.21654147324079923,0.0,-13.289178256450265,0.0,-0.0
54878906250.0,0.21654147324079923,0.0,-13.289178256450265,0.0,-0.0
54906250000.0,0.21654147324079923,0.0,-13.289178256450265,0.0,-0.0
54933593750.0,0.21654147324079923,0.0,-13.289178256450265,0.0,-0.0
54960937500.0,0.21654147324079923,0.0,-13.289178256450265,0.0,-0.0
54988281250.0,0.21654147324079923,0.0,-13.289178256450265,0.0,-0.0
55015625000.0,0.21654147324079923,0.0,-13.289178256450265,0.0,-0.0
55042968750.0,0.21654147324079923,0.0,-13.289178256450265,0.0,-0.0
55070312500.0,0.21654147324079923,0.0,-13.289178256450265,0.0,-0.0
55097656250.0,0.21654147324079923,0.0,-13.289178256450265,0.0,-0.0
55125000000.0,0.21654147324079923,0.0,-13.289178256450265,0.0,-0.0
55152343750.0,0.21654147324079923,0.0,-13.289178256450265,0.0,-0.0
55179687500.0,0.21654147324079923,0.0,-13.289178256450265,0.0,-0.0
55207031250.0,0.21654147324079923,0.0,-13.289178256450265,0.0,-0.0
55234375000.0,0.21654147324079923,0.0,-13.289178256450265,0.0,-0.0
55261718750.0,0.21654147324079923,0.0,-13.289178256450265,0.0,-0.0
55289062500.0,0.21654147324079923,0.0,-13.289178256450265,0.0,-0.0
55316406250.0,0.21654147324079923,0.0,-13.289178256450265,0.0,-0.0
55343750000.0,0.21654147324079923,0.0,-13.289178256450265,0.0,-0.0
55371093750.0,0.21654147324079923,0.0,-13.289178256450265,0.0,-0.0
55398437500.0,0.21654147324079923,0.0,-13.289178256450265,0.0,-0.0
55425781250.0,0.21654147324079923,0.0,-13.289178256450265,0.0,-0.0
55453125000.0,0.21654147324079923,0.0,-13.289178256450265,0.0,-0.0
55480468750.0,0.21654147324079923,0.0,-13.289178256450265,0.0,-0.0
55507812500.0,0.21654147324079923,0.0,-13.289178256450265,0.0,-0.0
55535156250.0,0.21654147324079923,0.0,-13.289178256450265,0.0,-0.0
55562500000.0,0.21654147324079923,0.0,-13.289178256450265,0.0,-0.0
55589843750.0,0.21654147324079923,0.0,-13.289178256450265,0.0,-0.0
55617187500.0,0.21654147324079923,0.0,-13.289178256450265,0.0,-0.0
55644531250.0,0.21654147324079923,0.0,-13.289178256450265,0.0,-0.0
55671875000.0,0.21654147324079923,0.0,-13.289178256450265,0.0,-0.0
55699218750.0,0.21654147324079923,0.0,-13.289178256450265,0.0,-0.0
55726562500.0,0.21654147324079923,0.0,-13.289178256450265,0.0,-0.0
55753906250.0,0.21654147324079923,0.0,-13.289178256450265,0.0,-0.0
55781250000.0,0.21654147324079923,0.0,-13.289178256450265,0.0,-0.0
55808593750.0,0.21654147324079923,0.0,-13.289178256450265,0.0,-0.0
55835937500.0,0.21654147324079923,0.0,-13.289178256450265,0.0,-0.0
55863281250.0,0.21654147324079923,0.0,-13.289178256450265,0.0,-0.0
55890625000.0,0.21654147324079923,0.0,-13.289178256450265,0.0,-0.0
55917968750.0,0.21654147324079923,0.0,-13.289178256450265,0.0,-0.0
55945312500.0,0.21654147324079923,0.0,-13.289178256450265,0.0,-0.0
55972656250.0,0.21654147324079923,0.0,-13.289178256450265,0.0,-0.0
56000000000.0,0.21654147324079923,0.0,-13.289178256450265,0.0,-0.0
56027343750.0,0.21654147324079923,0.0,-13.289178256450265,0.0,-0.0
56054687500.0,0.21654147324079923,0.0,-13.289178256450265,0.0,-0.0
56082031250.0,0.21654147324079923,0.0,-13.289178256450265,0.0,-0.0
56109375000.0,0.21654147324079923,0.0,-13.289178256450265,0.0,-0.0
56136718750.0,0.21654147324079923,0.0,-13.289178256450265,0.0,-0.0
56164062500.0,0.21654147324079923,0.0,-13.289178256450265,0.0,-0.0
56191406250.0,0.21654147324079923,0.0,-13.289178256450265,0.0,-0.0
56218750000.0,0.21654147324079923,0.0,-13.289178256450265,0.0,-0.0
56246093750.0,0.21654147324079923,0.0,-13.289178256450265,0.0,-0.0
56273437500.0,0.21654147324079923,0.0,-13.289178256450265,0.0,-0.0
56300781250.0,0.21654147324079923,0.0,-13.289178256450265,0.0,-0.0
56328125000.0,0.21654147324079923,0.0,-13.289178256450265,0.0,-0.0
56355468750.0,0.21654147324079923,0.0,-13.289178256450265,0.0,-0.0
56382812500.0,0.21654147324079923,0.0,-13.289178256450265,0.0,-0.0
56410156250.0,0.21654147324079923,0.0,-13.289178256450265,0.0,-0.0
56437500000.0,0.21654147324079923,0.0,-13.289178256450265,0.0,-0.0
56464843750.0,0.21654147324079923,0.0,-13.289178256450265,0.0,-0.0
56492187500.0,0.21654147324079923,0.0,-13.289178256450265,0.0,-0.0
56519531250.0,0.21654147324079923,0.0,-13.289178256450265,0.0,-0.0
56546875000.0,0.21654147324079923,0.0,-13.289178256450265,0.0,-0.0
56574218750.0,0.21654147324079923,0.0,-13.289178256450265,0.0,-0.0
56601562500.0,0.21654147324079923,0.0,-13.289178256450265,0.0,-0.0
56628906250.0,0.21654147324079923,0.0,-13.289178256450265,0.0,-0.0
56656250000.0,0.21654147324079923,0.0,-13.289178256450265,0.0,-0.0
56683593750.0,0.21654147324079923,0.0,-13.289178256450265,0.0,-0.0
56710937500.0,0.21654147324079923,0.0,-13.289178256450265,0.0,-0.0
56738281250.0,0.21654147324079923,0.0,-13.289178256450265,0.0,-0.0
56765625000.0,0.21654147324079923,0.0,-13.289178256450265,0.0,-0.0
56792968750.0,0.21654147324079923,0.0,-13.289178256450265,0.0,-0.0
56820312500.0,0.21654147324079923,0.0,-13.289178256450265,0.0,-0.0
56847656250.0,0.21654147324079923,0.0,-13.289178256450265,0.0,-0.0
56875000000.0,0.21654147324079923,0.0,-13.289178256450265,0.0,-0.0
56902343750.0,0.21654147324079923,0.0,-13.289178256450265,0.0,-0.0
56929687500.0,0.21654147324079923,0.0,-13.289178256450265,0.0,-0.0
56957031250.0,0.21654147324079923,0.0,-13.289178256450265,0.0,-0.0
56984375000.0,0.21654147324079923,0.0,-13.289178256450265,0.0,-0.0
57011718750.0,0.21654147324079923,0.0,-13.289178256450265,0.0,-0.0
57039062500.0,0.21654147324079923,0.0,-13.289178256450265,0.0,-0.0
57066406250.0,0.21654147324079923,0.0,-13.289178256450265,0.0,-0.0
57093750000.0,0.21654147324079923,0.0,-13.289178256450265,0.0,-0.0
57121093750.0,0.21654147324079923,0.0,-13.289178256450265,0.0,-0.0
57148437500.0,0.21654147324079923,0.0,-13.289178256450265,0.0,-0.0
57175781250.0,0.21654147324079923,0.0,-13.289178256450265,0.0,-0.0
57203125000.0,0.21654147324079923,0.0,-13.289178256450265,0.0,-0.0
57230468750.0,0.21654147324079923,0.0,-13.289178256450265,0.0,-0.0
57257812500.0,0.21654147324079923,0.0,-13.289178256450265,0.0,-0.0
57285156250.0,0.21654147324079923,0.0,-13.289178256450265,0.0,-0.0
57312500000.0,0.21654147324079923,0.0,-13.289178256450265,0.0,-0.0
57339843750.0,0.21654147324079923,0.0,-13.289178256450265,0.0,-0.0
57367187500.0,0.21654147324079923,0.0,-13.289178256450265,0.0,-0.0
57394531250.0,0.21654147324079923,0.0,-13.289178256450265,0.0,-0.0
57421875000.0,0.21654147324079923,0.0,-13.289178256450265,0.0,-0.0
57449218750.0,0.21654147324079923,0.0,-13.289178256450265,0.0,-0.0
57476562500.0,0.21654147324079923,0.0,-13.289178256450265,0.0,-0.0
57503906250.0,0.21654147324079923,0.0,-13.289178256450265,0.0,-0.0
57531250000.0,0.21654147324079923,0.0,-13.289178256450265,0.0,-0.0
57558593750.0,0.21654147324079923,0.0,-13.289178256450265,0.0,-0.0
57585937500.0,0.21654147324079923,0.0,-13.289178256450265,0.0,-0.0
57613281250.0,0.21654147324079923,0.0,-13.289178256450265,0.0,-0.0
57640625000.0,0.21654147324079923,0.0,-13.289178256450265,0.0,-0.0
57667968750.0,0.21654147324079923,0.0,-13.289178256450265,0.0,-0.0
57695312500.0,0.21654147324079923,0.0,-13.289178256450265,0.0,-0.0
57722656250.0,0.21654147324079923,0.0,-13.289178256450265,0.0,-0.0
57750000000.0,0.21654147324079923,0.0,-13.289178256450265,0.0,-0.0
57777343750.0,0.21654147324079923,0.0,-13.289178256450265,0.0,-0.0
57804687500.0,0.21654147324079923,0.0,-13.289178256450265,0.0,-0.0
57832031250.0,0.21654147324079923,0.0,-13.289178256450265,0.0,-0.0
57859375000.0,0.21654147324079923,0.0,-13.289178256450265,0.0,-0.0
57886718750.0,0.21654147324079923,0.0,-13.289178256450265,0.0,-0.0
57914062500.0,0.21654147324079923,0.0,-13.289178256450265,0.0,-0.0
57941406250.0,0.21654147324079923,0.0,-13.289178256450265,0.0,-0.0
57968750000.0,0.21654147324079923,0.0,-13.289178256450265,0.0,-0.0
57996093750.0,0.21654147324079923,0.0,-13.289178256450265,0.0,-0.0
58023437500.0,0.21654147324079923,0.0,-13.289178256450265,0.0,-0.0
58050781250.0,0.21654147324079923,0.0,-13.289178256450265,0.0,-0.0
58078125000.0,0.21654147324079923,0.0,-13.289178256450265,0.0,-0.0
58105468750.0,0.21654147324079923,0.0,-13.289178256450265,0.0,-0.0
58132812500.0,0.21654147324079923,0.0,-13.289178256450265,0.0,-0.0
58160156250.0,0.21654147324079923,0.0,-13.289178256450265,0.0,-0.0
58187500000.0,0.21654147324079923,0.0,-13.289178256450265,0.0,-0.0
58214843750.0,0.21654147324079923,0.0,-13.289178256450265,0.0,-0.0
58242187500.0,0.21654147324079923,0.0,-13.289178256450265,0.0,-0.0
58269531250.0,0.21654147324079923,0.0,-13.289178256450265,0.0,-0.0
58296875000.0,0.21654147324079923,0.0,-13.289178256450265,0.0,-0.0
58324218750.0,0.21654147324079923,0.0,-13.289178256450265,0.0,-0.0
58351562500.0,0.21654147324079923,0.0,-13.289178256450265,0.0,-0.0
58378906250.0,0.21654147324079923,0.0,-13.289178256450265,0.0,-0.0
58406250000.0,0.21654147324079923,0.0,-13.289178256450265,0.0,-0.0
58433593750.0,0.21654147324079923,0.0,-13.289178256450265,0.0,-0.0
58460937500.0,0.21654147324079923,0.0,-13.289178256450265,0.0,-0.0
58488281250.0,0.21654147324079923,0.0,-13.289178256450265,0.0,-0.0
58515625000.0,0.21654147324079923,0.0,-13.289178256450265,0.0,-0.0
58542968750.0,0.21654147324079923,0.0,-13.289178256450265,0.0,-0.0
58570312500.0,0.21654147324079923,0.0,-13.289178256450265,0.0,-0.0
58597656250.0,0.21654147324079923,0.0,-13.289178256450265,0.0,-0.0
58625000000.0,0.21654147324079923,0.0,-13.289178256450265,0.0,-0.0
58652343750.0,0.21654147324079923,0.0,-13.289178256450265,0.0,-0.0
58679687500.0,0.21654147324079923,0.0,-13.289178256450265,0.0,-0.0
58707031250.0,0.21654147324079923,0.0,-13.289178256450265,0.0,-0.0
58734375000.0,0.21654147324079923,0.0,-13.289178256450265,0.0,-0.0
58761718750.0,0.21654147324079923,0.0,-13.289178256450265,0.0,-0.0
58789062500.0,0.21654147324079923,0.0,-13.289178256450265,0.0,-0.0
58816406250.0,0.21654147324079923,0.0,-13.289178256450265,0.0,-0.0
58843750000.0,0.21654147324079923,0.0,-13.289178256450265,0.0,-0.0
58871093750.0,0.21654147324079923,0.0,-13.289178256450265,0.0,-0.0
58898437500.0,0.21654147324079923,0.0,-13.289178256450265,0.0,-0.0
58925781250.0,0.21654147324079923,0.0,-13.289178256450265,0.0,-0.0
58953125000.0,0.21654147324079923,0.0,-13.289178256450265,0.0,-0.0
58980468750.0,0.21654147324079923,0.0,-13.289178256450265,0.0,-0.0
59007812500.0,0.21654147324079923,0.0,-13.289178256450265,0.0,-0.0
59035156250.0,0.21654147324079923,0.0,-13.289178256450265,0.0,-0.0
59062500000.0,0.21654147324079923,0.0,-13.289178256450265,0.0,-0.0
59089843750.0,0.21654147324079923,0.0,-13.289178256450265,0.0,-0.0
59117187500.0,0.21654147324079923,0.0,-13.289178256450265,0.0,-0.0
59144531250.0,0.21654147324079923,0.0,-13.289178256450265,0.0,-0.0
59171875000.0,0.21654147324079923,0.0,-13.289178256450265,0.0,-0.0
59199218750.0,0.21654147324079923,0.0,-13.289178256450265,0.0,-0.0
59226562500.0,0.21654147324079923,0.0,-13.289178256450265,0.0,-0.0
59253906250.0,0.21654147324079923,0.0,-13.289178256450265,0.0,-0.0
59281250000.0,0.21654147324079923,0.0,-13.289178256450265,0.0,-0.0
59308593750.0,0.21654147324079923,0.0,-13.289178256450265,0.0,-0.0
59335937500.0,0.21654147324079923,0.0,-13.289178256450265,0.0,-0.0
59363281250.0,0.21654147324079923,0.0,-13.289178256450265,0.0,-0.0
59390625000.0,0.21654147324079923,0.0,-13.289178256450265,0.0,-0.0
59417968750.0,0.21654147324079923,0.0,-13.289178256450265,0.0,-0.0
59445312500.0,0.21654147324079923,0.0,-13.289178256450265,0.0,-0.0
59472656250.0,0.21654147324079923,0.0,-13.289178256450265,0.0,-0.0
59500000000.0,0.21654147324079923,0.0,-13.289178256450265,0.0,-0.0
59527343750.0,0.21654147324079923,0.0,-13.289178256450265,0.0,-0.0
59554687500.0,0.21654147324079923,0.0,-13.289178256450265,0.0,-0.0
59582031250.0,0.21654147324079923,0.0,-13.289178256450265,0.0,-0.0
59609375000.0,0.21654147324079923,0.0,-13.289178256450265,0.0,-0.0
59636718750.0,0.21654147324079923,0.0,-13.289178256450265,0.0,-0.0
59664062500.0,0.21654147324079923,0.0,-13.289178256450265,0.0,-0.0
59691406250.0,0.21654147324079923,0.0,-13.289178256450265,0.0,-0.0
59718750000.0,0.21654147324079923,0.0,-13.289178256450265,0.0,-0.0
59746093750.0,0.21654147324079923,0.0,-13.289178256450265,0.0,-0.0
59773437500.0,0.21654147324079923,0.0,-13.289178256450265,0.0,-0.0
59800781250.0,0.21654147324079923,0.0,-13.289178256450265,0.0,-0.0
59828125000.0,0.21654147324079923,0.0,-13.289178256450265,0.0,-0.0
59855468750.0,0.21654147324079923,0.0,-13.289178256450265,0.0,-0.0
59882812500.0,0.21654147324079923,0.0,-13.289178256450265,0.0,-0.0
59910156250.0,0.21654147324079923,0.0,-13.289178256450265,0.0,-0.0
59937500000.0,0.21654147324079923,0.0,-13.289178256450265,0.0,-0.0
59964843750.0,0.21654147324079923,0.0,-13.289178256450265,0.0,-0.0
59992187500.0,0.21654147324079923,0.0,-13.289178256450265,0.0,-0.0
60019531250.0,0.21654147324079923,0.0,-13.289178256450265,0.0,-0.0
60046875000.0,0.21654147324079923,0.0,-13.289178256450265,0.0,-0.0
60074218750.0,0.21654147324079923,0.0,-13.289178256450265,0.0,-0.0
60101562500.0,0.21654147324079923,0.0,-13.289178256450265,0.0,-0.0
60128906250.0,0.21654147324079923,0.0,-13.289178256450265,0.0,-0.0
60156250000.0,0.21654147324079923,0.0,-13.289178256450265,0.0,-0.0
60183593750.0,0.21654147324079923,0.0,-13.289178256450265,0.0,-0.0
60210937500.0,0.21654147324079923,0.0,-13.289178256450265,0.0,-0.0
60238281250.0,0.21654147324079923,0.0,-13.289178256450265,0.0,-0.0
60265625000.0,0.21654147324079923,0.0,-13.289178256450265,0.0,-0.0
60292968750.0,0.21654147324079923,0.0,-13.289178256450265,0.0,-0.0
60320312500.0,0.21654147324079923,0.0,-13.289178256450265,0.0,-0.0
60347656250.0,0.21654147324079923,0.0,-13.289178256450265,0.0,-0.0
60375000000.0,0.21654147324079923,0.0,-13.289178256450265,0.0,-0.0
60402343750.0,0.21654147324079923,0.0,-13.289178256450265,0.0,-0.0
60429687500.0,0.21654147324079923,0.0,-13.289178256450265,0.0,-0.0
60457031250.0,0.21654147324079923,0.0,-13.289178256450265,0.0,-0.0
60484375000.0,0.21654147324079923,0.0,-13.289178256450265,0.0,-0.0
60511718750.0,0.21654147324079923,0.0,-13.289178256450265,0.0,-0.0
60539062500.0,0.21654147324079923,0.0,-13.289178256450265,0.0,-0.0
60566406250.0,0.21654147324079923,0.0,-13.289178256450265,0.0,-0.0
60593750000.0,0.21654147324079923,0.0,-13.289178256450265,0.0,-0.0
60621093750.0,0.21654147324079923,0.0,-13.289178256450265,0.0,-0.0
60648437500.0,0.21654147324079923,0.0,-13.289178256450265,0.0,-0.0
60675781250.0,0.21654147324079923,0.0,-13.289178256450265,0.0,-0.0
60703125000.0,0.21654147324079923,0.0,-13.289178256450265,0.0,-0.0
60730468750.0,0.21654147324079923,0.0,-13.289178256450265,0.0,-0.0
60757812500.0,0.21654147324079923,0.0,-13.289178256450265,0.0,-0.0
60785156250.0,0.21654147324079923,0.0,-13.289178256450265,0.0,-0.0
60812500000.0,0.21654147324079923,0.0,-13.289178256450265,0.0,-0.0
60839843750.0,0.21654147324079923,0.0,-13.289178256450265,0.0,-0.0
60867187500.0,0.21654147324079923,0.0,-13.289178256450265,0.0,-0.0
60894531250.0,0.21654147324079923,0.0,-13.289178256450265,0.0,-0.0
60921875000.0,0.21654147324079923,0.0,-13.289178256450265,0.0,-0.0
60949218750.0,0.21654147324079923,0.0,-13.289178256450265,0.0,-0.0
60976562500.0,0.21654147324079923,0.0,-13.289178256450265,0.0,-0.0
61003906250.0,0.21654147324079923,0.0,-13.289178256450265,0.0,-0.0
61031250000.0,0.21654147324079923,0.0,-13.289178256450265,0.0,-0.0
61058593750.0,0.21654147324079923,0.0,-13.289178256450265,0.0,-0.0
61085937500.0,0.21654147324079923,0.0,-13.289178256450265,0.0,-0.0
61113281250.0,0.21654147324079923,0.0,-13.289178256450265,0.0,-0.0
61140625000.0,0.21654147324079923,0.0,-13.289178256450265,0.0,-0.0
61167968750.0,0.21654147324079923,0.0,-13.289178256450265,0.0,-0.0
61195312500.0,0.21654147324079923,0.0,-13.289178256450265,0.0,-0.0
61222656250.0,0.21654147324079923,0.0,-13.289178256450265,0.0,-0.0
61250000000.0,0.21654147324079923,0.0,-13.289178256450265,0.0,-0.0
61277343750.0,0.21654147324079923,0.0,-13.289178256450265,0.0,-0.0
61304687500.0,0.21654147324079923,0.0,-13.289178256450265,0.0,-0.0
61332031250.0,0.21654147324079923,0.0,-13.289178256450265,0.0,-0.0
61359375000.0,0.21654147324079923,0.0,-13.289178256450265,0.0,-0.0
61386718750.0,0.21654147324079923,0.0,-13.289178256450265,0.0,-0.0
61414062500.0,0.21654147324079923,0.0,-13.289178256450265,0.0,-0.0
61441406250.0,0.21654147324079923,0.0,-13.289178256450265,0.0,-0.0
61468750000.0,0.21654147324079923,0.0,-13.289178256450265,0.0,-0.0
61496093750.0,0.21654147324079923,0.0,-13.289178256450265,0.0,-0.0
61523437500.0,0.21654147324079923,0.0,-13.289178256450265,0.0,-0.0
61550781250.0,0.21654147324079923,0.0,-13.289178256450265,0.0,-0.0
61578125000.0,0.21654147324079923,0.0,-13.289178256450265,0.0,-0.0
61605468750.0,0.21654147324079923,0.0,-13.289178256450265,0.0,-0.0
61632812500.0,0.21654147324079923,0.0,-13.289178256450265,0.0,-0.0
61660156250.0,0.21654147324079923,0.0,-13.289178256450265,0.0,-0.0
61687500000.0,0.21654147324079923,0.0,-13.289178256450265,0.0,-0.0
61714843750.0,0.21654147324079923,0.0,-13.289178256450265,0.0,-0.0
61742187500.0,0.21654147324079923,0.0,-13.289178256450265,0.0,-0.0
61769531250.0,0.21654147324079923,0.0,-13.289178256450265,0.0,-0.0
61796875000.0,0.21654147324079923,0.0,-13.289178256450265,0.0,-0.0
61824218750.0,0.21654147324079923,0.0,-13.289178256450265,0.0,-0.0
61851562500.0,0.21654147324079923,0.0,-13.289178256450265,0.0,-0.0
61878906250.0,0.21654147324079923,0.0,-13.289178256450265,0.0,-0.0
61906250000.0,0.21654147324079923,0.0,-13.289178256450265,0.0,-0.0
61933593750.0,0.21654147324079923,0.0,-13.289178256450265,0.0,-0.0
61960937500.0,0.21654147324079923,0.0,-13.289178256450265,0.0,-0.0
61988281250.0,0.21654147324079923,0.0,-13.289178256450265,0.0,-0.0
62015625000.0,0.21654147324079923,0.0,-13.289178256450265,0.0,-0.0
62042968750.0,0.21654147324079923,0.0,-13.289178256450265,0.0,-0.0
62070312500.0,0.21654147324079923,0.0,-13.289178256450265,0.0,-0.0
62097656250.0,0.21654147324079923,0.0,-13.289178256450265,0.0,-0.0
62125000000.0,0.21654147324079923,0.0,-13.289178256450265,0.0,-0.0
62152343750.0,0.21654147324079923,0.0,-13.289178256450265,0.0,-0.0
62179687500.0,0.21654147324079923,0.0,-13.289178256450265,0.0,-0.0
62207031250.0,0.21654147324079923,0.0,-13.289178256450265,0.0,-0.0
62234375000.0,0.21654147324079923,0.0,-13.289178256450265,0.0,-0.0
62261718750.0,0.21654147324079923,0.0,-13.289178256450265,0.0,-0.0
62289062500.0,0.21654147324079923,0.0,-13.289178256450265,0.0,-0.0
62316406250.0,0.21654147324079923,0.0,-13.289178256450265,0.0,-0.0
62343750000.0,0.21654147324079923,0.0,-13.289178256450265,0.0,-0.0
62371093750.0,0.21654147324079923,0.0,-13.289178256450265,0.0,-0.0
62398437500.0,0.21654147324079923,0.0,-13.289178256450265,0.0,-0.0
62425781250.0,0.21654147324079923,0.0,-13.289178256450265,0.0,-0.0
62453125000.0,0.21654147324079923,0.0,-13.289178256450265,0.0,-0.0
62480468750.0,0.21654147324079923,0.0,-13.289178256450265,0.0,-0.0
62507812500.0,0.21654147324079923,0.0,-13.289178256450265,0.0,-0.0
62535156250.0,0.21654147324079923,0.0,-13.289178256450265,0.0,-0.0
62562500000.0,0.21654147324079923,0.0,-13.289178256450265,0.0,-0.0
62589843750.0,0.21654147324079923,0.0,-13.289178256450265,0.0,-0.0
62617187500.0,0.21654147324079923,0.0,-13.289178256450265,0.0,-0.0
62644531250.0,0.21654147324079923,0.0,-13.289178256450265,0.0,-0.0
62671875000.0,0.21654147324079923,0.0,-13.289178256450265,0.0,-0.0
62699218750.0,0.21654147324079923,0.0,-13.289178256450265,0.0,-0.0
62726562500.0,0.21654147324079923,0.0,-13.289178256450265,0.0,-0.0
62753906250.0,0.21654147324079923,0.0,-13.289178256450265,0.0,-0.0
62781250000.0,0.21654147324079923,0.0,-13.289178256450265,0.0,-0.0
62808593750.0,0.21654147324079923,0.0,-13.289178256450265,0.0,-0.0
62835937500.0,0.21654147324079923,0.0,-13.289178256450265,0.0,-0.0
62863281250.0,0.21654147324079923,0.0,-13.289178256450265,0.0,-0.0
62890625000.0,0.21654147324079923,0.0,-13.289178256450265,0.0,-0.0
62917968750.0,0.21654147324079923,0.0,-13.289178256450265,0.0,-0.0
62945312500.0,0.21654147324079923,0.0,-13.289178256450265,0.0,-0.0
62972656250.0,0.21654147324079923,0.0,-13.289178256450265,0.0,-0.0
63000000000.0,0.21654147324079923,0.0,-13.289178256450265,0.0,-0.0
63027343750.0,0.21654147324079923,0.0,-13.289178256450265,0.0,-0.0
63054687500.0,0.21654147324079923,0.0,-13.289178256450265,0.0,-0.0
63082031250.0,0.21654147324079923,0.0,-13.289178256450265,0.0,-0.0
63109375000.0,0.21654147324079923,0.0,-13.289178256450265,0.0,-0.0
63136718750.0,0.21654147324079923,0.0,-13.289178256450265,0.0,-0.0
63164062500.0,0.21654147324079923,0.0,-13.289178256450265,0.0,-0.0
63191406250.0,0.21654147324079923,0.0,-13.289178256450265,0.0,-0.0
63218750000.0,0.21654147324079923,0.0,-13.289178256450265,0.0,-0.0
63246093750.0,0.21654147324079923,0.0,-13.289178256450265,0.0,-0.0
63273437500.0,0.21654147324079923,0.0,-13.289178256450265,0.0,-0.0
63300781250.0,0.21654147324079923,0.0,-13.289178256450265,0.0,-0.0
63328125000.0,0.21654147324079923,0.0,-13.289178256450265,0.0,-0.0
63355468750.0,0.21654147324079923,0.0,-13.289178256450265,0.0,-0.0
63382812500.0,0.21654147324079923,0.0,-13.289178256450265,0.0,-0.0
63410156250.0,0.21654147324079923,0.0,-13.289178256450265,0.0,-0.0
63437500000.0,0.21654147324079923,0.0,-13.289178256450265,0.0,-0.0
63464843750.0,0.21654147324079923,0.0,-13.289178256450265,0.0,-0.0
63492187500.0,0.21654147324079923,0.0,-13.289178256450265,0.0,-0.0
63519531250.0,0.21654147324079923,0.0,-13.289178256450265,0.0,-0.0
63546875000.0,0.21654147324079923,0.0,-13.289178256450265,0.0,-0.0
63574218750.0,0.21654147324079923,0.0,-13.289178256450265,0.0,-0.0
63601562500.0,0.21654147324079923,0.0,-13.289178256450265,0.0,-0.0
63628906250.0,0.21654147324079923,0.0,-13.289178256450265,0.0,-0.0
63656250000.0,0.21654147324079923,0.0,-13.289178256450265,0.0,-0.0
63683593750.0,0.21654147324079923,0.0,-13.289178256450265,0.0,-0.0
63710937500.0,0.21654147324079923,0.0,-13.289178256450265,0.0,-0.0
63738281250.0,0.21654147324079923,0.0,-13.289178256450265,0.0,-0.0
63765625000.0,0.21654147324079923,0.0,-13.289178256450265,0.0,-0.0
63792968750.0,0.21654147324079923,0.0,-13.289178256450265,0.0,-0.0
63820312500.0,0.21654147324079923,0.0,-13.289178256450265,0.0,-0.0
63847656250.0,0.21654147324079923,0.0,-13.289178256450265,0.0,-0.0
63875000000.0,0.21654147324079923,0.0,-13.289178256450265,0.0,-0.0
63902343750.0,0.21654147324079923,0.0,-13.289178256450265,0.0,-0.0
63929687500.0,0.21654147324079923,0.0,-13.289178256450265,0.0,-0.0
63957031250.0,0.21654147324079923,0.0,-13.289178256450265,0.0,-0.0
63984375000.0,0.21654147324079923,0.0,-13.289178256450265,0.0,-0.0
64011718750.0,0.21654147324079923,0.0,-13.289178256450265,0.0,-0.0
64039062500.0,0.21654147324079923,0.0,-13.289178256450265,0.0,-0.0
64066406250.0,0.21654147324079923,0.0,-13.289178256450265,0.0,-0.0
64093750000.0,0.21654147324079923,0.0,-13.289178256450265,0.0,-0.0
64121093750.0,0.21654147324079923,0.0,-13.289178256450265,0.0,-0.0
64148437500.0,0.21654147324079923,0.0,-13.289178256450265,0.0,-0.0
64175781250.0,0.21654147324079923,0.0,-13.289178256450265,0.0,-0.0
64203125000.0,0.21654147324079923,0.0,-13.289178256450265,0.0,-0.0
64230468750.0,0.21654147324079923,0.0,-13.289178256450265,0.0,-0.0
64257812500.0,0.21654147324079923,0.0,-13.289178256450265,0.0,-0.0
64285156250.0,0.21654147324079923,0.0,-13.289178256450265,0.0,-0.0
64312500000.0,0.21654147324079923,0.0,-13.289178256450265,0.0,-0.0
64339843750.0,0.21654147324079923,0.0,-13.289178256450265,0.0,-0.0
64367187500.0,0.21654147324079923,0.0,-13.289178256450265,0.0,-0.0
64394531250.0,0.21654147324079923,0.0,-13.289178256450265,0.0,-0.0
64421875000.0,0.21654147324079923,0.0,-13.289178256450265,0.0,-0.0
64449218750.0,0.21654147324079923,0.0,-13.289178256450265,0.0,-0.0
64476562500.0,0.21654147324079923,0.0,-13.289178256450265,0.0,-0.0
64503906250.0,0.21654147324079923,0.0,-13.289178256450265,0.0,-0.0
64531250000.0,0.21654147324079923,0.0,-13.289178256450265,0.0,-0.0
64558593750.0,0.21654147324079923,0.0,-13.289178256450265,0.0,-0.0
64585937500.0,0.21654147324079923,0.0,-13.289178256450265,0.0,-0.0
64613281250.0,0.21654147324079923,0.0,-13.289178256450265,0.0,-0.0
64640625000.0,0.21654147324079923,0.0,-13.289178256450265,0.0,-0.0
64667968750.0,0.21654147324079923,0.0,-13.289178256450265,0.0,-0.0
64695312500.0,0.21654147324079923,0.0,-13.289178256450265,0.0,-0.0
64722656250.0,0.21654147324079923,0.0,-13.289178256450265,0.0,-0.0
64750000000.0,0.21654147324079923,0.0,-13.289178256450265,0.0,-0.0
64777343750.0,0.21654147324079923,0.0,-13.289178256450265,0.0,-0.0
64804687500.0,0.21654147324079923,0.0,-13.289178256450265,0.0,-0.0
64832031250.0,0.21654147324079923,0.0,-13.289178256450265,0.0,-0.0
64859375000.0,0.21654147324079923,0.0,-13.289178256450265,0.0,-0.0
64886718750.0,0.21654147324079923,0.0,-13.289178256450265,0.0,-0.0
64914062500.0,0.21654147324079923,0.0,-13.289178256450265,0.0,-0.0
64941406250.0,0.21654147324079923,0.0,-13.289178256450265,0.0,-0.0
64968750000.0,0.21654147324079923,0.0,-13.289178256450265,0.0,-0.0
64996093750.0,0.21654147324079923,0.0,-13.289178256450265,0.0,-0.0
65023437500.0,0.21654147324079923,0.0,-13.289178256450265,0.0,-0.0
65050781250.0,0.21654147324079923,0.0,-13.289178256450265,0.0,-0.0
65078125000.0,0.21654147324079923,0.0,-13.289178256450265,0.0,-0.0
65105468750.0,0.21654147324079923,0.0,-13.289178256450265,0.0,-0.0
65132812500.0,0.21654147324079923,0.0,-13.289178256450265,0.0,-0.0
65160156250.0,0.21654147324079923,0.0,-13.289178256450265,0.0,-0.0
65187500000.0,0.21654147324079923,0.0,-13.289178256450265,0.0,-0.0
65214843750.0,0.21654147324079923,0.0,-13.289178256450265,0.0,-0.0
65242187500.0,0.21654147324079923,0.0,-13.289178256450265,0.0,-0.0
65269531250.0,0.21654147324079923,0.0,-13.289178256450265,0.0,-0.0
65296875000.0,0.21654147324079923,0.0,-13.289178256450265,0.0,-0.0
65324218750.0,0.21654147324079923,0.0,-13.289178256450265,0.0,-0.0
65351562500.0,0.21654147324079923,0.0,-13.289178256450265,0.0,-0.0
65378906250.0,0.21654147324079923,0.0,-13.289178256450265,0.0,-0.0
65406250000.0,0.21654147324079923,0.0,-13.289178256450265,0.0,-0.0
65433593750.0,0.21654147324079923,0.0,-13.289178256450265,0.0,-0.0
65460937500.0,0.21654147324079923,0.0,-13.289178256450265,0.0,-0.0
65488281250.0,0.21654147324079923,0.0,-13.289178256450265,0.0,-0.0
65515625000.0,0.21654147324079923,0.0,-13.289178256450265,0.0,-0.0
65542968750.0,0.21654147324079923,0.0,-13.289178256450265,0.0,-0.0
65570312500.0,0.21654147324079923,0.0,-13.289178256450265,0.0,-0.0
65597656250.0,0.21654147324079923,0.0,-13.289178256450265,0.0,-0.0
65625000000.0,0.21654147324079923,0.0,-13.289178256450265,0.0,-0.0
65652343750.0,0.21654147324079923,0.0,-13.289178256450265,0.0,-0.0
65679687500.0,0.21654147324079923,0.0,-13.289178256450265,0.0,-0.0
65707031250.0,0.21654147324079923,0.0,-13.289178256450265,0.0,-0.0
65734375000.0,0.21654147324079923,0.0,-13.289178256450265,0.0,-0.0
65761718750.0,0.21654147324079923,0.0,-13.289178256450265,0.0,-0.0
65789062500.0,0.21654147324079923,0.0,-13.289178256450265,0.0,-0.0
65816406250.0,0.21654147324079923,0.0,-13.289178256450265,0.0,-0.0
65843750000.0,0.21654147324079923,0.0,-13.289178256450265,0.0,-0.0
65871093750.0,0.21654147324079923,0.0,-13.289178256450265,0.0,-0.0
65898437500.0,0.21654147324079923,0.0,-13.289178256450265,0.0,-0.0
65925781250.0,0.21654147324079923,0.0,-13.289178256450265,0.0,-0.0
65953125000.0,0.21654147324079923,0.0,-13.289178256450265,0.0,-0.0
65980468750.0,0.21654147324079923,0.0,-13.289178256450265,0.0,-0.0
66007812500.0,0.21654147324079923,0.0,-13.289178256450265,0.0,-0.0
66035156250.0,0.21654147324079923,0.0,-13.289178256450265,0.0,-0.0
66062500000.0,0.21654147324079923,0.0,-13.289178256450265,0.0,-0.0
66089843750.0,0.21654147324079923,0.0,-13.289178256450265,0.0,-0.0
66117187500.0,0.21654147324079923,0.0,-13.289178256450265,0.0,-0.0
66144531250.0,0.21654147324079923,0.0,-13.289178256450265,0.0,-0.0
66171875000.0,0.21654147324079923,0.0,-13.289178256450265,0.0,-0.0
66199218750.0,0.21654147324079923,0.0,-13.289178256450265,0.0,-0.0
66226562500.0,0.21654147324079923,0.0,-13.289178256450265,0.0,-0.0
66253906250.0,0.21654147324079923,0.0,-13.289178256450265,0.0,-0.0
66281250000.0,0.21654147324079923,0.0,-13.289178256450265,0.0,-0.0
66308593750.0,0.21654147324079923,0.0,-13.289178256450265,0.0,-0.0
66335937500.0,0.21654147324079923,0.0,-13.289178256450265,0.0,-0.0
66363281250.0,0.21654147324079923,0.0,-13.289178256450265,0.0,-0.0
66390625000.0,0.21654147324079923,0.0,-13.289178256450265,0.0,-0.0
66417968750.0,0.21654147324079923,0.0,-13.289178256450265,0.0,-0.0
66445312500.0,0.21654147324079923,0.0,-13.289178256450265,0.0,-0.0
66472656250.0,0.21654147324079923,0.0,-13.289178256450265,0.0,-0.0
66500000000.0,0.21654147324079923,0.0,-13.289178256450265,0.0,-0.0
66527343750.0,0.21654147324079923,0.0,-13.289178256450265,0.0,-0.0
66554687500.0,0.21654147324079923,0.0,-13.289178256450265,0.0,-0.0
66582031250.0,0.21654147324079923,0.0,-13.289178256450265,0.0,-0.0
66609375000.0,0.21654147324079923,0.0,-13.289178256450265,0.0,-0.0
66636718750.0,0.21654147324079923,0.0,-13.289178256450265,0.0,-0.0
66664062500.0,0.21654147324079923,0.0,-13.289178256450265,0.0,-0.0
66691406250.0,0.21654147324079923,0.0,-13.289178256450265,0.0,-0.0
66718750000.0,0.21654147324079923,0.0,-13.289178256450265,0.0,-0.0
66746093750.0,0.21654147324079923,0.0,-13.289178256450265,0.0,-0.0
66773437500.0,0.21654147324079923,0.0,-13.289178256450265,0.0,-0.0
66800781250.0,0.21654147324079923,0.0,-13.289178256450265,0.0,-0.0
66828125000.0,0.21654147324079923,0.0,-13.289178256450265,0.0,-0.0
66855468750.0,0.21654147324079923,0.0,-13.289178256450265,0.0,-0.0
66882812500.0,0.21654147324079923,0.0,-13.289178256450265,0.0,-0.0
66910156250.0,0.21654147324079923,0.0,-13.289178256450265,0.0,-0.0
66937500000.0,0.21654147324079923,0.0,-13.289178256450265,0.0,-0.0
66964843750.0,0.21654147324079923,0.0,-13.289178256450265,0.0,-0.0
66992187500.0,0.21654147324079923,0.0,-13.289178256450265,0.0,-0.0
67019531250.0,0.21654147324079923,0.0,-13.289178256450265,0.0,-0.0
67046875000.0,0.21654147324079923,0.0,-13.289178256450265,0.0,-0.0
67074218750.0,0.21654147324079923,0.0,-13.289178256450265,0.0,-0.0
67101562500.0,0.21654147324079923,0.0,-13.289178256450265,0.0,-0.0
67128906250.0,0.21654147324079923,0.0,-13.289178256450265,0.0,-0.0
67156250000.0,0.21654147324079923,0.0,-13.289178256450265,0.0,-0.0
67183593750.0,0.21654147324079923,0.0,-13.289178256450265,0.0,-0.0
67210937500.0,0.21654147324079923,0.0,-13.289178256450265,0.0,-0.0
67238281250.0,0.21654147324079923,0.0,-13.289178256450265,0.0,-0.0
67265625000.0,0.21654147324079923,0.0,-13.289178256450265,0.0,-0.0
67292968750.0,0.21654147324079923,0.0,-13.289178256450265,0.0,-0.0
67320312500.0,0.21654147324079923,0.0,-13.289178256450265,0.0,-0.0
67347656250.0,0.21654147324079923,0.0,-13.289178256450265,0.0,-0.0
67375000000.0,0.21654147324079923,0.0,-13.289178256450265,0.0,-0.0
67402343750.0,0.21654147324079923,0.0,-13.289178256450265,0.0,-0.0
67429687500.0,0.21654147324079923,0.0,-13.289178256450265,0.0,-0.0
67457031250.0,0.21654147324079923,0.0,-13.289178256450265,0.0,-0.0
67484375000.0,0.21654147324079923,0.0,-13.289178256450265,0.0,-0.0
67511718750.0,0.21654147324079923,0.0,-13.289178256450265,0.0,-0.0
67539062500.0,0.21654147324079923,0.0,-13.289178256450265,0.0,-0.0
67566406250.0,0.21654147324079923,0.0,-13.289178256450265,0.0,-0.0
67593750000.0,0.21654147324079923,0.0,-13.289178256450265,0.0,-0.0
67621093750.0,0.21654147324079923,0.0,-13.289178256450265,0.0,-0.0
67648437500.0,0.21654147324079923,0.0,-13.289178256450265,0.0,-0.0
67675781250.0,0.21654147324079923,0.0,-13.289178256450265,0.0,-0.0
67703125000.0,0.21654147324079923,0.0,-13.289178256450265,0.0,-0.0
67730468750.0,0.21654147324079923,0.0,-13.289178256450265,0.0,-0.0
67757812500.0,0.21654147324079923,0.0,-13.289178256450265,0.0,-0.0
67785156250.0,0.21654147324079923,0.0,-13.289178256450265,0.0,-0.0
67812500000.0,0.21654147324079923,0.0,-13.289178256450265,0.0,-0.0
67839843750.0,0.21654147324079923,0.0,-13.289178256450265,0.0,-0.0
67867187500.0,0.21654147324079923,0.0,-13.289178256450265,0.0,-0.0
67894531250.0,0.21654147324079923,0.0,-13.289178256450265,0.0,-0.0
67921875000.0,0.21654147324079923,0.0,-13.289178256450265,0.0,-0.0
67949218750.0,0.21654147324079923,0.0,-13.289178256450265,0.0,-0.0
67976562500.0,0.21654147324079923,0.0,-13.289178256450265,0.0,-0.0
68003906250.0,0.21654147324079923,0.0,-13.289178256450265,0.0,-0.0
68031250000.0,0.21654147324079923,0.0,-13.289178256450265,0.0,-0.0
68058593750.0,0.21654147324079923,0.0,-13.289178256450265,0.0,-0.0
68085937500.0,0.21654147324079923,0.0,-13.289178256450265,0.0,-0.0
68113281250.0,0.21654147324079923,0.0,-13.289178256450265,0.0,-0.0
68140625000.0,0.21654147324079923,0.0,-13.289178256450265,0.0,-0.0
68167968750.0,0.21654147324079923,0.0,-13.289178256450265,0.0,-0.0
68195312500.0,0.21654147324079923,0.0,-13.289178256450265,0.0,-0.0
68222656250.0,0.21654147324079923,0.0,-13.289178256450265,0.0,-0.0
68250000000.0,0.21654147324079923,0.0,-13.289178256450265,0.0,-0.0
68277343750.0,0.21654147324079923,0.0,-13.289178256450265,0.0,-0.0
68304687500.0,0.21654147324079923,0.0,-13.289178256450265,0.0,-0.0
68332031250.0,0.21654147324079923,0.0,-13.289178256450265,0.0,-0.0
68359375000.0,0.21654147324079923,0.0,-13.289178256450265,0.0,-0.0
68386718750.0,0.21654147324079923,0.0,-13.289178256450265,0.0,-0.0
68414062500.0,0.21654147324079923,0.0,-13.289178256450265,0.0,-0.0
68441406250.0,0.21654147324079923,0.0,-13.289178256450265,0.0,-0.0
68468750000.0,0.21654147324079923,0.0,-13.289178256450265,0.0,-0.0
68496093750.0,0.21654147324079923,0.0,-13.289178256450265,0.0,-0.0
68523437500.0,0.21654147324079923,0.0,-13.289178256450265,0.0,-0.0
68550781250.0,0.21654147324079923,0.0,-13.289178256450265,0.0,-0.0
68578125000.0,0.21654147324079923,0.0,-13.289178256450265,0.0,-0.0
68605468750.0,0.21654147324079923,0.0,-13.289178256450265,0.0,-0.0
68632812500.0,0.21654147324079923,0.0,-13.289178256450265,0.0,-0.0
68660156250.0,0.21654147324079923,0.0,-13.289178256450265,0.0,-0.0
68687500000.0,0.21654147324079923,0.0,-13.289178256450265,0.0,-0.0
68714843750.0,0.21654147324079923,0.0,-13.289178256450265,0.0,-0.0
68742187500.0,0.21654147324079923,0.0,-13.289178256450265,0.0,-0.0
68769531250.0,0.21654147324079923,0.0,-13.289178256450265,0.0,-0.0
68796875000.0,0.21654147324079923,0.0,-13.289178256450265,0.0,-0.0
68824218750.0,0.21654147324079923,0.0,-13.289178256450265,0.0,-0.0
68851562500.0,0.21654147324079923,0.0,-13.289178256450265,0.0,-0.0
68878906250.0,0.21654147324079923,0.0,-13.289178256450265,0.0,-0.0
68906250000.0,0.21654147324079923,0.0,-13.289178256450265,0.0,-0.0
68933593750.0,0.21654147324079923,0.0,-13.289178256450265,0.0,-0.0
68960937500.0,0.21654147324079923,0.0,-13.289178256450265,0.0,-0.0
68988281250.0,0.21654147324079923,0.0,-13.289178256450265,0.0,-0.0
69015625000.0,0.21654147324079923,0.0,-13.289178256450265,0.0,-0.0
69042968750.0,0.21654147324079923,0.0,-13.289178256450265,0.0,-0.0
69070312500.0,0.21654147324079923,0.0,-13.289178256450265,0.0,-0.0
69097656250.0,0.21654147324079923,0.0,-13.289178256450265,0.0,-0.0
69125000000.0,0.21654147324079923,0.0,-13.289178256450265,0.0,-0.0
69152343750.0,0.21654147324079923,0.0,-13.289178256450265,0.0,-0.0
69179687500.0,0.21654147324079923,0.0,-13.289178256450265,0.0,-0.0
69207031250.0,0.21654147324079923,0.0,-13.289178256450265,0.0,-0.0
69234375000.0,0.21654147324079923,0.0,-13.289178256450265,0.0,-0.0
69261718750.0,0.21654147324079923,0.0,-13.289178256450265,0.0,-0.0
69289062500.0,0.21654147324079923,0.0,-13.289178256450265,0.0,-0.0
69316406250.0,0.21654147324079923,0.0,-13.289178256450265,0.0,-0.0
69343750000.0,0.21654147324079923,0.0,-13.289178256450265,0.0,-0.0
69371093750.0,0.21654147324079923,0.0,-13.289178256450265,0.0,-0.0
69398437500.0,0.21654147324079923,0.0,-13.289178256450265,0.0,-0.0
69425781250.0,0.21654147324079923,0.0,-13.289178256450265,0.0,-0.0
69453125000.0,0.21654147324079923,0.0,-13.289178256450265,0.0,-0.0
69480468750.0,0.21654147324079923,0.0,-13.289178256450265,0.0,-0.0
69507812500.0,0.21654147324079923,0.0,-13.289178256450265,0.0,-0.0
69535156250.0,0.21654147324079923,0.0,-13.289178256450265,0.0,-0.0
69562500000.0,0.21654147324079923,0.0,-13.289178256450265,0.0,-0.0
69589843750.0,0.21654147324079923,0.0,-13.289178256450265,0.0,-0.0
69617187500.0,0.21654147324079923,0.0,-13.289178256450265,0.0,-0.0
69644531250.0,0.21654147324079923,0.0,-13.289178256450265,0.0,-0.0
69671875000.0,0.21654147324079923,0.0,-13.289178256450265,0.0,-0.0
69699218750.0,0.21654147324079923,0.0,-13.289178256450265,0.0,-0.0
69726562500.0,0.21654147324079923,0.0,-13.289178256450265,0.0,-0.0
69753906250.0,0.21654147324079923,0.0,-13.289178256450265,0.0,-0.0
69781250000.0,0.21654147324079923,0.0,-13.289178256450265,0.0,-0.0
69808593750.0,0.21654147324079923,0.0,-13.289178256450265,0.0,-0.0
69835937500.0,0.21654147324079923,0.0,-13.289178256450265,0.0,-0.0
69863281250.0,0.21654147324079923,0.0,-13.289178256450265,0.0,-0.0
69890625000.0,0.21654147324079923,0.0,-13.289178256450265,0.0,-0.0
69917968750.0,0.21654147324079923,0.0,-13.289178256450265,0.0,-0.0
69945312500.0,0.21654147324079923,0.0,-13.289178256450265,0.0,-0.0
69972656250.0,0.21654147324079923,0.0,-13.289178256450265,0.0,-0.0
70000000000.0,0.21654147324079923,0.0,-13.289178256450265,0.0,-0.0
70027343750.0,0.21654147324079923,0.0,-13.289178256450265,0.0,-0.0
70054687500.0,0.21654147324079923,0.0,-13.289178256450265,0.0,-0.0
70082031250.0,0.21654147324079923,0.0,-13.289178256450265,0.0,-0.0
70109375000.0,0.21654147324079923,0.0,-13.289178256450265,0.0,-0.0
70136718750.0,0.21654147324079923,0.0,-13.289178256450265,0.0,-0.0
70164062500.0,0.21654147324079923,0.0,-13.289178256450265,0.0,-0.0
70191406250.0,0.21654147324079923,0.0,-13.289178256450265,0.0,-0.0
70218750000.0,0.21654147324079923,0.0,-13.289178256450265,0.0,-0.0
70246093750.0,0.21654147324079923,0.0,-13.289178256450265,0.0,-0.0
70273437500.0,0.21654147324079923,0.0,-13.289178256450265,0.0,-0.0
70300781250.0,0.21654147324079923,0.0,-13.289178256450265,0.0,-0.0
70328125000.0,0.21654147324079923,0.0,-13.289178256450265,0.0,-0.0
70355468750.0,0.21654147324079923,0.0,-13.289178256450265,0.0,-0.0
70382812500.0,0.21654147324079923,0.0,-13.289178256450265,0.0,-0.0
70410156250.0,0.21654147324079923,0.0,-13.289178256450265,0.0,-0.0
70437500000.0,0.21654147324079923,0.0,-13.289178256450265,0.0,-0.0
70464843750.0,0.21654147324079923,0.0,-13.289178256450265,0.0,-0.0
70492187500.0,0.21654147324079923,0.0,-13.289178256450265,0.0,-0.0
70519531250.0,0.21654147324079923,0.0,-13.289178256450265,0.0,-0.0
70546875000.0,0.21654147324079923,0.0,-13.289178256450265,0.0,-0.0
70574218750.0,0.21654147324079923,0.0,-13.289178256450265,0.0,-0.0
70601562500.0,0.21654147324079923,0.0,-13.289178256450265,0.0,-0.0
70628906250.0,0.21654147324079923,0.0,-13.289178256450265,0.0,-0.0
70656250000.0,0.21654147324079923,0.0,-13.289178256450265,0.0,-0.0
70683593750.0,0.21654147324079923,0.0,-13.289178256450265,0.0,-0.0
70710937500.0,0.21654147324079923,0.0,-13.289178256450265,0.0,-0.0
70738281250.0,0.21654147324079923,0.0,-13.289178256450265,0.0,-0.0
70765625000.0,0.21654147324079923,0.0,-13.289178256450265,0.0,-0.0
70792968750.0,0.21654147324079923,0.0,-13.289178256450265,0.0,-0.0
70820312500.0,0.21654147324079923,0.0,-13.289178256450265,0.0,-0.0
70847656250.0,0.21654147324079923,0.0,-13.289178256450265,0.0,-0.0
70875000000.0,0.21654147324079923,0.0,-13.289178256450265,0.0,-0.0
70902343750.0,0.21654147324079923,0.0,-13.289178256450265,0.0,-0.0
70929687500.0,0.21654147324079923,0.0,-13.289178256450265,0.0,-0.0
70957031250.0,0.21654147324079923,0.0,-13.289178256450265,0.0,-0.0
70984375000.0,0.21654147324079923,0.0,-13.289178256450265,0.0,-0.0
71011718750.0,0.21654147324079923,0.0,-13.289178256450265,0.0,-0.0
71039062500.0,0.21654147324079923,0.0,-13.289178256450265,0.0,-0.0
71066406250.0,0.21654147324079923,0.0,-13.289178256450265,0.0,-0.0
71093750000.0,0.21654147324079923,0.0,-13.289178256450265,0.0,-0.0
71121093750.0,0.21654147324079923,0.0,-13.289178256450265,0.0,-0.0
71148437500.0,0.21654147324079923,0.0,-13.289178256450265,0.0,-0.0
71175781250.0,0.21654147324079923,0.0,-13.289178256450265,0.0,-0.0
71203125000.0,0.21654147324079923,0.0,-13.289178256450265,0.0,-0.0
71230468750.0,0.21654147324079923,0.0,-13.289178256450265,0.0,-0.0
71257812500.0,0.21654147324079923,0.0,-13.289178256450265,0.0,-0.0
71285156250.0,0.21654147324079923,0.0,-13.289178256450265,0.0,-0.0
71312500000.0,0.21654147324079923,0.0,-13.289178256450265,0.0,-0.0
71339843750.0,0.21654147324079923,0.0,-13.289178256450265,0.0,-0.0
71367187500.0,0.21654147324079923,0.0,-13.289178256450265,0.0,-0.0
71394531250.0,0.21654147324079923,0.0,-13.289178256450265,0.0,-0.0
71421875000.0,0.21654147324079923,0.0,-13.289178256450265,0.0,-0.0
71449218750.0,0.21654147324079923,0.0,-13.289178256450265,0.0,-0.0
71476562500.0,0.21654147324079923,0.0,-13.289178256450265,0.0,-0.0
71503906250.0,0.21654147324079923,0.0,-13.289178256450265,0.0,-0.0
71531250000.0,0.21654147324079923,0.0,-13.289178256450265,0.0,-0.0
71558593750.0,0.21654147324079923,0.0,-13.289178256450265,0.0,-0.0
71585937500.0,0.21654147324079923,0.0,-13.289178256450265,0.0,-0.0
71613281250.0,0.21654147324079923,0.0,-13.289178256450265,0.0,-0.0
71640625000.0,0.21654147324079923,0.0,-13.289178256450265,0.0,-0.0
71667968750.0,0.21654147324079923,0.0,-13.289178256450265,0.0,-0.0
71695312500.0,0.21654147324079923,0.0,-13.289178256450265,0.0,-0.0
71722656250.0,0.21654147324079923,0.0,-13.289178256450265,0.0,-0.0
71750000000.0,0.21654147324079923,0.0,-13.289178256450265,0.0,-0.0
71777343750.0,0.21654147324079923,0.0,-13.289178256450265,0.0,-0.0
71804687500.0,0.21654147324079923,0.0,-13.289178256450265,0.0,-0.0
71832031250.0,0.21654147324079923,0.0,-13.289178256450265,0.0,-0.0
71859375000.0,0.21654147324079923,0.0,-13.289178256450265,0.0,-0.0
71886718750.0,0.21654147324079923,0.0,-13.289178256450265,0.0,-0.0
71914062500.0,0.21654147324079923,0.0,-13.289178256450265,0.0,-0.0
71941406250.0,0.21654147324079923,0.0,-13.289178256450265,0.0,-0.0
71968750000.0,0.21654147324079923,0.0,-13.289178256450265,0.0,-0.0
71996093750.0,0.21654147324079923,0.0,-13.289178256450265,0.0,-0.0
72023437500.0,0.21654147324079923,0.0,-13.289178256450265,0.0,-0.0
72050781250.0,0.21654147324079923,0.0,-13.289178256450265,0.0,-0.0
72078125000.0,0.21654147324079923,0.0,-13.289178256450265,0.0,-0.0
72105468750.0,0.21654147324079923,0.0,-13.289178256450265,0.0,-0.0
72132812500.0,0.21654147324079923,0.0,-13.289178256450265,0.0,-0.0
72160156250.0,0.21654147324079923,0.0,-13.289178256450265,0.0,-0.0
72187500000.0,0.21654147324079923,0.0,-13.289178256450265,0.0,-0.0
72214843750.0,0.21654147324079923,0.0,-13.289178256450265,0.0,-0.0
72242187500.0,0.21654147324079923,0.0,-13.289178256450265,0.0,-0.0
72269531250.0,0.21654147324079923,0.0,-13.289178256450265,0.0,-0.0
72296875000.0,0.21654147324079923,0.0,-13.289178256450265,0.0,-0.0
72324218750.0,0.21654147324079923,0.0,-13.289178256450265,0.0,-0.0
72351562500.0,0.21654147324079923,0.0,-13.289178256450265,0.0,-0.0
72378906250.0,0.21654147324079923,0.0,-13.289178256450265,0.0,-0.0
72406250000.0,0.21654147324079923,0.0,-13.289178256450265,0.0,-0.0
72433593750.0,0.21654147324079923,0.0,-13.289178256450265,0.0,-0.0
72460937500.0,0.21654147324079923,0.0,-13.289178256450265,0.0,-0.0
72488281250.0,0.21654147324079923,0.0,-13.289178256450265,0.0,-0.0
72515625000.0,0.21654147324079923,0.0,-13.289178256450265,0.0,-0.0
72542968750.0,0.21654147324079923,0.0,-13.289178256450265,0.0,-0.0
72570312500.0,0.21654147324079923,0.0,-13.289178256450265,0.0,-0.0
72597656250.0,0.21654147324079923,0.0,-13.289178256450265,0.0,-0.0
72625000000.0,0.21654147324079923,0.0,-13.289178256450265,0.0,-0.0
72652343750.0,0.21654147324079923,0.0,-13.289178256450265,0.0,-0.0
72679687500.0,0.21654147324079923,0.0,-13.289178256450265,0.0,-0.0
72707031250.0,0.21654147324079923,0.0,-13.289178256450265,0.0,-0.0
72734375000.0,0.21654147324079923,0.0,-13.289178256450265,0.0,-0.0
72761718750.0,0.21654147324079923,0.0,-13.289178256450265,0.0,-0.0
72789062500.0,0.21654147324079923,0.0,-13.289178256450265,0.0,-0.0
72816406250.0,0.21654147324079923,0.0,-13.289178256450265,0.0,-0.0
72843750000.0,0.21654147324079923,0.0,-13.289178256450265,0.0,-0.0
72871093750.0,0.21654147324079923,0.0,-13.289178256450265,0.0,-0.0
72898437500.0,0.21654147324079923,0.0,-13.289178256450265,0.0,-0.0
72925781250.0,0.21654147324079923,0.0,-13.289178256450265,0.0,-0.0
72953125000.0,0.21654147324079923,0.0,-13.289178256450265,0.0,-0.0
72980468750.0,0.21654147324079923,0.0,-13.289178256450265,0.0,-0.0
73007812500.0,0.21654147324079923,0.0,-13.289178256450265,0.0,-0.0
73035156250.0,0.21654147324079923,0.0,-13.289178256450265,0.0,-0.0
73062500000.0,0.21654147324079923,0.0,-13.289178256450265,0.0,-0.0
73089843750.0,0.21654147324079923,0.0,-13.289178256450265,0.0,-0.0
73117187500.0,0.21654147324079923,0.0,-13.289178256450265,0.0,-0.0
73144531250.0,0.21654147324079923,0.0,-13.289178256450265,0.0,-0.0
73171875000.0,0.21654147324079923,0.0,-13.289178256450265,0.0,-0.0
73199218750.0,0.21654147324079923,0.0,-13.289178256450265,0.0,-0.0
73226562500.0,0.21654147324079923,0.0,-13.289178256450265,0.0,-0.0
73253906250.0,0.21654147324079923,0.0,-13.289178256450265,0.0,-0.0
73281250000.0,0.21654147324079923,0.0,-13.289178256450265,0.0,-0.0
73308593750.0,0.21654147324079923,0.0,-13.289178256450265,0.0,-0.0
73335937500.0,0.21654147324079923,0.0,-13.289178256450265,0.0,-0.0
73363281250.0,0.21654147324079923,0.0,-13.289178256450265,0.0,-0.0
73390625000.0,0.21654147324079923,0.0,-13.289178256450265,0.0,-0.0
73417968750.0,0.21654147324079923,0.0,-13.289178256450265,0.0,-0.0
73445312500.0,0.21654147324079923,0.0,-13.289178256450265,0.0,-0.0
73472656250.0,0.21654147324079923,0.0,-13.289178256450265,0.0,-0.0
73500000000.0,0.21654147324079923,0.0,-13.289178256450265,0.0,-0.0
73527343750.0,0.21654147324079923,0.0,-13.289178256450265,0.0,-0.0
73554687500.0,0.21654147324079923,0.0,-13.289178256450265,0.0,-0.0
73582031250.0,0.21654147324079923,0.0,-13.289178256450265,0.0,-0.0
73609375000.0,0.21654147324079923,0.0,-13.289178256450265,0.0,-0.0
73636718750.0,0.21654147324079923,0.0,-13.289178256450265,0.0,-0.0
73664062500.0,0.21654147324079923,0.0,-13.289178256450265,0.0,-0.0
73691406250.0,0.21654147324079923,0.0,-13.289178256450265,0.0,-0.0
73718750000.0,0.21654147324079923,0.0,-13.289178256450265,0.0,-0.0
73746093750.0,0.21654147324079923,0.0,-13.289178256450265,0.0,-0.0
73773437500.0,0.21654147324079923,0.0,-13.289178256450265,0.0,-0.0
73800781250.0,0.21654147324079923,0.0,-13.289178256450265,0.0,-0.0
73828125000.0,0.21654147324079923,0.0,-13.289178256450265,0.0,-0.0
73855468750.0,0.21654147324079923,0.0,-13.289178256450265,0.0,-0.0
73882812500.0,0.21654147324079923,0.0,-13.289178256450265,0.0,-0.0
73910156250.0,0.21654147324079923,0.0,-13.289178256450265,0.0,-0.0
73937500000.0,0.21654147324079923,0.0,-13.289178256450265,0.0,-0.0
73964843750.0,0.21654147324079923,0.0,-13.289178256450265,0.0,-0.0
73992187500.0,0.21654147324079923,0.0,-13.289178256450265,0.0,-0.0
74019531250.0,0.21654147324079923,0.0,-13.289178256450265,0.0,-0.0
74046875000.0,0.21654147324079923,0.0,-13.289178256450265,0.0,-0.0
74074218750.0,0.21654147324079923,0.0,-13.289178256450265,0.0,-0.0
74101562500.0,0.21654147324079923,0.0,-13.289178256450265,0.0,-0.0
74128906250.0,0.21654147324079923,0.0,-13.289178256450265,0.0,-0.0
74156250000.0,0.21654147324079923,0.0,-13.289178256450265,0.0,-0.0
74183593750.0,0.21654147324079923,0.0,-13.289178256450265,0.0,-0.0
74210937500.0,0.21654147324079923,0.0,-13.289178256450265,0.0,-0.0
74238281250.0,0.21654147324079923,0.0,-13.289178256450265,0.0,-0.0
74265625000.0,0.21654147324079923,0.0,-13.289178256450265,0.0,-0.0
74292968750.0,0.21654147324079923,0.0,-13.289178256450265,0.0,-0.0
74320312500.0,0.21654147324079923,0.0,-13.289178256450265,0.0,-0.0
74347656250.0,0.21654147324079923,0.0,-13.289178256450265,0.0,-0.0
74375000000.0,0.21654147324079923,0.0,-13.289178256450265,0.0,-0.0
74402343750.0,0.21654147324079923,0.0,-13.289178256450265,0.0,-0.0
74429687500.0,0.21654147324079923,0.0,-13.289178256450265,0.0,-0.0
74457031250.0,0.21654147324079923,0.0,-13.289178256450265,0.0,-0.0
74484375000.0,0.21654147324079923,0.0,-13.289178256450265,0.0,-0.0
74511718750.0,0.21654147324079923,0.0,-13.289178256450265,0.0,-0.0
74539062500.0,0.21654147324079923,0.0,-13.289178256450265,0.0,-0.0
74566406250.0,0.21654147324079923,0.0,-13.289178256450265,0.0,-0.0
74593750000.0,0.21654147324079923,0.0,-13.289178256450265,0.0,-0.0
74621093750.0,0.21654147324079923,0.0,-13.289178256450265,0.0,-0.0
74648437500.0,0.21654147324079923,0.0,-13.289178256450265,0.0,-0.0
74675781250.0,0.21654147324079923,0.0,-13.289178256450265,0.0,-0.0
74703125000.0,0.21654147324079923,0.0,-13.289178256450265,0.0,-0.0
74730468750.0,0.21654147324079923,0.0,-13.289178256450265,0.0,-0.0
74757812500.0,0.21654147324079923,0.0,-13.289178256450265,0.0,-0.0
74785156250.0,0.21654147324079923,0.0,-13.289178256450265,0.0,-0.0
74812500000.0,0.21654147324079923,0.0,-13.289178256450265,0.0,-0.0
74839843750.0,0.21654147324079923,0.0,-13.289178256450265,0.0,-0.0
74867187500.0,0.21654147324079923,0.0,-13.289178256450265,0.0,-0.0
74894531250.0,0.21654147324079923,0.0,-13.289178256450265,0.0,-0.0
74921875000.0,0.21654147324079923,0.0,-13.289178256450265,0.0,-0.0
74949218750.0,0.21654147324079923,0.0,-13.289178256450265,0.0,-0.0
74976562500.0,0.21654147324079923,0.0,-13.289178256450265,0.0,-0.0
75003906250.0,0.21654147324079923,0.0,-13.289178256450265,0.0,-0.0
75031250000.0,0.21654147324079923,0.0,-13.289178256450265,0.0,-0.0
75058593750.0,0.21654147324079923,0.0,-13.289178256450265,0.0,-0.0
75085937500.0,0.21654147324079923,0.0,-13.289178256450265,0.0,-0.0
75113281250.0,0.21654147324079923,0.0,-13.289178256450265,0.0,-0.0
75140625000.0,0.21654147324079923,0.0,-13.289178256450265,0.0,-0.0
75167968750.0,0.21654147324079923,0.0,-13.289178256450265,0.0,-0.0
75195312500.0,0.21654147324079923,0.0,-13.289178256450265,0.0,-0.0
75222656250.0,0.21654147324079923,0.0,-13.289178256450265,0.0,-0.0
75250000000.0,0.21654147324079923,0.0,-13.289178256450265,0.0,-0.0
75277343750.0,0.21654147324079923,0.0,-13.289178256450265,0.0,-0.0
75304687500.0,0.21654147324079923,0.0,-13.289178256450265,0.0,-0.0
75332031250.0,0.21654147324079923,0.0,-13.289178256450265,0.0,-0.0
75359375000.0,0.21654147324079923,0.0,-13.289178256450265,0.0,-0.0
75386718750.0,0.21654147324079923,0.0,-13.289178256450265,0.0,-0.0
75414062500.0,0.21654147324079923,0.0,-13.289178256450265,0.0,-0.0
75441406250.0,0.21654147324079923,0.0,-13.289178256450265,0.0,-0.0
75468750000.0,0.21654147324079923,0.0,-13.289178256450265,0.0,-0.0
75496093750.0,0.21654147324079923,0.0,-13.289178256450265,0.0,-0.0
75523437500.0,0.21654147324079923,0.0,-13.289178256450265,0.0,-0.0
75550781250.0,0.21654147324079923,0.0,-13.289178256450265,0.0,-0.0
75578125000.0,0.21654147324079923,0.0,-13.289178256450265,0.0,-0.0
75605468750.0,0.21654147324079923,0.0,-13.289178256450265,0.0,-0.0
75632812500.0,0.21654147324079923,0.0,-13.289178256450265,0.0,-0.0
75660156250.0,0.21654147324079923,0.0,-13.289178256450265,0.0,-0.0
75687500000.0,0.21654147324079923,0.0,-13.289178256450265,0.0,-0.0
75714843750.0,0.21654147324079923,0.0,-13.289178256450265,0.0,-0.0
75742187500.0,0.21654147324079923,0.0,-13.289178256450265,0.0,-0.0
75769531250.0,0.21654147324079923,0.0,-13.289178256450265,0.0,-0.0
75796875000.0,0.21654147324079923,0.0,-13.289178256450265,0.0,-0.0
75824218750.0,0.21654147324079923,0.0,-13.289178256450265,0.0,-0.0
75851562500.0,0.21654147324079923,0.0,-13.289178256450265,0.0,-0.0
75878906250.0,0.21654147324079923,0.0,-13.289178256450265,0.0,-0.0
75906250000.0,0.21654147324079923,0.0,-13.289178256450265,0.0,-0.0
75933593750.0,0.21654147324079923,0.0,-13.289178256450265,0.0,-0.0
75960937500.0,0.21654147324079923,0.0,-13.289178256450265,0.0,-0.0
75988281250.0,0.21654147324079923,0.0,-13.289178256450265,0.0,-0.0
76015625000.0,0.21654147324079923,0.0,-13.289178256450265,0.0,-0.0
76042968750.0,0.21654147324079923,0.0,-13.289178256450265,0.0,-0.0
76070312500.0,0.21654147324079923,0.0,-13.289178256450265,0.0,-0.0
76097656250.0,0.21654147324079923,0.0,-13.289178256450265,0.0,-0.0
76125000000.0,0.21654147324079923,0.0,-13.289178256450265,0.0,-0.0
76152343750.0,0.21654147324079923,0.0,-13.289178256450265,0.0,-0.0
76179687500.0,0.21654147324079923,0.0,-13.289178256450265,0.0,-0.0
76207031250.0,0.21654147324079923,0.0,-13.289178256450265,0.0,-0.0
76234375000.0,0.21654147324079923,0.0,-13.289178256450265,0.0,-0.0
76261718750.0,0.21654147324079923,0.0,-13.289178256450265,0.0,-0.0
76289062500.0,0.21654147324079923,0.0,-13.289178256450265,0.0,-0.0
76316406250.0,0.21654147324079923,0.0,-13.289178256450265,0.0,-0.0
76343750000.0,0.21654147324079923,0.0,-13.289178256450265,0.0,-0.0
76371093750.0,0.21654147324079923,0.0,-13.289178256450265,0.0,-0.0
76398437500.0,0.21654147324079923,0.0,-13.289178256450265,0.0,-0.0
76425781250.0,0.21654147324079923,0.0,-13.289178256450265,0.0,-0.0
76453125000.0,0.21654147324079923,0.0,-13.289178256450265,0.0,-0.0
76480468750.0,0.21654147324079923,0.0,-13.289178256450265,0.0,-0.0
76507812500.0,0.21654147324079923,0.0,-13.289178256450265,0.0,-0.0
76535156250.0,0.21654147324079923,0.0,-13.289178256450265,0.0,-0.0
76562500000.0,0.21654147324079923,0.0,-13.289178256450265,0.0,-0.0
76589843750.0,0.21654147324079923,0.0,-13.289178256450265,0.0,-0.0
76617187500.0,0.21654147324079923,0.0,-13.289178256450265,0.0,-0.0
76644531250.0,0.21654147324079923,0.0,-13.289178256450265,0.0,-0.0
76671875000.0,0.21654147324079923,0.0,-13.289178256450265,0.0,-0.0
76699218750.0,0.21654147324079923,0.0,-13.289178256450265,0.0,-0.0
76726562500.0,0.21654147324079923,0.0,-13.289178256450265,0.0,-0.0
76753906250.0,0.21654147324079923,0.0,-13.289178256450265,0.0,-0.0
76781250000.0,0.21654147324079923,0.0,-13.289178256450265,0.0,-0.0
76808593750.0,0.21654147324079923,0.0,-13.289178256450265,0.0,-0.0
76835937500.0,0.21654147324079923,0.0,-13.289178256450265,0.0,-0.0
76863281250.0,0.21654147324079923,0.0,-13.289178256450265,0.0,-0.0
76890625000.0,0.21654147324079923,0.0,-13.289178256450265,0.0,-0.0
76917968750.0,0.21654147324079923,0.0,-13.289178256450265,0.0,-0.0
76945312500.0,0.21654147324079923,0.0,-13.289178256450265,0.0,-0.0
76972656250.0,0.21654147324079923,0.0,-13.289178256450265,0.0,-0.0
77000000000.0,0.21654147324079923,0.0,-13.289178256450265,0.0,-0.0
77027343750.0,0.21654147324079923,0.0,-13.289178256450265,0.0,-0.0
77054687500.0,0.21654147324079923,0.0,-13.289178256450265,0.0,-0.0
77082031250.0,0.21654147324079923,0.0,-13.289178256450265,0.0,-0.0
77109375000.0,0.21654147324079923,0.0,-13.289178256450265,0.0,-0.0
77136718750.0,0.21654147324079923,0.0,-13.289178256450265,0.0,-0.0
77164062500.0,0.21654147324079923,0.0,-13.289178256450265,0.0,-0.0
77191406250.0,0.21654147324079923,0.0,-13.289178256450265,0.0,-0.0
77218750000.0,0.21654147324079923,0.0,-13.289178256450265,0.0,-0.0
77246093750.0,0.21654147324079923,0.0,-13.289178256450265,0.0,-0.0
77273437500.0,0.21654147324079923,0.0,-13.289178256450265,0.0,-0.0
77300781250.0,0.21654147324079923,0.0,-13.289178256450265,0.0,-0.0
77328125000.0,0.21654147324079923,0.0,-13.289178256450265,0.0,-0.0
77355468750.0,0.21654147324079923,0.0,-13.289178256450265,0.0,-0.0
77382812500.0,0.21654147324079923,0.0,-13.289178256450265,0.0,-0.0
77410156250.0,0.21654147324079923,0.0,-13.289178256450265,0.0,-0.0
77437500000.0,0.21654147324079923,0.0,-13.289178256450265,0.0,-0.0
77464843750.0,0.21654147324079923,0.0,-13.289178256450265,0.0,-0.0
77492187500.0,0.21654147324079923,0.0,-13.289178256450265,0.0,-0.0
77519531250.0,0.21654147324079923,0.0,-13.289178256450265,0.0,-0.0
77546875000.0,0.21654147324079923,0.0,-13.289178256450265,0.0,-0.0
77574218750.0,0.21654147324079923,0.0,-13.289178256450265,0.0,-0.0
77601562500.0,0.21654147324079923,0.0,-13.289178256450265,0.0,-0.0
77628906250.0,0.21654147324079923,0.0,-13.289178256450265,0.0,-0.0
77656250000.0,0.21654147324079923,0.0,-13.289178256450265,0.0,-0.0
77683593750.0,0.21654147324079923,0.0,-13.289178256450265,0.0,-0.0
77710937500.0,0.21654147324079923,0.0,-13.289178256450265,0.0,-0.0
77738281250.0,0.21654147324079923,0.0,-13.289178256450265,0.0,-0.0
77765625000.0,0.21654147324079923,0.0,-13.289178256450265,0.0,-0.0
77792968750.0,0.21654147324079923,0.0,-13.289178256450265,0.0,-0.0
77820312500.0,0.21654147324079923,0.0,-13.289178256450265,0.0,-0.0
77847656250.0,0.21654147324079923,0.0,-13.289178256450265,0.0,-0.0
77875000000.0,0.21654147324079923,0.0,-13.289178256450265,0.0,-0.0
77902343750.0,0.21654147324079923,0.0,-13.289178256450265,0.0,-0.0
77929687500.0,0.21654147324079923,0.0,-13.289178256450265,0.0,-0.0
77957031250.0,0.21654147324079923,0.0,-13.289178256450265,0.0,-0.0
77984375000.0,0.21654147324079923,0.0,-13.289178256450265,0.0,-0.0
78011718750.0,0.21654147324079923,0.0,-13.289178256450265,0.0,-0.0
78039062500.0,0.21654147324079923,0.0,-13.289178256450265,0.0,-0.0
78066406250.0,0.21654147324079923,0.0,-13.289178256450265,0.0,-0.0
78093750000.0,0.21654147324079923,0.0,-13.289178256450265,0.0,-0.0
78121093750.0,0.21654147324079923,0.0,-13.289178256450265,0.0,-0.0
78148437500.0,0.21654147324079923,0.0,-13.289178256450265,0.0,-0.0
78175781250.0,0.21654147324079923,0.0,-13.289178256450265,0.0,-0.0
78203125000.0,0.21654147324079923,0.0,-13.289178256450265,0.0,-0.0
78230468750.0,0.21654147324079923,0.0,-13.289178256450265,0.0,-0.0
78257812500.0,0.21654147324079923,0.0,-13.289178256450265,0.0,-0.0
78285156250.0,0.21654147324079923,0.0,-13.289178256450265,0.0,-0.0
78312500000.0,0.21654147324079923,0.0,-13.289178256450265,0.0,-0.0
78339843750.0,0.21654147324079923,0.0,-13.289178256450265,0.0,-0.0
78367187500.0,0.21654147324079923,0.0,-13.289178256450265,0.0,-0.0
78394531250.0,0.21654147324079923,0.0,-13.289178256450265,0.0,-0.0
78421875000.0,0.21654147324079923,0.0,-13.289178256450265,0.0,-0.0
78449218750.0,0.21654147324079923,0.0,-13.289178256450265,0.0,-0.0
78476562500.0,0.21654147324079923,0.0,-13.289178256450265,0.0,-0.0
78503906250.0,0.21654147324079923,0.0,-13.289178256450265,0.0,-0.0
78531250000.0,0.21654147324079923,0.0,-13.289178256450265,0.0,-0.0
78558593750.0,0.21654147324079923,0.0,-13.289178256450265,0.0,-0.0
78585937500.0,0.21654147324079923,0.0,-13.289178256450265,0.0,-0.0
78613281250.0,0.21654147324079923,0.0,-13.289178256450265,0.0,-0.0
78640625000.0,0.21654147324079923,0.0,-13.289178256450265,0.0,-0.0
78667968750.0,0.21654147324079923,0.0,-13.289178256450265,0.0,-0.0
78695312500.0,0.21654147324079923,0.0,-13.289178256450265,0.0,-0.0
78722656250.0,0.21654147324079923,0.0,-13.289178256450265,0.0,-0.0
78750000000.0,0.21654147324079923,0.0,-13.289178256450265,0.0,-0.0
78777343750.0,0.21654147324079923,0.0,-13.289178256450265,0.0,-0.0
78804687500.0,0.21654147324079923,0.0,-13.289178256450265,0.0,-0.0
78832031250.0,0.21654147324079923,0.0,-13.289178256450265,0.0,-0.0
78859375000.0,0.21654147324079923,0.0,-13.289178256450265,0.0,-0.0
78886718750.0,0.21654147324079923,0.0,-13.289178256450265,0.0,-0.0
78914062500.0,0.21654147324079923,0.0,-13.289178256450265,0.0,-0.0
78941406250.0,0.21654147324079923,0.0,-13.289178256450265,0.0,-0.0
78968750000.0,0.21654147324079923,0.0,-13.289178256450265,0.0,-0.0
78996093750.0,0.21654147324079923,0.0,-13.289178256450265,0.0,-0.0
79023437500.0,0.21654147324079923,0.0,-13.289178256450265,0.0,-0.0
79050781250.0,0.21654147324079923,0.0,-13.289178256450265,0.0,-0.0
79078125000.0,0.21654147324079923,0.0,-13.289178256450265,0.0,-0.0
79105468750.0,0.21654147324079923,0.0,-13.289178256450265,0.0,-0.0
79132812500.0,0.21654147324079923,0.0,-13.289178256450265,0.0,-0.0
79160156250.0,0.21654147324079923,0.0,-13.289178256450265,0.0,-0.0
79187500000.0,0.21654147324079923,0.0,-13.289178256450265,0.0,-0.0
79214843750.0,0.21654147324079923,0.0,-13.289178256450265,0.0,-0.0
79242187500.0,0.21654147324079923,0.0,-13.289178256450265,0.0,-0.0
79269531250.0,0.21654147324079923,0.0,-13.289178256450265,0.0,-0.0
79296875000.0,0.21654147324079923,0.0,-13.289178256450265,0.0,-0.0
79324218750.0,0.21654147324079923,0.0,-13.289178256450265,0.0,-0.0
79351562500.0,0.21654147324079923,0.0,-13.289178256450265,0.0,-0.0
79378906250.0,0.21654147324079923,0.0,-13.289178256450265,0.0,-0.0
79406250000.0,0.21654147324079923,0.0,-13.289178256450265,0.0,-0.0
79433593750.0,0.21654147324079923,0.0,-13.289178256450265,0.0,-0.0
79460937500.0,0.21654147324079923,0.0,-13.289178256450265,0.0,-0.0
79488281250.0,0.21654147324079923,0.0,-13.289178256450265,0.0,-0.0
79515625000.0,0.21654147324079923,0.0,-13.289178256450265,0.0,-0.0
79542968750.0,0.21654147324079923,0.0,-13.289178256450265,0.0,-0.0
79570312500.0,0.21654147324079923,0.0,-13.289178256450265,0.0,-0.0
79597656250.0,0.21654147324079923,0.0,-13.289178256450265,0.0,-0.0
79625000000.0,0.21654147324079923,0.0,-13.289178256450265,0.0,-0.0
79652343750.0,0.21654147324079923,0.0,-13.289178256450265,0.0,-0.0
79679687500.0,0.21654147324079923,0.0,-13.289178256450265,0.0,-0.0
79707031250.0,0.21654147324079923,0.0,-13.289178256450265,0.0,-0.0
79734375000.0,0.21654147324079923,0.0,-13.289178256450265,0.0,-0.0
79761718750.0,0.21654147324079923,0.0,-13.289178256450265,0.0,-0.0
79789062500.0,0.21654147324079923,0.0,-13.289178256450265,0.0,-0.0
79816406250.0,0.21654147324079923,0.0,-13.289178256450265,0.0,-0.0
79843750000.0,0.21654147324079923,0.0,-13.289178256450265,0.0,-0.0
79871093750.0,0.21654147324079923,0.0,-13.289178256450265,0.0,-0.0
79898437500.0,0.21654147324079923,0.0,-13.289178256450265,0.0,-0.0
79925781250.0,0.21654147324079923,0.0,-13.289178256450265,0.0,-0.0
79953125000.0,0.21654147324079923,0.0,-13.289178256450265,0.0,-0.0
79980468750.0,0.21654147324079923,0.0,-13.289178256450265,0.0,-0.0
80007812500.0,0.21654147324079923,0.0,-13.289178256450265,0.0,-0.0
80035156250.0,0.21654147324079923,0.0,-13.289178256450265,0.0,-0.0
80062500000.0,0.21654147324079923,0.0,-13.289178256450265,0.0,-0.0
80089843750.0,0.21654147324079923,0.0,-13.289178256450265,0.0,-0.0
80117187500.0,0.21654147324079923,0.0,-13.289178256450265,0.0,-0.0
80144531250.0,0.21654147324079923,0.0,-13.289178256450265,0.0,-0.0
80171875000.0,0.21654147324079923,0.0,-13.289178256450265,0.0,-0.0
80199218750.0,0.21654147324079923,0.0,-13.289178256450265,0.0,-0.0
80226562500.0,0.21654147324079923,0.0,-13.289178256450265,0.0,-0.0
80253906250.0,0.21654147324079923,0.0,-13.289178256450265,0.0,-0.0
80281250000.0,0.21654147324079923,0.0,-13.289178256450265,0.0,-0.0
80308593750.0,0.21654147324079923,0.0,-13.289178256450265,0.0,-0.0
80335937500.0,0.21654147324079923,0.0,-13.289178256450265,0.0,-0.0
80363281250.0,0.21654147324079923,0.0,-13.289178256450265,0.0,-0.0
80390625000.0,0.21654147324079923,0.0,-13.289178256450265,0.0,-0.0
80417968750.0,0.21654147324079923,0.0,-13.289178256450265,0.0,-0.0
80445312500.0,0.21654147324079923,0.0,-13.289178256450265,0.0,-0.0
80472656250.0,0.21654147324079923,0.0,-13.289178256450265,0.0,-0.0
80500000000.0,0.21654147324079923,0.0,-13.289178256450265,0.0,-0.0
80527343750.0,0.21654147324079923,0.0,-13.289178256450265,0.0,-0.0
80554687500.0,0.21654147324079923,0.0,-13.289178256450265,0.0,-0.0
80582031250.0,0.21654147324079923,0.0,-13.289178256450265,0.0,-0.0
80609375000.0,0.21654147324079923,0.0,-13.289178256450265,0.0,-0.0
80636718750.0,0.21654147324079923,0.0,-13.289178256450265,0.0,-0.0
80664062500.0,0.21654147324079923,0.0,-13.289178256450265,0.0,-0.0
80691406250.0,0.21654147324079923,0.0,-13.289178256450265,0.0,-0.0
80718750000.0,0.21654147324079923,0.0,-13.289178256450265,0.0,-0.0
80746093750.0,0.21654147324079923,0.0,-13.289178256450265,0.0,-0.0
80773437500.0,0.21654147324079923,0.0,-13.289178256450265,0.0,-0.0
80800781250.0,0.21654147324079923,0.0,-13.289178256450265,0.0,-0.0
80828125000.0,0.21654147324079923,0.0,-13.289178256450265,0.0,-0.0
80855468750.0,0.21654147324079923,0.0,-13.289178256450265,0.0,-0.0
80882812500.0,0.21654147324079923,0.0,-13.289178256450265,0.0,-0.0
80910156250.0,0.21654147324079923,0.0,-13.289178256450265,0.0,-0.0
80937500000.0,0.21654147324079923,0.0,-13.289178256450265,0.0,-0.0
80964843750.0,0.21654147324079923,0.0,-13.289178256450265,0.0,-0.0
80992187500.0,0.21654147324079923,0.0,-13.289178256450265,0.0,-0.0
81019531250.0,0.21654147324079923,0.0,-13.289178256450265,0.0,-0.0
81046875000.0,0.21654147324079923,0.0,-13.289178256450265,0.0,-0.0
81074218750.0,0.21654147324079923,0.0,-13.289178256450265,0.0,-0.0
81101562500.0,0.21654147324079923,0.0,-13.289178256450265,0.0,-0.0
81128906250.0,0.21654147324079923,0.0,-13.289178256450265,0.0,-0.0
81156250000.0,0.21654147324079923,0.0,-13.289178256450265,0.0,-0.0
81183593750.0,0.21654147324079923,0.0,-13.289178256450265,0.0,-0.0
81210937500.0,0.21654147324079923,0.0,-13.289178256450265,0.0,-0.0
81238281250.0,0.21654147324079923,0.0,-13.289178256450265,0.0,-0.0
81265625000.0,0.21654147324079923,0.0,-13.289178256450265,0.0,-0.0
81292968750.0,0.21654147324079923,0.0,-13.289178256450265,0.0,-0.0
81320312500.0,0.21654147324079923,0.0,-13.289178256450265,0.0,-0.0
81347656250.0,0.21654147324079923,0.0,-13.289178256450265,0.0,-0.0
81375000000.0,0.21654147324079923,0.0,-13.289178256450265,0.0,-0.0
81402343750.0,0.21654147324079923,0.0,-13.289178256450265,0.0,-0.0
81429687500.0,0.21654147324079923,0.0,-13.289178256450265,0.0,-0.0
81457031250.0,0.21654147324079923,0.0,-13.289178256450265,0.0,-0.0
81484375000.0,0.21654147324079923,0.0,-13.289178256450265,0.0,-0.0
81511718750.0,0.21654147324079923,0.0,-13.289178256450265,0.0,-0.0
81539062500.0,0.21654147324079923,0.0,-13.289178256450265,0.0,-0.0
81566406250.0,0.21654147324079923,0.0,-13.289178256450265,0.0,-0.0
81593750000.0,0.21654147324079923,0.0,-13.289178256450265,0.0,-0.0
81621093750.0,0.21654147324079923,0.0,-13.289178256450265,0.0,-0.0
81648437500.0,0.21654147324079923,0.0,-13.289178256450265,0.0,-0.0
81675781250.0,0.21654147324079923,0.0,-13.289178256450265,0.0,-0.0
81703125000.0,0.21654147324079923,0.0,-13.289178256450265,0.0,-0.0
81730468750.0,0.21654147324079923,0.0,-13.289178256450265,0.0,-0.0
81757812500.0,0.21654147324079923,0.0,-13.289178256450265,0.0,-0.0
81785156250.0,0.21654147324079923,0.0,-13.289178256450265,0.0,-0.0
81812500000.0,0.21654147324079923,0.0,-13.289178256450265,0.0,-0.0
81839843750.0,0.21654147324079923,0.0,-13.289178256450265,0.0,-0.0
81867187500.0,0.21654147324079923,0.0,-13.289178256450265,0.0,-0.0
81894531250.0,0.21654147324079923,0.0,-13.289178256450265,0.0,-0.0
81921875000.0,0.21654147324079923,0.0,-13.289178256450265,0.0,-0.0
81949218750.0,0.21654147324079923,0.0,-13.289178256450265,0.0,-0.0
81976562500.0,0.21654147324079923,0.0,-13.289178256450265,0.0,-0.0
82003906250.0,0.21654147324079923,0.0,-13.289178256450265,0.0,-0.0
82031250000.0,0.21654147324079923,0.0,-13.289178256450265,0.0,-0.0
82058593750.0,0.21654147324079923,0.0,-13.289178256450265,0.0,-0.0
82085937500.0,0.21654147324079923,0.0,-13.289178256450265,0.0,-0.0
82113281250.0,0.21654147324079923,0.0,-13.289178256450265,0.0,-0.0
82140625000.0,0.21654147324079923,0.0,-13.289178256450265,0.0,-0.0
82167968750.0,0.21654147324079923,0.0,-13.289178256450265,0.0,-0.0
82195312500.0,0.21654147324079923,0.0,-13.289178256450265,0.0,-0.0
82222656250.0,0.21654147324079923,0.0,-13.289178256450265,0.0,-0.0
82250000000.0,0.21654147324079923,0.0,-13.289178256450265,0.0,-0.0
82277343750.0,0.21654147324079923,0.0,-13.289178256450265,0.0,-0.0
82304687500.0,0.21654147324079923,0.0,-13.289178256450265,0.0,-0.0
82332031250.0,0.21654147324079923,0.0,-13.289178256450265,0.0,-0.0
82359375000.0,0.21654147324079923,0.0,-13.289178256450265,0.0,-0.0
82386718750.0,0.21654147324079923,0.0,-13.289178256450265,0.0,-0.0
82414062500.0,0.21654147324079923,0.0,-13.289178256450265,0.0,-0.0
82441406250.0,0.21654147324079923,0.0,-13.289178256450265,0.0,-0.0
82468750000.0,0.21654147324079923,0.0,-13.289178256450265,0.0,-0.0
82496093750.0,0.21654147324079923,0.0,-13.289178256450265,0.0,-0.0
82523437500.0,0.21654147324079923,0.0,-13.289178256450265,0.0,-0.0
82550781250.0,0.21654147324079923,0.0,-13.289178256450265,0.0,-0.0
82578125000.0,0.21654147324079923,0.0,-13.289178256450265,0.0,-0.0
82605468750.0,0.21654147324079923,0.0,-13.289178256450265,0.0,-0.0
82632812500.0,0.21654147324079923,0.0,-13.289178256450265,0.0,-0.0
82660156250.0,0.21654147324079923,0.0,-13.289178256450265,0.0,-0.0
82687500000.0,0.21654147324079923,0.0,-13.289178256450265,0.0,-0.0
82714843750.0,0.21654147324079923,0.0,-13.289178256450265,0.0,-0.0
82742187500.0,0.21654147324079923,0.0,-13.289178256450265,0.0,-0.0
82769531250.0,0.21654147324079923,0.0,-13.289178256450265,0.0,-0.0
82796875000.0,0.21654147324079923,0.0,-13.289178256450265,0.0,-0.0
82824218750.0,0.21654147324079923,0.0,-13.289178256450265,0.0,-0.0
82851562500.0,0.21654147324079923,0.0,-13.289178256450265,0.0,-0.0
82878906250.0,0.21654147324079923,0.0,-13.289178256450265,0.0,-0.0
82906250000.0,0.21654147324079923,0.0,-13.289178256450265,0.0,-0.0
82933593750.0,0.21654147324079923,0.0,-13.289178256450265,0.0,-0.0
82960937500.0,0.21654147324079923,0.0,-13.289178256450265,0.0,-0.0
82988281250.0,0.21654147324079923,0.0,-13.289178256450265,0.0,-0.0
83015625000.0,0.21654147324079923,0.0,-13.289178256450265,0.0,-0.0
83042968750.0,0.21654147324079923,0.0,-13.289178256450265,0.0,-0.0
83070312500.0,0.21654147324079923,0.0,-13.289178256450265,0.0,-0.0
83097656250.0,0.21654147324079923,0.0,-13.289178256450265,0.0,-0.0
83125000000.0,0.21654147324079923,0.0,-13.289178256450265,0.0,-0.0
83152343750.0,0.21654147324079923,0.0,-13.289178256450265,0.0,-0.0
83179687500.0,0.21654147324079923,0.0,-13.289178256450265,0.0,-0.0
83207031250.0,0.21654147324079923,0.0,-13.289178256450265,0.0,-0.0
83234375000.0,0.21654147324079923,0.0,-13.289178256450265,0.0,-0.0
83261718750.0,0.21654147324079923,0.0,-13.289178256450265,0.0,-0.0
83289062500.0,0.21654147324079923,0.0,-13.289178256450265,0.0,-0.0
83316406250.0,0.21654147324079923,0.0,-13.289178256450265,0.0,-0.0
83343750000.0,0.21654147324079923,0.0,-13.289178256450265,0.0,-0.0
83371093750.0,0.21654147324079923,0.0,-13.289178256450265,0.0,-0.0
83398437500.0,0.21654147324079923,0.0,-13.289178256450265,0.0,-0.0
83425781250.0,0.21654147324079923,0.0,-13.289178256450265,0.0,-0.0
83453125000.0,0.21654147324079923,0.0,-13.289178256450265,0.0,-0.0
83480468750.0,0.21654147324079923,0.0,-13.289178256450265,0.0,-0.0
83507812500.0,0.21654147324079923,0.0,-13.289178256450265,0.0,-0.0
83535156250.0,0.21654147324079923,0.0,-13.289178256450265,0.0,-0.0
83562500000.0,0.21654147324079923,0.0,-13.289178256450265,0.0,-0.0
83589843750.0,0.21654147324079923,0.0,-13.289178256450265,0.0,-0.0
83617187500.0,0.21654147324079923,0.0,-13.289178256450265,0.0,-0.0
83644531250.0,0.21654147324079923,0.0,-13.289178256450265,0.0,-0.0
83671875000.0,0.21654147324079923,0.0,-13.289178256450265,0.0,-0.0
83699218750.0,0.21654147324079923,0.0,-13.289178256450265,0.0,-0.0
83726562500.0,0.21654147324079923,0.0,-13.289178256450265,0.0,-0.0
83753906250.0,0.21654147324079923,0.0,-13.289178256450265,0.0,-0.0
83781250000.0,0.21654147324079923,0.0,-13.289178256450265,0.0,-0.0
83808593750.0,0.21654147324079923,0.0,-13.289178256450265,0.0,-0.0
83835937500.0,0.21654147324079923,0.0,-13.289178256450265,0.0,-0.0
83863281250.0,0.21654147324079923,0.0,-13.289178256450265,0.0,-0.0
83890625000.0,0.21654147324079923,0.0,-13.289178256450265,0.0,-0.0
83917968750.0,0.21654147324079923,0.0,-13.289178256450265,0.0,-0.0
83945312500.0,0.21654147324079923,0.0,-13.289178256450265,0.0,-0.0
83972656250.0,0.21654147324079923,0.0,-13.289178256450265,0.0,-0.0
84000000000.0,0.21654147324079923,0.0,-13.289178256450265,0.0,-0.0
84027343750.0,0.21654147324079923,0.0,-13.289178256450265,0.0,-0.0
84054687500.0,0.21654147324079923,0.0,-13.289178256450265,0.0,-0.0
84082031250.0,0.21654147324079923,0.0,-13.289178256450265,0.0,-0.0
84109375000.0,0.21654147324079923,0.0,-13.289178256450265,0.0,-0.0
84136718750.0,0.21654147324079923,0.0,-13.289178256450265,0.0,-0.0
84164062500.0,0.21654147324079923,0.0,-13.289178256450265,0.0,-0.0
84191406250.0,0.21654147324079923,0.0,-13.289178256450265,0.0,-0.0
84218750000.0,0.21654147324079923,0.0,-13.289178256450265,0.0,-0.0
84246093750.0,0.21654147324079923,0.0,-13.289178256450265,0.0,-0.0
84273437500.0,0.21654147324079923,0.0,-13.289178256450265,0.0,-0.0
84300781250.0,0.21654147324079923,0.0,-13.289178256450265,0.0,-0.0
84328125000.0,0.21654147324079923,0.0,-13.289178256450265,0.0,-0.0
84355468750.0,0.21654147324079923,0.0,-13.289178256450265,0.0,-0.0
84382812500.0,0.21654147324079923,0.0,-13.289178256450265,0.0,-0.0
84410156250.0,0.21654147324079923,0.0,-13.289178256450265,0.0,-0.0
84437500000.0,0.21654147324079923,0.0,-13.289178256450265,0.0,-0.0
84464843750.0,0.21654147324079923,0.0,-13.289178256450265,0.0,-0.0
84492187500.0,0.21654147324079923,0.0,-13.289178256450265,0.0,-0.0
84519531250.0,0.21654147324079923,0.0,-13.289178256450265,0.0,-0.0
84546875000.0,0.21654147324079923,0.0,-13.289178256450265,0.0,-0.0
84574218750.0,0.21654147324079923,0.0,-13.289178256450265,0.0,-0.0
84601562500.0,0.21654147324079923,0.0,-13.289178256450265,0.0,-0.0
84628906250.0,0.21654147324079923,0.0,-13.289178256450265,0.0,-0.0
84656250000.0,0.21654147324079923,0.0,-13.289178256450265,0.0,-0.0
84683593750.0,0.21654147324079923,0.0,-13.289178256450265,0.0,-0.0
84710937500.0,0.21654147324079923,0.0,-13.289178256450265,0.0,-0.0
84738281250.0,0.21654147324079923,0.0,-13.289178256450265,0.0,-0.0
84765625000.0,0.21654147324079923,0.0,-13.289178256450265,0.0,-0.0
84792968750.0,0.21654147324079923,0.0,-13.289178256450265,0.0,-0.0
84820312500.0,0.21654147324079923,0.0,-13.289178256450265,0.0,-0.0
84847656250.0,0.21654147324079923,0.0,-13.289178256450265,0.0,-0.0
84875000000.0,0.21654147324079923,0.0,-13.289178256450265,0.0,-0.0
84902343750.0,0.21654147324079923,0.0,-13.289178256450265,0.0,-0.0
84929687500.0,0.21654147324079923,0.0,-13.289178256450265,0.0,-0.0
84957031250.0,0.21654147324079923,0.0,-13.289178256450265,0.0,-0.0
84984375000.0,0.21654147324079923,0.0,-13.289178256450265,0.0,-0.0
85011718750.0,0.21654147324079923,0.0,-13.289178256450265,0.0,-0.0
85039062500.0,0.21654147324079923,0.0,-13.289178256450265,0.0,-0.0
85066406250.0,0.21654147324079923,0.0,-13.289178256450265,0.0,-0.0
85093750000.0,0.21654147324079923,0.0,-13.289178256450265,0.0,-0.0
85121093750.0,0.21654147324079923,0.0,-13.289178256450265,0.0,-0.0
85148437500.0,0.21654147324079923,0.0,-13.289178256450265,0.0,-0.0
85175781250.0,0.21654147324079923,0.0,-13.289178256450265,0.0,-0.0
85203125000.0,0.21654147324079923,0.0,-13.289178256450265,0.0,-0.0
85230468750.0,0.21654147324079923,0.0,-13.289178256450265,0.0,-0.0
85257812500.0,0.21654147324079923,0.0,-13.289178256450265,0.0,-0.0
85285156250.0,0.21654147324079923,0.0,-13.289178256450265,0.0,-0.0
85312500000.0,0.21654147324079923,0.0,-13.289178256450265,0.0,-0.0
85339843750.0,0.21654147324079923,0.0,-13.289178256450265,0.0,-0.0
85367187500.0,0.21654147324079923,0.0,-13.289178256450265,0.0,-0.0
85394531250.0,0.21654147324079923,0.0,-13.289178256450265,0.0,-0.0
85421875000.0,0.21654147324079923,0.0,-13.289178256450265,0.0,-0.0
85449218750.0,0.21654147324079923,0.0,-13.289178256450265,0.0,-0.0
85476562500.0,0.21654147324079923,0.0,-13.289178256450265,0.0,-0.0
85503906250.0,0.21654147324079923,0.0,-13.289178256450265,0.0,-0.0
85531250000.0,0.21654147324079923,0.0,-13.289178256450265,0.0,-0.0
85558593750.0,0.21654147324079923,0.0,-13.289178256450265,0.0,-0.0
85585937500.0,0.21654147324079923,0.0,-13.289178256450265,0.0,-0.0
85613281250.0,0.21654147324079923,0.0,-13.289178256450265,0.0,-0.0
85640625000.0,0.21654147324079923,0.0,-13.289178256450265,0.0,-0.0
85667968750.0,0.21654147324079923,0.0,-13.289178256450265,0.0,-0.0
85695312500.0,0.21654147324079923,0.0,-13.289178256450265,0.0,-0.0
85722656250.0,0.21654147324079923,0.0,-13.289178256450265,0.0,-0.0
85750000000.0,0.21654147324079923,0.0,-13.289178256450265,0.0,-0.0
85777343750.0,0.21654147324079923,0.0,-13.289178256450265,0.0,-0.0
85804687500.0,0.21654147324079923,0.0,-13.289178256450265,0.0,-0.0
85832031250.0,0.21654147324079923,0.0,-13.289178256450265,0.0,-0.0
85859375000.0,0.21654147324079923,0.0,-13.289178256450265,0.0,-0.0
85886718750.0,0.21654147324079923,0.0,-13.289178256450265,0.0,-0.0
85914062500.0,0.21654147324079923,0.0,-13.289178256450265,0.0,-0.0
85941406250.0,0.21654147324079923,0.0,-13.289178256450265,0.0,-0.0
85968750000.0,0.21654147324079923,0.0,-13.289178256450265,0.0,-0.0
85996093750.0,0.21654147324079923,0.0,-13.289178256450265,0.0,-0.0
86023437500.0,0.21654147324079923,0.0,-13.289178256450265,0.0,-0.0
86050781250.0,0.21654147324079923,0.0,-13.289178256450265,0.0,-0.0
86078125000.0,0.21654147324079923,0.0,-13.289178256450265,0.0,-0.0
86105468750.0,0.21654147324079923,0.0,-13.289178256450265,0.0,-0.0
86132812500.0,0.21654147324079923,0.0,-13.289178256450265,0.0,-0.0
86160156250.0,0.21654147324079923,0.0,-13.289178256450265,0.0,-0.0
86187500000.0,0.21654147324079923,0.0,-13.289178256450265,0.0,-0.0
86214843750.0,0.21654147324079923,0.0,-13.289178256450265,0.0,-0.0
86242187500.0,0.21654147324079923,0.0,-13.289178256450265,0.0,-0.0
86269531250.0,0.21654147324079923,0.0,-13.289178256450265,0.0,-0.0
86296875000.0,0.21654147324079923,0.0,-13.289178256450265,0.0,-0.0
86324218750.0,0.21654147324079923,0.0,-13.289178256450265,0.0,-0.0
86351562500.0,0.21654147324079923,0.0,-13.289178256450265,0.0,-0.0
86378906250.0,0.21654147324079923,0.0,-13.289178256450265,0.0,-0.0
86406250000.0,0.21654147324079923,0.0,-13.289178256450265,0.0,-0.0
86433593750.0,0.21654147324079923,0.0,-13.289178256450265,0.0,-0.0
86460937500.0,0.21654147324079923,0.0,-13.289178256450265,0.0,-0.0
86488281250.0,0.21654147324079923,0.0,-13.289178256450265,0.0,-0.0
86515625000.0,0.21654147324079923,0.0,-13.289178256450265,0.0,-0.0
86542968750.0,0.21654147324079923,0.0,-13.289178256450265,0.0,-0.0
86570312500.0,0.21654147324079923,0.0,-13.289178256450265,0.0,-0.0
86597656250.0,0.21654147324079923,0.0,-13.289178256450265,0.0,-0.0
86625000000.0,0.21654147324079923,0.0,-13.289178256450265,0.0,-0.0
86652343750.0,0.21654147324079923,0.0,-13.289178256450265,0.0,-0.0
86679687500.0,0.21654147324079923,0.0,-13.289178256450265,0.0,-0.0
86707031250.0,0.21654147324079923,0.0,-13.289178256450265,0.0,-0.0
86734375000.0,0.21654147324079923,0.0,-13.289178256450265,0.0,-0.0
86761718750.0,0.21654147324079923,0.0,-13.289178256450265,0.0,-0.0
86789062500.0,0.21654147324079923,0.0,-13.289178256450265,0.0,-0.0
86816406250.0,0.21654147324079923,0.0,-13.289178256450265,0.0,-0.0
86843750000.0,0.21654147324079923,0.0,-13.289178256450265,0.0,-0.0
86871093750.0,0.21654147324079923,0.0,-13.289178256450265,0.0,-0.0
86898437500.0,0.21654147324079923,0.0,-13.289178256450265,0.0,-0.0
86925781250.0,0.21654147324079923,0.0,-13.289178256450265,0.0,-0.0
86953125000.0,0.21654147324079923,0.0,-13.289178256450265,0.0,-0.0
86980468750.0,0.21654147324079923,0.0,-13.289178256450265,0.0,-0.0
87007812500.0,0.21654147324079923,0.0,-13.289178256450265,0.0,-0.0
87035156250.0,0.21654147324079923,0.0,-13.289178256450265,0.0,-0.0
87062500000.0,0.21654147324079923,0.0,-13.289178256450265,0.0,-0.0
87089843750.0,0.21654147324079923,0.0,-13.289178256450265,0.0,-0.0
87117187500.0,0.21654147324079923,0.0,-13.289178256450265,0.0,-0.0
87144531250.0,0.21654147324079923,0.0,-13.289178256450265,0.0,-0.0
87171875000.0,0.21654147324079923,0.0,-13.289178256450265,0.0,-0.0
87199218750.0,0.21654147324079923,0.0,-13.289178256450265,0.0,-0.0
87226562500.0,0.21654147324079923,0.0,-13.289178256450265,0.0,-0.0
87253906250.0,0.21654147324079923,0.0,-13.289178256450265,0.0,-0.0
87281250000.0,0.21654147324079923,0.0,-13.289178256450265,0.0,-0.0
87308593750.0,0.21654147324079923,0.0,-13.289178256450265,0.0,-0.0
87335937500.0,0.21654147324079923,0.0,-13.289178256450265,0.0,-0.0
87363281250.0,0.21654147324079923,0.0,-13.289178256450265,0.0,-0.0
87390625000.0,0.21654147324079923,0.0,-13.289178256450265,0.0,-0.0
87417968750.0,0.21654147324079923,0.0,-13.289178256450265,0.0,-0.0
87445312500.0,0.21654147324079923,0.0,-13.289178256450265,0.0,-0.0
87472656250.0,0.21654147324079923,0.0,-13.289178256450265,0.0,-0.0
87500000000.0,0.21654147324079923,0.0,-13.289178256450265,0.0,-0.0
87527343750.0,0.21654147324079923,0.0,-13.289178256450265,0.0,-0.0
87554687500.0,0.21654147324079923,0.0,-13.289178256450265,0.0,-0.0
87582031250.0,0.21654147324079923,0.0,-13.289178256450265,0.0,-0.0
87609375000.0,0.21654147324079923,0.0,-13.289178256450265,0.0,-0.0
87636718750.0,0.21654147324079923,0.0,-13.289178256450265,0.0,-0.0
87664062500.0,0.21654147324079923,0.0,-13.289178256450265,0.0,-0.0
87691406250.0,0.21654147324079923,0.0,-13.289178256450265,0.0,-0.0
87718750000.0,0.21654147324079923,0.0,-13.289178256450265,0.0,-0.0
87746093750.0,0.21654147324079923,0.0,-13.289178256450265,0.0,-0.0
87773437500.0,0.21654147324079923,0.0,-13.289178256450265,0.0,-0.0
87800781250.0,0.21654147324079923,0.0,-13.289178256450265,0.0,-0.0
87828125000.0,0.21654147324079923,0.0,-13.289178256450265,0.0,-0.0
87855468750.0,0.21654147324079923,0.0,-13.289178256450265,0.0,-0.0
87882812500.0,0.21654147324079923,0.0,-13.289178256450265,0.0,-0.0
87910156250.0,0.21654147324079923,0.0,-13.289178256450265,0.0,-0.0
87937500000.0,0.21654147324079923,0.0,-13.289178256450265,0.0,-0.0
87964843750.0,0.21654147324079923,0.0,-13.289178256450265,0.0,-0.0
87992187500.0,0.21654147324079923,0.0,-13.289178256450265,0.0,-0.0
88019531250.0,0.21654147324079923,0.0,-13.289178256450265,0.0,-0.0
88046875000.0,0.21654147324079923,0.0,-13.289178256450265,0.0,-0.0
88074218750.0,0.21654147324079923,0.0,-13.289178256450265,0.0,-0.0
88101562500.0,0.21654147324079923,0.0,-13.289178256450265,0.0,-0.0
88128906250.0,0.21654147324079923,0.0,-13.289178256450265,0.0,-0.0
88156250000.0,0.21654147324079923,0.0,-13.289178256450265,0.0,-0.0
88183593750.0,0.21654147324079923,0.0,-13.289178256450265,0.0,-0.0
88210937500.0,0.21654147324079923,0.0,-13.289178256450265,0.0,-0.0
88238281250.0,0.21654147324079923,0.0,-13.289178256450265,0.0,-0.0
88265625000.0,0.21654147324079923,0.0,-13.289178256450265,0.0,-0.0
88292968750.0,0.21654147324079923,0.0,-13.289178256450265,0.0,-0.0
88320312500.0,0.21654147324079923,0.0,-13.289178256450265,0.0,-0.0
88347656250.0,0.21654147324079923,0.0,-13.289178256450265,0.0,-0.0
88375000000.0,0.21654147324079923,0.0,-13.289178256450265,0.0,-0.0
88402343750.0,0.21654147324079923,0.0,-13.289178256450265,0.0,-0.0
88429687500.0,0.21654147324079923,0.0,-13.289178256450265,0.0,-0.0
88457031250.0,0.21654147324079923,0.0,-13.289178256450265,0.0,-0.0
88484375000.0,0.21654147324079923,0.0,-13.289178256450265,0.0,-0.0
88511718750.0,0.21654147324079923,0.0,-13.289178256450265,0.0,-0.0
88539062500.0,0.21654147324079923,0.0,-13.289178256450265,0.0,-0.0
88566406250.0,0.21654147324079923,0.0,-13.289178256450265,0.0,-0.0
88593750000.0,0.21654147324079923,0.0,-13.289178256450265,0.0,-0.0
88621093750.0,0.21654147324079923,0.0,-13.289178256450265,0.0,-0.0
88648437500.0,0.21654147324079923,0.0,-13.289178256450265,0.0,-0.0
88675781250.0,0.21654147324079923,0.0,-13.289178256450265,0.0,-0.0
88703125000.0,0.21654147324079923,0.0,-13.289178256450265,0.0,-0.0
88730468750.0,0.21654147324079923,0.0,-13.289178256450265,0.0,-0.0
88757812500.0,0.21654147324079923,0.0,-13.289178256450265,0.0,-0.0
88785156250.0,0.21654147324079923,0.0,-13.289178256450265,0.0,-0.0
88812500000.0,0.21654147324079923,0.0,-13.289178256450265,0.0,-0.0
88839843750.0,0.21654147324079923,0.0,-13.289178256450265,0.0,-0.0
88867187500.0,0.21654147324079923,0.0,-13.289178256450265,0.0,-0.0
88894531250.0,0.21654147324079923,0.0,-13.289178256450265,0.0,-0.0
88921875000.0,0.21654147324079923,0.0,-13.289178256450265,0.0,-0.0
88949218750.0,0.21654147324079923,0.0,-13.289178256450265,0.0,-0.0
88976562500.0,0.21654147324079923,0.0,-13.289178256450265,0.0,-0.0
89003906250.0,0.21654147324079923,0.0,-13.289178256450265,0.0,-0.0
89031250000.0,0.21654147324079923,0.0,-13.289178256450265,0.0,-0.0
89058593750.0,0.21654147324079923,0.0,-13.289178256450265,0.0,-0.0
89085937500.0,0.21654147324079923,0.0,-13.289178256450265,0.0,-0.0
89113281250.0,0.21654147324079923,0.0,-13.289178256450265,0.0,-0.0
89140625000.0,0.21654147324079923,0.0,-13.289178256450265,0.0,-0.0
89167968750.0,0.21654147324079923,0.0,-13.289178256450265,0.0,-0.0
89195312500.0,0.21654147324079923,0.0,-13.289178256450265,0.0,-0.0
89222656250.0,0.21654147324079923,0.0,-13.289178256450265,0.0,-0.0
89250000000.0,0.21654147324079923,0.0,-13.289178256450265,0.0,-0.0
89277343750.0,0.21654147324079923,0.0,-13.289178256450265,0.0,-0.0
89304687500.0,0.21654147324079923,0.0,-13.289178256450265,0.0,-0.0
89332031250.0,0.21654147324079923,0.0,-13.289178256450265,0.0,-0.0
89359375000.0,0.21654147324079923,0.0,-13.289178256450265,0.0,-0.0
89386718750.0,0.21654147324079923,0.0,-13.289178256450265,0.0,-0.0
89414062500.0,0.21654147324079923,0.0,-13.289178256450265,0.0,-0.0
89441406250.0,0.21654147324079923,0.0,-13.289178256450265,0.0,-0.0
89468750000.0,0.21654147324079923,0.0,-13.289178256450265,0.0,-0.0
89496093750.0,0.21654147324079923,0.0,-13.289178256450265,0.0,-0.0
89523437500.0,0.21654147324079923,0.0,-13.289178256450265,0.0,-0.0
89550781250.0,0.21654147324079923,0.0,-13.289178256450265,0.0,-0.0
89578125000.0,0.21654147324079923,0.0,-13.289178256450265,0.0,-0.0
89605468750.0,0.21654147324079923,0.0,-13.289178256450265,0.0,-0.0
89632812500.0,0.21654147324079923,0.0,-13.289178256450265,0.0,-0.0
89660156250.0,0.21654147324079923,0.0,-13.289178256450265,0.0,-0.0
89687500000.0,0.21654147324079923,0.0,-13.289178256450265,0.0,-0.0
89714843750.0,0.21654147324079923,0.0,-13.289178256450265,0.0,-0.0
89742187500.0,0.21654147324079923,0.0,-13.289178256450265,0.0,-0.0
89769531250.0,0.21654147324079923,0.0,-13.289178256450265,0.0,-0.0
89796875000.0,0.21654147324079923,0.0,-13.289178256450265,0.0,-0.0
89824218750.0,0.21654147324079923,0.0,-13.289178256450265,0.0,-0.0
89851562500.0,0.21654147324079923,0.0,-13.289178256450265,0.0,-0.0
89878906250.0,0.21654147324079923,0.0,-13.289178256450265,0.0,-0.0
89906250000.0,0.21654147324079923,0.0,-13.289178256450265,0.0,-0.0
89933593750.0,0.21654147324079923,0.0,-13.289178256450265,0.0,-0.0
89960937500.0,0.21654147324079923,0.0,-13.289178256450265,0.0,-0.0
89988281250.0,0.21654147324079923,0.0,-13.289178256450265,0.0,-0.0
90015625000.0,0.21654147324079923,0.0,-13.289178256450265,0.0,-0.0
90042968750.0,0.21654147324079923,0.0,-13.289178256450265,0.0,-0.0
90070312500.0,0.21654147324079923,0.0,-13.289178256450265,0.0,-0.0
90097656250.0,0.21654147324079923,0.0,-13.289178256450265,0.0,-0.0
90125000000.0,0.21654147324079923,0.0,-13.289178256450265,0.0,-0.0
90152343750.0,0.21654147324079923,0.0,-13.289178256450265,0.0,-0.0
90179687500.0,0.21654147324079923,0.0,-13.289178256450265,0.0,-0.0
90207031250.0,0.21654147324079923,0.0,-13.289178256450265,0.0,-0.0
90234375000.0,0.21654147324079923,0.0,-13.289178256450265,0.0,-0.0
90261718750.0,0.21654147324079923,0.0,-13.289178256450265,0.0,-0.0
90289062500.0,0.21654147324079923,0.0,-13.289178256450265,0.0,-0.0
90316406250.0,0.21654147324079923,0.0,-13.289178256450265,0.0,-0.0
90343750000.0,0.21654147324079923,0.0,-13.289178256450265,0.0,-0.0
90371093750.0,0.21654147324079923,0.0,-13.289178256450265,0.0,-0.0
90398437500.0,0.21654147324079923,0.0,-13.289178256450265,0.0,-0.0
90425781250.0,0.21654147324079923,0.0,-13.289178256450265,0.0,-0.0
90453125000.0,0.21654147324079923,0.0,-13.289178256450265,0.0,-0.0
90480468750.0,0.21654147324079923,0.0,-13.289178256450265,0.0,-0.0
90507812500.0,0.21654147324079923,0.0,-13.289178256450265,0.0,-0.0
90535156250.0,0.21654147324079923,0.0,-13.289178256450265,0.0,-0.0
90562500000.0,0.21654147324079923,0.0,-13.289178256450265,0.0,-0.0
90589843750.0,0.21654147324079923,0.0,-13.289178256450265,0.0,-0.0
90617187500.0,0.21654147324079923,0.0,-13.289178256450265,0.0,-0.0
90644531250.0,0.21654147324079923,0.0,-13.289178256450265,0.0,-0.0
90671875000.0,0.21654147324079923,0.0,-13.289178256450265,0.0,-0.0
90699218750.0,0.21654147324079923,0.0,-13.289178256450265,0.0,-0.0
90726562500.0,0.21654147324079923,0.0,-13.289178256450265,0.0,-0.0
90753906250.0,0.21654147324079923,0.0,-13.289178256450265,0.0,-0.0
90781250000.0,0.21654147324079923,0.0,-13.289178256450265,0.0,-0.0
90808593750.0,0.21654147324079923,0.0,-13.289178256450265,0.0,-0.0
90835937500.0,0.21654147324079923,0.0,-13.289178256450265,0.0,-0.0
90863281250.0,0.21654147324079923,0.0,-13.289178256450265,0.0,-0.0
90890625000.0,0.21654147324079923,0.0,-13.289178256450265,0.0,-0.0
90917968750.0,0.21654147324079923,0.0,-13.289178256450265,0.0,-0.0
90945312500.0,0.21654147324079923,0.0,-13.289178256450265,0.0,-0.0
90972656250.0,0.21654147324079923,0.0,-13.289178256450265,0.0,-0.0
91000000000.0,0.21654147324079923,0.0,-13.289178256450265,0.0,-0.0
91027343750.0,0.21654147324079923,0.0,-13.289178256450265,0.0,-0.0
91054687500.0,0.21654147324079923,0.0,-13.289178256450265,0.0,-0.0
91082031250.0,0.21654147324079923,0.0,-13.289178256450265,0.0,-0.0
91109375000.0,0.21654147324079923,0.0,-13.289178256450265,0.0,-0.0
91136718750.0,0.21654147324079923,0.0,-13.289178256450265,0.0,-0.0
91164062500.0,0.21654147324079923,0.0,-13.289178256450265,0.0,-0.0
91191406250.0,0.21654147324079923,0.0,-13.289178256450265,0.0,-0.0
91218750000.0,0.21654147324079923,0.0,-13.289178256450265,0.0,-0.0
91246093750.0,0.21654147324079923,0.0,-13.289178256450265,0.0,-0.0
91273437500.0,0.21654147324079923,0.0,-13.289178256450265,0.0,-0.0
91300781250.0,0.21654147324079923,0.0,-13.289178256450265,0.0,-0.0
91328125000.0,0.21654147324079923,0.0,-13.289178256450265,0.0,-0.0
91355468750.0,0.21654147324079923,0.0,-13.289178256450265,0.0,-0.0
91382812500.0,0.21654147324079923,0.0,-13.289178256450265,0.0,-0.0
91410156250.0,0.21654147324079923,0.0,-13.289178256450265,0.0,-0.0
91437500000.0,0.21654147324079923,0.0,-13.289178256450265,0.0,-0.0
91464843750.0,0.21654147324079923,0.0,-13.289178256450265,0.0,-0.0
91492187500.0,0.21654147324079923,0.0,-13.289178256450265,0.0,-0.0
91519531250.0,0.21654147324079923,0.0,-13.289178256450265,0.0,-0.0
91546875000.0,0.21654147324079923,0.0,-13.289178256450265,0.0,-0.0
91574218750.0,0.21654147324079923,0.0,-13.289178256450265,0.0,-0.0
91601562500.0,0.21654147324079923,0.0,-13.289178256450265,0.0,-0.0
91628906250.0,0.21654147324079923,0.0,-13.289178256450265,0.0,-0.0
91656250000.0,0.21654147324079923,0.0,-13.289178256450265,0.0,-0.0
91683593750.0,0.21654147324079923,0.0,-13.289178256450265,0.0,-0.0
91710937500.0,0.21654147324079923,0.0,-13.289178256450265,0.0,-0.0
91738281250.0,0.21654147324079923,0.0,-13.289178256450265,0.0,-0.0
91765625000.0,0.21654147324079923,0.0,-13.289178256450265,0.0,-0.0
91792968750.0,0.21654147324079923,0.0,-13.289178256450265,0.0,-0.0
91820312500.0,0.21654147324079923,0.0,-13.289178256450265,0.0,-0.0
91847656250.0,0.21654147324079923,0.0,-13.289178256450265,0.0,-0.0
91875000000.0,0.21654147324079923,0.0,-13.289178256450265,0.0,-0.0
91902343750.0,0.21654147324079923,0.0,-13.289178256450265,0.0,-0.0
91929687500.0,0.21654147324079923,0.0,-13.289178256450265,0.0,-0.0
91957031250.0,0.21654147324079923,0.0,-13.289178256450265,0.0,-0.0
91984375000.0,0.21654147324079923,0.0,-13.289178256450265,0.0,-0.0
92011718750.0,0.21654147324079923,0.0,-13.289178256450265,0.0,-0.0
92039062500.0,0.21654147324079923,0.0,-13.289178256450265,0.0,-0.0
92066406250.0,0.21654147324079923,0.0,-13.289178256450265,0.0,-0.0
92093750000.0,0.21654147324079923,0.0,-13.289178256450265,0.0,-0.0
92121093750.0,0.21654147324079923,0.0,-13.289178256450265,0.0,-0.0
92148437500.0,0.21654147324079923,0.0,-13.289178256450265,0.0,-0.0
92175781250.0,0.21654147324079923,0.0,-13.289178256450265,0.0,-0.0
92203125000.0,0.21654147324079923,0.0,-13.289178256450265,0.0,-0.0
92230468750.0,0.21654147324079923,0.0,-13.289178256450265,0.0,-0.0
92257812500.0,0.21654147324079923,0.0,-13.289178256450265,0.0,-0.0
92285156250.0,0.21654147324079923,0.0,-13.289178256450265,0.0,-0.0
92312500000.0,0.21654147324079923,0.0,-13.289178256450265,0.0,-0.0
92339843750.0,0.21654147324079923,0.0,-13.289178256450265,0.0,-0.0
92367187500.0,0.21654147324079923,0.0,-13.289178256450265,0.0,-0.0
92394531250.0,0.21654147324079923,0.0,-13.289178256450265,0.0,-0.0
92421875000.0,0.21654147324079923,0.0,-13.289178256450265,0.0,-0.0
92449218750.0,0.21654147324079923,0.0,-13.289178256450265,0.0,-0.0
92476562500.0,0.21654147324079923,0.0,-13.289178256450265,0.0,-0.0
92503906250.0,0.21654147324079923,0.0,-13.289178256450265,0.0,-0.0
92531250000.0,0.21654147324079923,0.0,-13.289178256450265,0.0,-0.0
92558593750.0,0.21654147324079923,0.0,-13.289178256450265,0.0,-0.0
92585937500.0,0.21654147324079923,0.0,-13.289178256450265,0.0,-0.0
92613281250.0,0.21654147324079923,0.0,-13.289178256450265,0.0,-0.0
92640625000.0,0.21654147324079923,0.0,-13.289178256450265,0.0,-0.0
92667968750.0,0.21654147324079923,0.0,-13.289178256450265,0.0,-0.0
92695312500.0,0.21654147324079923,0.0,-13.289178256450265,0.0,-0.0
92722656250.0,0.21654147324079923,0.0,-13.289178256450265,0.0,-0.0
92750000000.0,0.21654147324079923,0.0,-13.289178256450265,0.0,-0.0
92777343750.0,0.21654147324079923,0.0,-13.289178256450265,0.0,-0.0
92804687500.0,0.21654147324079923,0.0,-13.289178256450265,0.0,-0.0
92832031250.0,0.21654147324079923,0.0,-13.289178256450265,0.0,-0.0
92859375000.0,0.21654147324079923,0.0,-13.289178256450265,0.0,-0.0
92886718750.0,0.21654147324079923,0.0,-13.289178256450265,0.0,-0.0
92914062500.0,0.21654147324079923,0.0,-13.289178256450265,0.0,-0.0
92941406250.0,0.21654147324079923,0.0,-13.289178256450265,0.0,-0.0
92968750000.0,0.21654147324079923,0.0,-13.289178256450265,0.0,-0.0
92996093750.0,0.21654147324079923,0.0,-13.289178256450265,0.0,-0.0
93023437500.0,0.21654147324079923,0.0,-13.289178256450265,0.0,-0.0
93050781250.0,0.21654147324079923,0.0,-13.289178256450265,0.0,-0.0
93078125000.0,0.21654147324079923,0.0,-13.289178256450265,0.0,-0.0
93105468750.0,0.21654147324079923,0.0,-13.289178256450265,0.0,-0.0
93132812500.0,0.21654147324079923,0.0,-13.289178256450265,0.0,-0.0
93160156250.0,0.21654147324079923,0.0,-13.289178256450265,0.0,-0.0
93187500000.0,0.21654147324079923,0.0,-13.289178256450265,0.0,-0.0
93214843750.0,0.21654147324079923,0.0,-13.289178256450265,0.0,-0.0
93242187500.0,0.21654147324079923,0.0,-13.289178256450265,0.0,-0.0
93269531250.0,0.21654147324079923,0.0,-13.289178256450265,0.0,-0.0
93296875000.0,0.21654147324079923,0.0,-13.289178256450265,0.0,-0.0
93324218750.0,0.21654147324079923,0.0,-13.289178256450265,0.0,-0.0
93351562500.0,0.21654147324079923,0.0,-13.289178256450265,0.0,-0.0
93378906250.0,0.21654147324079923,0.0,-13.289178256450265,0.0,-0.0
93406250000.0,0.21654147324079923,0.0,-13.289178256450265,0.0,-0.0
93433593750.0,0.21654147324079923,0.0,-13.289178256450265,0.0,-0.0
93460937500.0,0.21654147324079923,0.0,-13.289178256450265,0.0,-0.0
93488281250.0,0.21654147324079923,0.0,-13.289178256450265,0.0,-0.0
93515625000.0,0.21654147324079923,0.0,-13.289178256450265,0.0,-0.0
93542968750.0,0.21654147324079923,0.0,-13.289178256450265,0.0,-0.0
93570312500.0,0.21654147324079923,0.0,-13.289178256450265,0.0,-0.0
93597656250.0,0.21654147324079923,0.0,-13.289178256450265,0.0,-0.0
93625000000.0,0.21654147324079923,0.0,-13.289178256450265,0.0,-0.0
93652343750.0,0.21654147324079923,0.0,-13.289178256450265,0.0,-0.0
93679687500.0,0.21654147324079923,0.0,-13.289178256450265,0.0,-0.0
93707031250.0,0.21654147324079923,0.0,-13.289178256450265,0.0,-0.0
93734375000.0,0.21654147324079923,0.0,-13.289178256450265,0.0,-0.0
93761718750.0,0.21654147324079923,0.0,-13.289178256450265,0.0,-0.0
93789062500.0,0.21654147324079923,0.0,-13.289178256450265,0.0,-0.0
93816406250.0,0.21654147324079923,0.0,-13.289178256450265,0.0,-0.0
93843750000.0,0.21654147324079923,0.0,-13.289178256450265,0.0,-0.0
93871093750.0,0.21654147324079923,0.0,-13.289178256450265,0.0,-0.0
93898437500.0,0.21654147324079923,0.0,-13.289178256450265,0.0,-0.0
93925781250.0,0.21654147324079923,0.0,-13.289178256450265,0.0,-0.0
93953125000.0,0.21654147324079923,0.0,-13.289178256450265,0.0,-0.0
93980468750.0,0.21654147324079923,0.0,-13.289178256450265,0.0,-0.0
94007812500.0,0.21654147324079923,0.0,-13.289178256450265,0.0,-0.0
94035156250.0,0.21654147324079923,0.0,-13.289178256450265,0.0,-0.0
94062500000.0,0.21654147324079923,0.0,-13.289178256450265,0.0,-0.0
94089843750.0,0.21654147324079923,0.0,-13.289178256450265,0.0,-0.0
94117187500.0,0.21654147324079923,0.0,-13.289178256450265,0.0,-0.0
94144531250.0,0.21654147324079923,0.0,-13.289178256450265,0.0,-0.0
94171875000.0,0.21654147324079923,0.0,-13.289178256450265,0.0,-0.0
94199218750.0,0.21654147324079923,0.0,-13.289178256450265,0.0,-0.0
94226562500.0,0.21654147324079923,0.0,-13.289178256450265,0.0,-0.0
94253906250.0,0.21654147324079923,0.0,-13.289178256450265,0.0,-0.0
94281250000.0,0.21654147324079923,0.0,-13.289178256450265,0.0,-0.0
94308593750.0,0.21654147324079923,0.0,-13.289178256450265,0.0,-0.0
94335937500.0,0.21654147324079923,0.0,-13.289178256450265,0.0,-0.0
94363281250.0,0.21654147324079923,0.0,-13.289178256450265,0.0,-0.0
94390625000.0,0.21654147324079923,0.0,-13.289178256450265,0.0,-0.0
94417968750.0,0.21654147324079923,0.0,-13.289178256450265,0.0,-0.0
94445312500.0,0.21654147324079923,0.0,-13.289178256450265,0.0,-0.0
94472656250.0,0.21654147324079923,0.0,-13.289178256450265,0.0,-0.0
94500000000.0,0.21654147324079923,0.0,-13.289178256450265,0.0,-0.0
94527343750.0,0.21654147324079923,0.0,-13.289178256450265,0.0,-0.0
94554687500.0,0.21654147324079923,0.0,-13.289178256450265,0.0,-0.0
94582031250.0,0.21654147324079923,0.0,-13.289178256450265,0.0,-0.0
94609375000.0,0.21654147324079923,0.0,-13.289178256450265,0.0,-0.0
94636718750.0,0.21654147324079923,0.0,-13.289178256450265,0.0,-0.0
94664062500.0,0.21654147324079923,0.0,-13.289178256450265,0.0,-0.0
94691406250.0,0.21654147324079923,0.0,-13.289178256450265,0.0,-0.0
94718750000.0,0.21654147324079923,0.0,-13.289178256450265,0.0,-0.0
94746093750.0,0.21654147324079923,0.0,-13.289178256450265,0.0,-0.0
94773437500.0,0.21654147324079923,0.0,-13.289178256450265,0.0,-0.0
94800781250.0,0.21654147324079923,0.0,-13.289178256450265,0.0,-0.0
94828125000.0,0.21654147324079923,0.0,-13.289178256450265,0.0,-0.0
94855468750.0,0.21654147324079923,0.0,-13.289178256450265,0.0,-0.0
94882812500.0,0.21654147324079923,0.0,-13.289178256450265,0.0,-0.0
94910156250.0,0.21654147324079923,0.0,-13.289178256450265,0.0,-0.0
94937500000.0,0.21654147324079923,0.0,-13.289178256450265,0.0,-0.0
94964843750.0,0.21654147324079923,0.0,-13.289178256450265,0.0,-0.0
94992187500.0,0.21654147324079923,0.0,-13.289178256450265,0.0,-0.0
95019531250.0,0.21654147324079923,0.0,-13.289178256450265,0.0,-0.0
95046875000.0,0.21654147324079923,0.0,-13.289178256450265,0.0,-0.0
95074218750.0,0.21654147324079923,0.0,-13.289178256450265,0.0,-0.0
95101562500.0,0.21654147324079923,0.0,-13.289178256450265,0.0,-0.0
95128906250.0,0.21654147324079923,0.0,-13.289178256450265,0.0,-0.0
95156250000.0,0.21654147324079923,0.0,-13.289178256450265,0.0,-0.0
95183593750.0,0.21654147324079923,0.0,-13.289178256450265,0.0,-0.0
95210937500.0,0.21654147324079923,0.0,-13.289178256450265,0.0,-0.0
95238281250.0,0.21654147324079923,0.0,-13.289178256450265,0.0,-0.0
95265625000.0,0.21654147324079923,0.0,-13.289178256450265,0.0,-0.0
95292968750.0,0.21654147324079923,0.0,-13.289178256450265,0.0,-0.0
95320312500.0,0.21654147324079923,0.0,-13.289178256450265,0.0,-0.0
95347656250.0,0.21654147324079923,0.0,-13.289178256450265,0.0,-0.0
95375000000.0,0.21654147324079923,0.0,-13.289178256450265,0.0,-0.0
95402343750.0,0.21654147324079923,0.0,-13.289178256450265,0.0,-0.0
95429687500.0,0.21654147324079923,0.0,-13.289178256450265,0.0,-0.0
95457031250.0,0.21654147324079923,0.0,-13.289178256450265,0.0,-0.0
95484375000.0,0.21654147324079923,0.0,-13.289178256450265,0.0,-0.0
95511718750.0,0.21654147324079923,0.0,-13.289178256450265,0.0,-0.0
95539062500.0,0.21654147324079923,0.0,-13.289178256450265,0.0,-0.0
95566406250.0,0.21654147324079923,0.0,-13.289178256450265,0.0,-0.0
95593750000.0,0.21654147324079923,0.0,-13.289178256450265,0.0,-0.0
95621093750.0,0.21654147324079923,0.0,-13.289178256450265,0.0,-0.0
95648437500.0,0.21654147324079923,0.0,-13.289178256450265,0.0,-0.0
95675781250.0,0.21654147324079923,0.0,-13.289178256450265,0.0,-0.0
95703125000.0,0.21654147324079923,0.0,-13.289178256450265,0.0,-0.0
95730468750.0,0.21654147324079923,0.0,-13.289178256450265,0.0,-0.0
95757812500.0,0.21654147324079923,0.0,-13.289178256450265,0.0,-0.0
95785156250.0,0.21654147324079923,0.0,-13.289178256450265,0.0,-0.0
95812500000.0,0.21654147324079923,0.0,-13.289178256450265,0.0,-0.0
95839843750.0,0.21654147324079923,0.0,-13.289178256450265,0.0,-0.0
95867187500.0,0.21654147324079923,0.0,-13.289178256450265,0.0,-0.0
95894531250.0,0.21654147324079923,0.0,-13.289178256450265,0.0,-0.0
95921875000.0,0.21654147324079923,0.0,-13.289178256450265,0.0,-0.0
95949218750.0,0.21654147324079923,0.0,-13.289178256450265,0.0,-0.0
95976562500.0,0.21654147324079923,0.0,-13.289178256450265,0.0,-0.0
96003906250.0,0.21654147324079923,0.0,-13.289178256450265,0.0,-0.0
96031250000.0,0.21654147324079923,0.0,-13.289178256450265,0.0,-0.0
96058593750.0,0.21654147324079923,0.0,-13.289178256450265,0.0,-0.0
96085937500.0,0.21654147324079923,0.0,-13.289178256450265,0.0,-0.0
96113281250.0,0.21654147324079923,0.0,-13.289178256450265,0.0,-0.0
96140625000.0,0.21654147324079923,0.0,-13.289178256450265,0.0,-0.0
96167968750.0,0.21654147324079923,0.0,-13.289178256450265,0.0,-0.0
96195312500.0,0.21654147324079923,0.0,-13.289178256450265,0.0,-0.0
96222656250.0,0.21654147324079923,0.0,-13.289178256450265,0.0,-0.0
96250000000.0,0.21654147324079923,0.0,-13.289178256450265,0.0,-0.0
96277343750.0,0.21654147324079923,0.0,-13.289178256450265,0.0,-0.0
96304687500.0,0.21654147324079923,0.0,-13.289178256450265,0.0,-0.0
96332031250.0,0.21654147324079923,0.0,-13.289178256450265,0.0,-0.0
96359375000.0,0.21654147324079923,0.0,-13.289178256450265,0.0,-0.0
96386718750.0,0.21654147324079923,0.0,-13.289178256450265,0.0,-0.0
96414062500.0,0.21654147324079923,0.0,-13.289178256450265,0.0,-0.0
96441406250.0,0.21654147324079923,0.0,-13.289178256450265,0.0,-0.0
96468750000.0,0.21654147324079923,0.0,-13.289178256450265,0.0,-0.0
96496093750.0,0.21654147324079923,0.0,-13.289178256450265,0.0,-0.0
96523437500.0,0.21654147324079923,0.0,-13.289178256450265,0.0,-0.0
96550781250.0,0.21654147324079923,0.0,-13.289178256450265,0.0,-0.0
96578125000.0,0.21654147324079923,0.0,-13.289178256450265,0.0,-0.0
96605468750.0,0.21654147324079923,0.0,-13.289178256450265,0.0,-0.0
96632812500.0,0.21654147324079923,0.0,-13.289178256450265,0.0,-0.0
96660156250.0,0.21654147324079923,0.0,-13.289178256450265,0.0,-0.0
96687500000.0,0.21654147324079923,0.0,-13.289178256450265,0.0,-0.0
96714843750.0,0.21654147324079923,0.0,-13.289178256450265,0.0,-0.0
96742187500.0,0.21654147324079923,0.0,-13.289178256450265,0.0,-0.0
96769531250.0,0.21654147324079923,0.0,-13.289178256450265,0.0,-0.0
96796875000.0,0.21654147324079923,0.0,-13.289178256450265,0.0,-0.0
96824218750.0,0.21654147324079923,0.0,-13.289178256450265,0.0,-0.0
96851562500.0,0.21654147324079923,0.0,-13.289178256450265,0.0,-0.0
96878906250.0,0.21654147324079923,0.0,-13.289178256450265,0.0,-0.0
96906250000.0,0.21654147324079923,0.0,-13.289178256450265,0.0,-0.0
96933593750.0,0.21654147324079923,0.0,-13.289178256450265,0.0,-0.0
96960937500.0,0.21654147324079923,0.0,-13.289178256450265,0.0,-0.0
96988281250.0,0.21654147324079923,0.0,-13.289178256450265,0.0,-0.0
97015625000.0,0.21654147324079923,0.0,-13.289178256450265,0.0,-0.0
97042968750.0,0.21654147324079923,0.0,-13.289178256450265,0.0,-0.0
97070312500.0,0.21654147324079923,0.0,-13.289178256450265,0.0,-0.0
97097656250.0,0.21654147324079923,0.0,-13.289178256450265,0.0,-0.0
97125000000.0,0.21654147324079923,0.0,-13.289178256450265,0.0,-0.0
97152343750.0,0.21654147324079923,0.0,-13.289178256450265,0.0,-0.0
97179687500.0,0.21654147324079923,0.0,-13.289178256450265,0.0,-0.0
97207031250.0,0.21654147324079923,0.0,-13.289178256450265,0.0,-0.0
97234375000.0,0.21654147324079923,0.0,-13.289178256450265,0.0,-0.0
97261718750.0,0.21654147324079923,0.0,-13.289178256450265,0.0,-0.0
97289062500.0,0.21654147324079923,0.0,-13.289178256450265,0.0,-0.0
97316406250.0,0.21654147324079923,0.0,-13.289178256450265,0.0,-0.0
97343750000.0,0.21654147324079923,0.0,-13.289178256450265,0.0,-0.0
97371093750.0,0.21654147324079923,0.0,-13.289178256450265,0.0,-0.0
97398437500.0,0.21654147324079923,0.0,-13.289178256450265,0.0,-0.0
97425781250.0,0.21654147324079923,0.0,-13.289178256450265,0.0,-0.0
97453125000.0,0.21654147324079923,0.0,-13.289178256450265,0.0,-0.0
97480468750.0,0.21654147324079923,0.0,-13.289178256450265,0.0,-0.0
97507812500.0,0.21654147324079923,0.0,-13.289178256450265,0.0,-0.0
97535156250.0,0.21654147324079923,0.0,-13.289178256450265,0.0,-0.0
97562500000.0,0.21654147324079923,0.0,-13.289178256450265,0.0,-0.0
97589843750.0,0.21654147324079923,0.0,-13.289178256450265,0.0,-0.0
97617187500.0,0.21654147324079923,0.0,-13.289178256450265,0.0,-0.0
97644531250.0,0.21654147324079923,0.0,-13.289178256450265,0.0,-0.0
97671875000.0,0.21654147324079923,0.0,-13.289178256450265,0.0,-0.0
97699218750.0,0.21654147324079923,0.0,-13.289178256450265,0.0,-0.0
97726562500.0,0.21654147324079923,0.0,-13.289178256450265,0.0,-0.0
97753906250.0,0.21654147324079923,0.0,-13.289178256450265,0.0,-0.0
97781250000.0,0.21654147324079923,0.0,-13.289178256450265,0.0,-0.0
97808593750.0,0.21654147324079923,0.0,-13.289178256450265,0.0,-0.0
97835937500.0,0.21654147324079923,0.0,-13.289178256450265,0.0,-0.0
97863281250.0,0.21654147324079923,0.0,-13.289178256450265,0.0,-0.0
97890625000.0,0.21654147324079923,0.0,-13.289178256450265,0.0,-0.0
97917968750.0,0.21654147324079923,0.0,-13.289178256450265,0.0,-0.0
97945312500.0,0.21654147324079923,0.0,-13.289178256450265,0.0,-0.0
97972656250.0,0.21654147324079923,0.0,-13.289178256450265,0.0,-0.0
98000000000.0,0.21654147324079923,0.0,-13.289178256450265,0.0,-0.0
98027343750.0,0.21654147324079923,0.0,-13.289178256450265,0.0,-0.0
98054687500.0,0.21654147324079923,0.0,-13.289178256450265,0.0,-0.0
98082031250.0,0.21654147324079923,0.0,-13.289178256450265,0.0,-0.0
98109375000.0,0.21654147324079923,0.0,-13.289178256450265,0.0,-0.0
98136718750.0,0.21654147324079923,0.0,-13.289178256450265,0.0,-0.0
98164062500.0,0.21654147324079923,0.0,-13.289178256450265,0.0,-0.0
98191406250.0,0.21654147324079923,0.0,-13.289178256450265,0.0,-0.0
98218750000.0,0.21654147324079923,0.0,-13.289178256450265,0.0,-0.0
98246093750.0,0.21654147324079923,0.0,-13.289178256450265,0.0,-0.0
98273437500.0,0.21654147324079923,0.0,-13.289178256450265,0.0,-0.0
98300781250.0,0.21654147324079923,0.0,-13.289178256450265,0.0,-0.0
98328125000.0,0.21654147324079923,0.0,-13.289178256450265,0.0,-0.0
98355468750.0,0.21654147324079923,0.0,-13.289178256450265,0.0,-0.0
98382812500.0,0.21654147324079923,0.0,-13.289178256450265,0.0,-0.0
98410156250.0,0.21654147324079923,0.0,-13.289178256450265,0.0,-0.0
98437500000.0,0.21654147324079923,0.0,-13.289178256450265,0.0,-0.0
98464843750.0,0.21654147324079923,0.0,-13.289178256450265,0.0,-0.0
98492187500.0,0.21654147324079923,0.0,-13.289178256450265,0.0,-0.0
98519531250.0,0.21654147324079923,0.0,-13.289178256450265,0.0,-0.0
98546875000.0,0.21654147324079923,0.0,-13.289178256450265,0.0,-0.0
98574218750.0,0.21654147324079923,0.0,-13.289178256450265,0.0,-0.0
98601562500.0,0.21654147324079923,0.0,-13.289178256450265,0.0,-0.0
98628906250.0,0.21654147324079923,0.0,-13.289178256450265,0.0,-0.0
98656250000.0,0.21654147324079923,0.0,-13.289178256450265,0.0,-0.0
98683593750.0,0.21654147324079923,0.0,-13.289178256450265,0.0,-0.0
98710937500.0,0.21654147324079923,0.0,-13.289178256450265,0.0,-0.0
98738281250.0,0.21654147324079923,0.0,-13.289178256450265,0.0,-0.0
98765625000.0,0.21654147324079923,0.0,-13.289178256450265,0.0,-0.0
98792968750.0,0.21654147324079923,0.0,-13.289178256450265,0.0,-0.0
98820312500.0,0.21654147324079923,0.0,-13.289178256450265,0.0,-0.0
98847656250.0,0.21654147324079923,0.0,-13.289178256450265,0.0,-0.0
98875000000.0,0.21654147324079923,0.0,-13.289178256450265,0.0,-0.0
98902343750.0,0.21654147324079923,0.0,-13.289178256450265,0.0,-0.0
98929687500.0,0.21654147324079923,0.0,-13.289178256450265,0.0,-0.0
98957031250.0,0.21654147324079923,0.0,-13.289178256450265,0.0,-0.0
98984375000.0,0.21654147324079923,0.0,-13.289178256450265,0.0,-0.0
99011718750.0,0.21654147324079923,0.0,-13.289178256450265,0.0,-0.0
99039062500.0,0.21654147324079923,0.0,-13.289178256450265,0.0,-0.0
99066406250.0,0.21654147324079923,0.0,-13.289178256450265,0.0,-0.0
99093750000.0,0.21654147324079923,0.0,-13.289178256450265,0.0,-0.0
99121093750.0,0.21654147324079923,0.0,-13.289178256450265,0.0,-0.0
99148437500.0,0.21654147324079923,0.0,-13.289178256450265,0.0,-0.0
99175781250.0,0.21654147324079923,0.0,-13.289178256450265,0.0,-0.0
99203125000.0,0.21654147324079923,0.0,-13.289178256450265,0.0,-0.0
99230468750.0,0.21654147324079923,0.0,-13.289178256450265,0.0,-0.0
99257812500.0,0.21654147324079923,0.0,-13.289178256450265,0.0,-0.0
99285156250.0,0.21654147324079923,0.0,-13.289178256450265,0.0,-0.0
99312500000.0,0.21654147324079923,0.0,-13.289178256450265,0.0,-0.0
99339843750.0,0.21654147324079923,0.0,-13.289178256450265,0.0,-0.0
99367187500.0,0.21654147324079923,0.0,-13.289178256450265,0.0,-0.0
99394531250.0,0.21654147324079923,0.0,-13.289178256450265,0.0,-0.0
99421875000.0,0.21654147324079923,0.0,-13.289178256450265,0.0,-0.0
99449218750.0,0.21654147324079923,0.0,-13.289178256450265,0.0,-0.0
99476562500.0,0.21654147324079923,0.0,-13.289178256450265,0.0,-0.0
99503906250.0,0.21654147324079923,0.0,-13.289178256450265,0.0,-0.0
99531250000.0,0.21654147324079923,0.0,-13.289178256450265,0.0,-0.0
99558593750.0,0.21654147324079923,0.0,-13.289178256450265,0.0,-0.0
99585937500.0,0.21654147324079923,0.0,-13.289178256450265,0.0,-0.0
99613281250.0,0.21654147324079923,0.0,-13.289178256450265,0.0,-0.0
99640625000.0,0.21654147324079923,0.0,-13.289178256450265,0.0,-0.0
99667968750.0,0.21654147324079923,0.0,-13.289178256450265,0.0,-0.0
99695312500.0,0.21654147324079923,0.0,-13.289178256450265,0.0,-0.0
99722656250.0,0.21654147324079923,0.0,-13.289178256450265,0.0,-0.0
99750000000.0,0.21654147324079923,0.0,-13.289178256450265,0.0,-0.0
99777343750.0,0.21654147324079923,0.0,-13.289178256450265,0.0,-0.0
99804687500.0,0.21654147324079923,0.0,-13.289178256450265,0.0,-0.0
99832031250.0,0.21654147324079923,0.0,-13.289178256450265,0.0,-0.0
99859375000.0,0.21654147324079923,0.0,-13.289178256450265,0.0,-0.0
99886718750.0,0.21654147324079923,0.0,-13.289178256450265,0.0,-0.0
99914062500.0,0.21654147324079923,0.0,-13.289178256450265,0.0,-0.0
99941406250.0,0.21654147324079923,0.0,-13.289178256450265,0.0,-0.0
99968750000.0,0.21654147324079923,0.0,-13.289178256450265,0.0,-0.0
99996093750.0,0.21654147324079923,0.0,-13.289178256450265,0.0,-0.0
100023437500.0,0.21654147324079923,0.0,-13.289178256450265,0.0,-0.0
100050781250.0,0.21654147324079923,0.0,-13.289178256450265,0.0,-0.0
100078125000.0,0.21654147324079923,0.0,-13.289178256450265,0.0,-0.0
100105468750.0,0.21654147324079923,0.0,-13.289178256450265,0.0,-0.0
100132812500.0,0.21654147324079923,0.0,-13.289178256450265,0.0,-0.0
100160156250.0,0.21654147324079923,0.0,-13.289178256450265,0.0,-0.0
100187500000.0,0.21654147324079923,0.0,-13.289178256450265,0.0,-0.0
100214843750.0,0.21654147324079923,0.0,-13.289178256450265,0.0,-0.0
100242187500.0,0.21654147324079923,0.0,-13.289178256450265,0.0,-0.0
100269531250.0,0.21654147324079923,0.0,-13.289178256450265,0.0,-0.0
100296875000.0,0.21654147324079923,0.0,-13.289178256450265,0.0,-0.0
100324218750.0,0.21654147324079923,0.0,-13.289178256450265,0.0,-0.0
100351562500.0,0.21654147324079923,0.0,-13.289178256450265,0.0,-0.0
100378906250.0,0.21654147324079923,0.0,-13.289178256450265,0.0,-0.0
100406250000.0,0.21654147324079923,0.0,-13.289178256450265,0.0,-0.0
100433593750.0,0.21654147324079923,0.0,-13.289178256450265,0.0,-0.0
100460937500.0,0.21654147324079923,0.0,-13.289178256450265,0.0,-0.0
100488281250.0,0.21654147324079923,0.0,-13.289178256450265,0.0,-0.0
100515625000.0,0.21654147324079923,0.0,-13.289178256450265,0.0,-0.0
100542968750.0,0.21654147324079923,0.0,-13.289178256450265,0.0,-0.0
100570312500.0,0.21654147324079923,0.0,-13.289178256450265,0.0,-0.0
100597656250.0,0.21654147324079923,0.0,-13.289178256450265,0.0,-0.0
100625000000.0,0.21654147324079923,0.0,-13.289178256450265,0.0,-0.0
100652343750.0,0.21654147324079923,0.0,-13.289178256450265,0.0,-0.0
100679687500.0,0.21654147324079923,0.0,-13.289178256450265,0.0,-0.0
100707031250.0,0.21654147324079923,0.0,-13.289178256450265,0.0,-0.0
100734375000.0,0.21654147324079923,0.0,-13.289178256450265,0.0,-0.0
100761718750.0,0.21654147324079923,0.0,-13.289178256450265,0.0,-0.0
100789062500.0,0.21654147324079923,0.0,-13.289178256450265,0.0,-0.0
100816406250.0,0.21654147324079923,0.0,-13.289178256450265,0.0,-0.0
100843750000.0,0.21654147324079923,0.0,-13.289178256450265,0.0,-0.0
100871093750.0,0.21654147324079923,0.0,-13.289178256450265,0.0,-0.0
100898437500.0,0.21654147324079923,0.0,-13.289178256450265,0.0,-0.0
100925781250.0,0.21654147324079923,0.0,-13.289178256450265,0.0,-0.0
100953125000.0,0.21654147324079923,0.0,-13.289178256450265,0.0,-0.0
100980468750.0,0.21654147324079923,0.0,-13.289178256450265,0.0,-0.0
101007812500.0,0.21654147324079923,0.0,-13.289178256450265,0.0,-0.0
101035156250.0,0.21654147324079923,0.0,-13.289178256450265,0.0,-0.0
101062500000.0,0.21654147324079923,0.0,-13.289178256450265,0.0,-0.0
101089843750.0,0.21654147324079923,0.0,-13.289178256450265,0.0,-0.0
101117187500.0,0.21654147324079923,0.0,-13.289178256450265,0.0,-0.0
101144531250.0,0.21654147324079923,0.0,-13.289178256450265,0.0,-0.0
101171875000.0,0.21654147324079923,0.0,-13.289178256450265,0.0,-0.0
101199218750.0,0.21654147324079923,0.0,-13.289178256450265,0.0,-0.0
101226562500.0,0.21654147324079923,0.0,-13.289178256450265,0.0,-0.0
101253906250.0,0.21654147324079923,0.0,-13.289178256450265,0.0,-0.0
101281250000.0,0.21654147324079923,0.0,-13.289178256450265,0.0,-0.0
101308593750.0,0.21654147324079923,0.0,-13.289178256450265,0.0,-0.0
101335937500.0,0.21654147324079923,0.0,-13.289178256450265,0.0,-0.0
101363281250.0,0.21654147324079923,0.0,-13.289178256450265,0.0,-0.0
101390625000.0,0.21654147324079923,0.0,-13.289178256450265,0.0,-0.0
101417968750.0,0.21654147324079923,0.0,-13.289178256450265,0.0,-0.0
101445312500.0,0.21654147324079923,0.0,-13.289178256450265,0.0,-0.0
101472656250.0,0.21654147324079923,0.0,-13.289178256450265,0.0,-0.0
101500000000.0,0.21654147324079923,0.0,-13.289178256450265,0.0,-0.0
101527343750.0,0.21654147324079923,0.0,-13.289178256450265,0.0,-0.0
101554687500.0,0.21654147324079923,0.0,-13.289178256450265,0.0,-0.0
101582031250.0,0.21654147324079923,0.0,-13.289178256450265,0.0,-0.0
101609375000.0,0.21654147324079923,0.0,-13.289178256450265,0.0,-0.0
101636718750.0,0.21654147324079923,0.0,-13.289178256450265,0.0,-0.0
101664062500.0,0.21654147324079923,0.0,-13.289178256450265,0.0,-0.0
101691406250.0,0.21654147324079923,0.0,-13.289178256450265,0.0,-0.0
101718750000.0,0.21654147324079923,0.0,-13.289178256450265,0.0,-0.0
101746093750.0,0.21654147324079923,0.0,-13.289178256450265,0.0,-0.0
101773437500.0,0.21654147324079923,0.0,-13.289178256450265,0.0,-0.0
101800781250.0,0.21654147324079923,0.0,-13.289178256450265,0.0,-0.0
101828125000.0,0.21654147324079923,0.0,-13.289178256450265,0.0,-0.0
101855468750.0,0.21654147324079923,0.0,-13.289178256450265,0.0,-0.0
101882812500.0,0.21654147324079923,0.0,-13.289178256450265,0.0,-0.0
101910156250.0,0.21654147324079923,0.0,-13.289178256450265,0.0,-0.0
101937500000.0,0.21654147324079923,0.0,-13.289178256450265,0.0,-0.0
101964843750.0,0.21654147324079923,0.0,-13.289178256450265,0.0,-0.0
101992187500.0,0.21654147324079923,0.0,-13.289178256450265,0.0,-0.0
102019531250.0,0.21654147324079923,0.0,-13.289178256450265,0.0,-0.0
102046875000.0,0.21654147324079923,0.0,-13.289178256450265,0.0,-0.0
102074218750.0,0.21654147324079923,0.0,-13.289178256450265,0.0,-0.0
102101562500.0,0.21654147324079923,0.0,-13.289178256450265,0.0,-0.0
102128906250.0,0.21654147324079923,0.0,-13.289178256450265,0.0,-0.0
102156250000.0,0.21654147324079923,0.0,-13.289178256450265,0.0,-0.0
102183593750.0,0.21654147324079923,0.0,-13.289178256450265,0.0,-0.0
102210937500.0,0.21654147324079923,0.0,-13.289178256450265,0.0,-0.0
102238281250.0,0.21654147324079923,0.0,-13.289178256450265,0.0,-0.0
102265625000.0,0.21654147324079923,0.0,-13.289178256450265,0.0,-0.0
102292968750.0,0.21654147324079923,0.0,-13.289178256450265,0.0,-0.0
102320312500.0,0.21654147324079923,0.0,-13.289178256450265,0.0,-0.0
102347656250.0,0.21654147324079923,0.0,-13.289178256450265,0.0,-0.0
102375000000.0,0.21654147324079923,0.0,-13.289178256450265,0.0,-0.0
102402343750.0,0.21654147324079923,0.0,-13.289178256450265,0.0,-0.0
102429687500.0,0.21654147324079923,0.0,-13.289178256450265,0.0,-0.0
102457031250.0,0.21654147324079923,0.0,-13.289178256450265,0.0,-0.0
102484375000.0,0.21654147324079923,0.0,-13.289178256450265,0.0,-0.0
102511718750.0,0.21654147324079923,0.0,-13.289178256450265,0.0,-0.0
102539062500.0,0.21654147324079923,0.0,-13.289178256450265,0.0,-0.0
102566406250.0,0.21654147324079923,0.0,-13.289178256450265,0.0,-0.0
102593750000.0,0.21654147324079923,0.0,-13.289178256450265,0.0,-0.0
102621093750.0,0.21654147324079923,0.0,-13.289178256450265,0.0,-0.0
102648437500.0,0.21654147324079923,0.0,-13.289178256450265,0.0,-0.0
102675781250.0,0.21654147324079923,0.0,-13.289178256450265,0.0,-0.0
102703125000.0,0.21654147324079923,0.0,-13.289178256450265,0.0,-0.0
102730468750.0,0.21654147324079923,0.0,-13.289178256450265,0.0,-0.0
102757812500.0,0.21654147324079923,0.0,-13.289178256450265,0.0,-0.0
102785156250.0,0.21654147324079923,0.0,-13.289178256450265,0.0,-0.0
102812500000.0,0.21654147324079923,0.0,-13.289178256450265,0.0,-0.0
102839843750.0,0.21654147324079923,0.0,-13.289178256450265,0.0,-0.0
102867187500.0,0.21654147324079923,0.0,-13.289178256450265,0.0,-0.0
102894531250.0,0.21654147324079923,0.0,-13.289178256450265,0.0,-0.0
102921875000.0,0.21654147324079923,0.0,-13.289178256450265,0.0,-0.0
102949218750.0,0.21654147324079923,0.0,-13.289178256450265,0.0,-0.0
102976562500.0,0.21654147324079923,0.0,-13.289178256450265,0.0,-0.0
103003906250.0,0.21654147324079923,0.0,-13.289178256450265,0.0,-0.0
103031250000.0,0.21654147324079923,0.0,-13.289178256450265,0.0,-0.0
103058593750.0,0.21654147324079923,0.0,-13.289178256450265,0.0,-0.0
103085937500.0,0.21654147324079923,0.0,-13.289178256450265,0.0,-0.0
103113281250.0,0.21654147324079923,0.0,-13.289178256450265,0.0,-0.0
103140625000.0,0.21654147324079923,0.0,-13.289178256450265,0.0,-0.0
103167968750.0,0.21654147324079923,0.0,-13.289178256450265,0.0,-0.0
103195312500.0,0.21654147324079923,0.0,-13.289178256450265,0.0,-0.0
103222656250.0,0.21654147324079923,0.0,-13.289178256450265,0.0,-0.0
103250000000.0,0.21654147324079923,0.0,-13.289178256450265,0.0,-0.0
103277343750.0,0.21654147324079923,0.0,-13.289178256450265,0.0,-0.0
103304687500.0,0.21654147324079923,0.0,-13.289178256450265,0.0,-0.0
103332031250.0,0.21654147324079923,0.0,-13.289178256450265,0.0,-0.0
103359375000.0,0.21654147324079923,0.0,-13.289178256450265,0.0,-0.0
103386718750.0,0.21654147324079923,0.0,-13.289178256450265,0.0,-0.0
103414062500.0,0.21654147324079923,0.0,-13.289178256450265,0.0,-0.0
103441406250.0,0.21654147324079923,0.0,-13.289178256450265,0.0,-0.0
103468750000.0,0.21654147324079923,0.0,-13.289178256450265,0.0,-0.0
103496093750.0,0.21654147324079923,0.0,-13.289178256450265,0.0,-0.0
103523437500.0,0.21654147324079923,0.0,-13.289178256450265,0.0,-0.0
103550781250.0,0.21654147324079923,0.0,-13.289178256450265,0.0,-0.0
103578125000.0,0.21654147324079923,0.0,-13.289178256450265,0.0,-0.0
103605468750.0,0.21654147324079923,0.0,-13.289178256450265,0.0,-0.0
103632812500.0,0.21654147324079923,0.0,-13.289178256450265,0.0,-0.0
103660156250.0,0.21654147324079923,0.0,-13.289178256450265,0.0,-0.0
103687500000.0,0.21654147324079923,0.0,-13.289178256450265,0.0,-0.0
103714843750.0,0.21654147324079923,0.0,-13.289178256450265,0.0,-0.0
103742187500.0,0.21654147324079923,0.0,-13.289178256450265,0.0,-0.0
103769531250.0,0.21654147324079923,0.0,-13.289178256450265,0.0,-0.0
103796875000.0,0.21654147324079923,0.0,-13.289178256450265,0.0,-0.0
103824218750.0,0.21654147324079923,0.0,-13.289178256450265,0.0,-0.0
103851562500.0,0.21654147324079923,0.0,-13.289178256450265,0.0,-0.0
103878906250.0,0.21654147324079923,0.0,-13.289178256450265,0.0,-0.0
103906250000.0,0.21654147324079923,0.0,-13.289178256450265,0.0,-0.0
103933593750.0,0.21654147324079923,0.0,-13.289178256450265,0.0,-0.0
103960937500.0,0.21654147324079923,0.0,-13.289178256450265,0.0,-0.0
103988281250.0,0.21654147324079923,0.0,-13.289178256450265,0.0,-0.0
104015625000.0,0.21654147324079923,0.0,-13.289178256450265,0.0,-0.0
104042968750.0,0.21654147324079923,0.0,-13.289178256450265,0.0,-0.0
104070312500.0,0.21654147324079923,0.0,-13.289178256450265,0.0,-0.0
104097656250.0,0.21654147324079923,0.0,-13.289178256450265,0.0,-0.0
104125000000.0,0.21654147324079923,0.0,-13.289178256450265,0.0,-0.0
104152343750.0,0.21654147324079923,0.0,-13.289178256450265,0.0,-0.0
104179687500.0,0.21654147324079923,0.0,-13.289178256450265,0.0,-0.0
104207031250.0,0.21654147324079923,0.0,-13.289178256450265,0.0,-0.0
104234375000.0,0.21654147324079923,0.0,-13.289178256450265,0.0,-0.0
104261718750.0,0.21654147324079923,0.0,-13.289178256450265,0.0,-0.0
104289062500.0,0.21654147324079923,0.0,-13.289178256450265,0.0,-0.0
104316406250.0,0.21654147324079923,0.0,-13.289178256450265,0.0,-0.0
104343750000.0,0.21654147324079923,0.0,-13.289178256450265,0.0,-0.0
104371093750.0,0.21654147324079923,0.0,-13.289178256450265,0.0,-0.0
104398437500.0,0.21654147324079923,0.0,-13.289178256450265,0.0,-0.0
104425781250.0,0.21654147324079923,0.0,-13.289178256450265,0.0,-0.0
104453125000.0,0.21654147324079923,0.0,-13.289178256450265,0.0,-0.0
104480468750.0,0.21654147324079923,0.0,-13.289178256450265,0.0,-0.0
104507812500.0,0.21654147324079923,0.0,-13.289178256450265,0.0,-0.0
104535156250.0,0.21654147324079923,0.0,-13.289178256450265,0.0,-0.0
104562500000.0,0.21654147324079923,0.0,-13.289178256450265,0.0,-0.0
104589843750.0,0.21654147324079923,0.0,-13.289178256450265,0.0,-0.0
104617187500.0,0.21654147324079923,0.0,-13.289178256450265,0.0,-0.0
104644531250.0,0.21654147324079923,0.0,-13.289178256450265,0.0,-0.0
104671875000.0,0.21654147324079923,0.0,-13.289178256450265,0.0,-0.0
104699218750.0,0.21654147324079923,0.0,-13.289178256450265,0.0,-0.0
104726562500.0,0.21654147324079923,0.0,-13.289178256450265,0.0,-0.0
104753906250.0,0.21654147324079923,0.0,-13.289178256450265,0.0,-0.0
104781250000.0,0.21654147324079923,0.0,-13.289178256450265,0.0,-0.0
104808593750.0,0.21654147324079923,0.0,-13.289178256450265,0.0,-0.0
104835937500.0,0.21654147324079923,0.0,-13.289178256450265,0.0,-0.0
104863281250.0,0.21654147324079923,0.0,-13.289178256450265,0.0,-0.0
104890625000.0,0.21654147324079923,0.0,-13.289178256450265,0.0,-0.0
104917968750.0,0.21654147324079923,0.0,-13.289178256450265,0.0,-0.0
104945312500.0,0.21654147324079923,0.0,-13.289178256450265,0.0,-0.0
104972656250.0,0.21654147324079923,0.0,-13.289178256450265,0.0,-0.0
105000000000.0,0.21654147324079923,0.0,-13.289178256450265,0.0,-0.0
105027343750.0,0.21654147324079923,0.0,-13.289178256450265,0.0,-0.0
105054687500.0,0.21654147324079923,0.0,-13.289178256450265,0.0,-0.0
105082031250.0,0.21654147324079923,0.0,-13.289178256450265,0.0,-0.0
105109375000.0,0.21654147324079923,0.0,-13.289178256450265,0.0,-0.0
105136718750.0,0.21654147324079923,0.0,-13.289178256450265,0.0,-0.0
105164062500.0,0.21654147324079923,0.0,-13.289178256450265,0.0,-0.0
105191406250.0,0.21654147324079923,0.0,-13.289178256450265,0.0,-0.0
105218750000.0,0.21654147324079923,0.0,-13.289178256450265,0.0,-0.0
105246093750.0,0.21654147324079923,0.0,-13.289178256450265,0.0,-0.0
105273437500.0,0.21654147324079923,0.0,-13.289178256450265,0.0,-0.0
105300781250.0,0.21654147324079923,0.0,-13.289178256450265,0.0,-0.0
105328125000.0,0.21654147324079923,0.0,-13.289178256450265,0.0,-0.0
105355468750.0,0.21654147324079923,0.0,-13.289178256450265,0.0,-0.0
105382812500.0,0.21654147324079923,0.0,-13.289178256450265,0.0,-0.0
105410156250.0,0.21654147324079923,0.0,-13.289178256450265,0.0,-0.0
105437500000.0,0.21654147324079923,0.0,-13.289178256450265,0.0,-0.0
105464843750.0,0.21654147324079923,0.0,-13.289178256450265,0.0,-0.0
105492187500.0,0.21654147324079923,0.0,-13.289178256450265,0.0,-0.0
105519531250.0,0.21654147324079923,0.0,-13.289178256450265,0.0,-0.0
105546875000.0,0.21654147324079923,0.0,-13.289178256450265,0.0,-0.0
105574218750.0,0.21654147324079923,0.0,-13.289178256450265,0.0,-0.0
105601562500.0,0.21654147324079923,0.0,-13.289178256450265,0.0,-0.0
105628906250.0,0.21654147324079923,0.0,-13.289178256450265,0.0,-0.0
105656250000.0,0.21654147324079923,0.0,-13.289178256450265,0.0,-0.0
105683593750.0,0.21654147324079923,0.0,-13.289178256450265,0.0,-0.0
105710937500.0,0.21654147324079923,0.0,-13.289178256450265,0.0,-0.0
105738281250.0,0.21654147324079923,0.0,-13.289178256450265,0.0,-0.0
105765625000.0,0.21654147324079923,0.0,-13.289178256450265,0.0,-0.0
105792968750.0,0.21654147324079923,0.0,-13.289178256450265,0.0,-0.0
105820312500.0,0.21654147324079923,0.0,-13.289178256450265,0.0,-0.0
105847656250.0,0.21654147324079923,0.0,-13.289178256450265,0.0,-0.0
105875000000.0,0.21654147324079923,0.0,-13.289178256450265,0.0,-0.0
105902343750.0,0.21654147324079923,0.0,-13.289178256450265,0.0,-0.0
105929687500.0,0.21654147324079923,0.0,-13.289178256450265,0.0,-0.0
105957031250.0,0.21654147324079923,0.0,-13.289178256450265,0.0,-0.0
105984375000.0,0.21654147324079923,0.0,-13.289178256450265,0.0,-0.0
106011718750.0,0.21654147324079923,0.0,-13.289178256450265,0.0,-0.0
106039062500.0,0.21654147324079923,0.0,-13.289178256450265,0.0,-0.0
106066406250.0,0.21654147324079923,0.0,-13.289178256450265,0.0,-0.0
106093750000.0,0.21654147324079923,0.0,-13.289178256450265,0.0,-0.0
106121093750.0,0.21654147324079923,0.0,-13.289178256450265,0.0,-0.0
106148437500.0,0.21654147324079923,0.0,-13.289178256450265,0.0,-0.0
106175781250.0,0.21654147324079923,0.0,-13.289178256450265,0.0,-0.0
106203125000.0,0.21654147324079923,0.0,-13.289178256450265,0.0,-0.0
106230468750.0,0.21654147324079923,0.0,-13.289178256450265,0.0,-0.0
106257812500.0,0.21654147324079923,0.0,-13.289178256450265,0.0,-0.0
106285156250.0,0.21654147324079923,0.0,-13.289178256450265,0.0,-0.0
106312500000.0,0.21654147324079923,0.0,-13.289178256450265,0.0,-0.0
106339843750.0,0.21654147324079923,0.0,-13.289178256450265,0.0,-0.0
106367187500.0,0.21654147324079923,0.0,-13.289178256450265,0.0,-0.0
106394531250.0,0.21654147324079923,0.0,-13.289178256450265,0.0,-0.0
106421875000.0,0.21654147324079923,0.0,-13.289178256450265,0.0,-0.0
106449218750.0,0.21654147324079923,0.0,-13.289178256450265,0.0,-0.0
106476562500.0,0.21654147324079923,0.0,-13.289178256450265,0.0,-0.0
106503906250.0,0.21654147324079923,0.0,-13.289178256450265,0.0,-0.0
106531250000.0,0.21654147324079923,0.0,-13.289178256450265,0.0,-0.0
106558593750.0,0.21654147324079923,0.0,-13.289178256450265,0.0,-0.0
106585937500.0,0.21654147324079923,0.0,-13.289178256450265,0.0,-0.0
106613281250.0,0.21654147324079923,0.0,-13.289178256450265,0.0,-0.0
106640625000.0,0.21654147324079923,0.0,-13.289178256450265,0.0,-0.0
106667968750.0,0.21654147324079923,0.0,-13.289178256450265,0.0,-0.0
106695312500.0,0.21654147324079923,0.0,-13.289178256450265,0.0,-0.0
106722656250.0,0.21654147324079923,0.0,-13.289178256450265,0.0,-0.0
106750000000.0,0.21654147324079923,0.0,-13.289178256450265,0.0,-0.0
106777343750.0,0.21654147324079923,0.0,-13.289178256450265,0.0,-0.0
106804687500.0,0.21654147324079923,0.0,-13.289178256450265,0.0,-0.0
106832031250.0,0.21654147324079923,0.0,-13.289178256450265,0.0,-0.0
106859375000.0,0.21654147324079923,0.0,-13.289178256450265,0.0,-0.0
106886718750.0,0.21654147324079923,0.0,-13.289178256450265,0.0,-0.0
106914062500.0,0.21654147324079923,0.0,-13.289178256450265,0.0,-0.0
106941406250.0,0.21654147324079923,0.0,-13.289178256450265,0.0,-0.0
106968750000.0,0.21654147324079923,0.0,-13.289178256450265,0.0,-0.0
106996093750.0,0.21654147324079923,0.0,-13.289178256450265,0.0,-0.0
107023437500.0,0.21654147324079923,0.0,-13.289178256450265,0.0,-0.0
107050781250.0,0.21654147324079923,0.0,-13.289178256450265,0.0,-0.0
107078125000.0,0.21654147324079923,0.0,-13.289178256450265,0.0,-0.0
107105468750.0,0.21654147324079923,0.0,-13.289178256450265,0.0,-0.0
107132812500.0,0.21654147324079923,0.0,-13.289178256450265,0.0,-0.0
107160156250.0,0.21654147324079923,0.0,-13.289178256450265,0.0,-0.0
107187500000.0,0.21654147324079923,0.0,-13.289178256450265,0.0,-0.0
107214843750.0,0.21654147324079923,0.0,-13.289178256450265,0.0,-0.0
107242187500.0,0.21654147324079923,0.0,-13.289178256450265,0.0,-0.0
107269531250.0,0.21654147324079923,0.0,-13.289178256450265,0.0,-0.0
107296875000.0,0.21654147324079923,0.0,-13.289178256450265,0.0,-0.0
107324218750.0,0.21654147324079923,0.0,-13.289178256450265,0.0,-0.0
107351562500.0,0.21654147324079923,0.0,-13.289178256450265,0.0,-0.0
107378906250.0,0.21654147324079923,0.0,-13.289178256450265,0.0,-0.0
107406250000.0,0.21654147324079923,0.0,-13.289178256450265,0.0,-0.0
107433593750.0,0.21654147324079923,0.0,-13.289178256450265,0.0,-0.0
107460937500.0,0.21654147324079923,0.0,-13.289178256450265,0.0,-0.0
107488281250.0,0.21654147324079923,0.0,-13.289178256450265,0.0,-0.0
107515625000.0,0.21654147324079923,0.0,-13.289178256450265,0.0,-0.0
107542968750.0,0.21654147324079923,0.0,-13.289178256450265,0.0,-0.0
107570312500.0,0.21654147324079923,0.0,-13.289178256450265,0.0,-0.0
107597656250.0,0.21654147324079923,0.0,-13.289178256450265,0.0,-0.0
107625000000.0,0.21654147324079923,0.0,-13.289178256450265,0.0,-0.0
107652343750.0,0.21654147324079923,0.0,-13.289178256450265,0.0,-0.0
107679687500.0,0.21654147324079923,0.0,-13.289178256450265,0.0,-0.0
107707031250.0,0.21654147324079923,0.0,-13.289178256450265,0.0,-0.0
107734375000.0,0.21654147324079923,0.0,-13.289178256450265,0.0,-0.0
107761718750.0,0.21654147324079923,0.0,-13.289178256450265,0.0,-0.0
107789062500.0,0.21654147324079923,0.0,-13.289178256450265,0.0,-0.0
107816406250.0,0.21654147324079923,0.0,-13.289178256450265,0.0,-0.0
107843750000.0,0.21654147324079923,0.0,-13.289178256450265,0.0,-0.0
107871093750.0,0.21654147324079923,0.0,-13.289178256450265,0.0,-0.0
107898437500.0,0.21654147324079923,0.0,-13.289178256450265,0.0,-0.0
107925781250.0,0.21654147324079923,0.0,-13.289178256450265,0.0,-0.0
107953125000.0,0.21654147324079923,0.0,-13.289178256450265,0.0,-0.0
107980468750.0,0.21654147324079923,0.0,-13.289178256450265,0.0,-0.0
108007812500.0,0.21654147324079923,0.0,-13.289178256450265,0.0,-0.0
108035156250.0,0.21654147324079923,0.0,-13.289178256450265,0.0,-0.0
108062500000.0,0.21654147324079923,0.0,-13.289178256450265,0.0,-0.0
108089843750.0,0.21654147324079923,0.0,-13.289178256450265,0.0,-0.0
108117187500.0,0.21654147324079923,0.0,-13.289178256450265,0.0,-0.0
108144531250.0,0.21654147324079923,0.0,-13.289178256450265,0.0,-0.0
108171875000.0,0.21654147324079923,0.0,-13.289178256450265,0.0,-0.0
108199218750.0,0.21654147324079923,0.0,-13.289178256450265,0.0,-0.0
108226562500.0,0.21654147324079923,0.0,-13.289178256450265,0.0,-0.0
108253906250.0,0.21654147324079923,0.0,-13.289178256450265,0.0,-0.0
108281250000.0,0.21654147324079923,0.0,-13.289178256450265,0.0,-0.0
108308593750.0,0.21654147324079923,0.0,-13.289178256450265,0.0,-0.0
108335937500.0,0.21654147324079923,0.0,-13.289178256450265,0.0,-0.0
108363281250.0,0.21654147324079923,0.0,-13.289178256450265,0.0,-0.0
108390625000.0,0.21654147324079923,0.0,-13.289178256450265,0.0,-0.0
108417968750.0,0.21654147324079923,0.0,-13.289178256450265,0.0,-0.0
108445312500.0,0.21654147324079923,0.0,-13.289178256450265,0.0,-0.0
108472656250.0,0.21654147324079923,0.0,-13.289178256450265,0.0,-0.0
108500000000.0,0.21654147324079923,0.0,-13.289178256450265,0.0,-0.0
108527343750.0,0.21654147324079923,0.0,-13.289178256450265,0.0,-0.0
108554687500.0,0.21654147324079923,0.0,-13.289178256450265,0.0,-0.0
108582031250.0,0.21654147324079923,0.0,-13.289178256450265,0.0,-0.0
108609375000.0,0.21654147324079923,0.0,-13.289178256450265,0.0,-0.0
108636718750.0,0.21654147324079923,0.0,-13.289178256450265,0.0,-0.0
108664062500.0,0.21654147324079923,0.0,-13.289178256450265,0.0,-0.0
108691406250.0,0.21654147324079923,0.0,-13.289178256450265,0.0,-0.0
108718750000.0,0.21654147324079923,0.0,-13.289178256450265,0.0,-0.0
108746093750.0,0.21654147324079923,0.0,-13.289178256450265,0.0,-0.0
108773437500.0,0.21654147324079923,0.0,-13.289178256450265,0.0,-0.0
108800781250.0,0.21654147324079923,0.0,-13.289178256450265,0.0,-0.0
108828125000.0,0.21654147324079923,0.0,-13.289178256450265,0.0,-0.0
108855468750.0,0.21654147324079923,0.0,-13.289178256450265,0.0,-0.0
108882812500.0,0.21654147324079923,0.0,-13.289178256450265,0.0,-0.0
108910156250.0,0.21654147324079923,0.0,-13.289178256450265,0.0,-0.0
108937500000.0,0.21654147324079923,0.0,-13.289178256450265,0.0,-0.0
108964843750.0,0.21654147324079923,0.0,-13.289178256450265,0.0,-0.0
108992187500.0,0.21654147324079923,0.0,-13.289178256450265,0.0,-0.0
109019531250.0,0.21654147324079923,0.0,-13.289178256450265,0.0,-0.0
109046875000.0,0.21654147324079923,0.0,-13.289178256450265,0.0,-0.0
109074218750.0,0.21654147324079923,0.0,-13.289178256450265,0.0,-0.0
109101562500.0,0.21654147324079923,0.0,-13.289178256450265,0.0,-0.0
109128906250.0,0.21654147324079923,0.0,-13.289178256450265,0.0,-0.0
109156250000.0,0.21654147324079923,0.0,-13.289178256450265,0.0,-0.0
109183593750.0,0.21654147324079923,0.0,-13.289178256450265,0.0,-0.0
109210937500.0,0.21654147324079923,0.0,-13.289178256450265,0.0,-0.0
109238281250.0,0.21654147324079923,0.0,-13.289178256450265,0.0,-0.0
109265625000.0,0.21654147324079923,0.0,-13.289178256450265,0.0,-0.0
109292968750.0,0.21654147324079923,0.0,-13.289178256450265,0.0,-0.0
109320312500.0,0.21654147324079923,0.0,-13.289178256450265,0.0,-0.0
109347656250.0,0.21654147324079923,0.0,-13.289178256450265,0.0,-0.0
109375000000.0,0.21654147324079923,0.0,-13.289178256450265,0.0,-0.0
109402343750.0,0.21654147324079923,0.0,-13.289178256450265,0.0,-0.0
109429687500.0,0.21654147324079923,0.0,-13.289178256450265,0.0,-0.0
109457031250.0,0.21654147324079923,0.0,-13.289178256450265,0.0,-0.0
109484375000.0,0.21654147324079923,0.0,-13.289178256450265,0.0,-0.0
109511718750.0,0.21654147324079923,0.0,-13.289178256450265,0.0,-0.0
109539062500.0,0.21654147324079923,0.0,-13.289178256450265,0.0,-0.0
109566406250.0,0.21654147324079923,0.0,-13.289178256450265,0.0,-0.0
109593750000.0,0.21654147324079923,0.0,-13.289178256450265,0.0,-0.0
109621093750.0,0.21654147324079923,0.0,-13.289178256450265,0.0,-0.0
109648437500.0,0.21654147324079923,0.0,-13.289178256450265,0.0,-0.0
109675781250.0,0.21654147324079923,0.0,-13.289178256450265,0.0,-0.0
109703125000.0,0.21654147324079923,0.0,-13.289178256450265,0.0,-0.0
109730468750.0,0.21654147324079923,0.0,-13.289178256450265,0.0,-0.0
109757812500.0,0.21654147324079923,0.0,-13.289178256450265,0.0,-0.0
109785156250.0,0.21654147324079923,0.0,-13.289178256450265,0.0,-0.0
109812500000.0,0.21654147324079923,0.0,-13.289178256450265,0.0,-0.0
109839843750.0,0.21654147324079923,0.0,-13.289178256450265,0.0,-0.0
109867187500.0,0.21654147324079923,0.0,-13.289178256450265,0.0,-0.0
109894531250.0,0.21654147324079923,0.0,-13.289178256450265,0.0,-0.0
109921875000.0,0.21654147324079923,0.0,-13.289178256450265,0.0,-0.0
109949218750.0,0.21654147324079923,0.0,-13.289178256450265,0.0,-0.0
109976562500.0,0.21654147324079923,0.0,-13.289178256450265,0.0,-0.0
110003906250.0,0.21654147324079923,0.0,-13.289178256450265,0.0,-0.0
110031250000.0,0.21654147324079923,0.0,-13.289178256450265,0.0,-0.0
110058593750.0,0.21654147324079923,0.0,-13.289178256450265,0.0,-0.0
110085937500.0,0.21654147324079923,0.0,-13.289178256450265,0.0,-0.0
110113281250.0,0.21654147324079923,0.0,-13.289178256450265,0.0,-0.0
110140625000.0,0.21654147324079923,0.0,-13.289178256450265,0.0,-0.0
110167968750.0,0.21654147324079923,0.0,-13.289178256450265,0.0,-0.0
110195312500.0,0.21654147324079923,0.0,-13.289178256450265,0.0,-0.0
110222656250.0,0.21654147324079923,0.0,-13.289178256450265,0.0,-0.0
110250000000.0,0.21654147324079923,0.0,-13.289178256450265,0.0,-0.0
110277343750.0,0.21654147324079923,0.0,-13.289178256450265,0.0,-0.0
110304687500.0,0.21654147324079923,0.0,-13.289178256450265,0.0,-0.0
110332031250.0,0.21654147324079923,0.0,-13.289178256450265,0.0,-0.0
110359375000.0,0.21654147324079923,0.0,-13.289178256450265,0.0,-0.0
110386718750.0,0.21654147324079923,0.0,-13.289178256450265,0.0,-0.0
110414062500.0,0.21654147324079923,0.0,-13.289178256450265,0.0,-0.0
110441406250.0,0.21654147324079923,0.0,-13.289178256450265,0.0,-0.0
110468750000.0,0.21654147324079923,0.0,-13.289178256450265,0.0,-0.0
110496093750.0,0.21654147324079923,0.0,-13.289178256450265,0.0,-0.0
110523437500.0,0.21654147324079923,0.0,-13.289178256450265,0.0,-0.0
110550781250.0,0.21654147324079923,0.0,-13.289178256450265,0.0,-0.0
110578125000.0,0.21654147324079923,0.0,-13.289178256450265,0.0,-0.0
110605468750.0,0.21654147324079923,0.0,-13.289178256450265,0.0,-0.0
110632812500.0,0.21654147324079923,0.0,-13.289178256450265,0.0,-0.0
110660156250.0,0.21654147324079923,0.0,-13.289178256450265,0.0,-0.0
110687500000.0,0.21654147324079923,0.0,-13.289178256450265,0.0,-0.0
110714843750.0,0.21654147324079923,0.0,-13.289178256450265,0.0,-0.0
110742187500.0,0.21654147324079923,0.0,-13.289178256450265,0.0,-0.0
110769531250.0,0.21654147324079923,0.0,-13.289178256450265,0.0,-0.0
110796875000.0,0.21654147324079923,0.0,-13.289178256450265,0.0,-0.0
110824218750.0,0.21654147324079923,0.0,-13.289178256450265,0.0,-0.0
110851562500.0,0.21654147324079923,0.0,-13.289178256450265,0.0,-0.0
110878906250.0,0.21654147324079923,0.0,-13.289178256450265,0.0,-0.0
110906250000.0,0.21654147324079923,0.0,-13.289178256450265,0.0,-0.0
110933593750.0,0.21654147324079923,0.0,-13.289178256450265,0.0,-0.0
110960937500.0,0.21654147324079923,0.0,-13.289178256450265,0.0,-0.0
110988281250.0,0.21654147324079923,0.0,-13.289178256450265,0.0,-0.0
111015625000.0,0.21654147324079923,0.0,-13.289178256450265,0.0,-0.0
111042968750.0,0.21654147324079923,0.0,-13.289178256450265,0.0,-0.0
111070312500.0,0.21654147324079923,0.0,-13.289178256450265,0.0,-0.0
111097656250.0,0.21654147324079923,0.0,-13.289178256450265,0.0,-0.0
111125000000.0,0.21654147324079923,0.0,-13.289178256450265,0.0,-0.0
111152343750.0,0.21654147324079923,0.0,-13.289178256450265,0.0,-0.0
111179687500.0,0.21654147324079923,0.0,-13.289178256450265,0.0,-0.0
111207031250.0,0.21654147324079923,0.0,-13.289178256450265,0.0,-0.0
111234375000.0,0.21654147324079923,0.0,-13.289178256450265,0.0,-0.0
111261718750.0,0.21654147324079923,0.0,-13.289178256450265,0.0,-0.0
111289062500.0,0.21654147324079923,0.0,-13.289178256450265,0.0,-0.0
111316406250.0,0.21654147324079923,0.0,-13.289178256450265,0.0,-0.0
111343750000.0,0.21654147324079923,0.0,-13.289178256450265,0.0,-0.0
111371093750.0,0.21654147324079923,0.0,-13.289178256450265,0.0,-0.0
111398437500.0,0.21654147324079923,0.0,-13.289178256450265,0.0,-0.0
111425781250.0,0.21654147324079923,0.0,-13.289178256450265,0.0,-0.0
111453125000.0,0.21654147324079923,0.0,-13.289178256450265,0.0,-0.0
111480468750.0,0.21654147324079923,0.0,-13.289178256450265,0.0,-0.0
111507812500.0,0.21654147324079923,0.0,-13.289178256450265,0.0,-0.0
111535156250.0,0.21654147324079923,0.0,-13.289178256450265,0.0,-0.0
111562500000.0,0.21654147324079923,0.0,-13.289178256450265,0.0,-0.0
111589843750.0,0.21654147324079923,0.0,-13.289178256450265,0.0,-0.0
111617187500.0,0.21654147324079923,0.0,-13.289178256450265,0.0,-0.0
111644531250.0,0.21654147324079923,0.0,-13.289178256450265,0.0,-0.0
111671875000.0,0.21654147324079923,0.0,-13.289178256450265,0.0,-0.0
111699218750.0,0.21654147324079923,0.0,-13.289178256450265,0.0,-0.0
111726562500.0,0.21654147324079923,0.0,-13.289178256450265,0.0,-0.0
111753906250.0,0.21654147324079923,0.0,-13.289178256450265,0.0,-0.0
111781250000.0,0.21654147324079923,0.0,-13.289178256450265,0.0,-0.0
111808593750.0,0.21654147324079923,0.0,-13.289178256450265,0.0,-0.0
111835937500.0,0.21654147324079923,0.0,-13.289178256450265,0.0,-0.0
111863281250.0,0.21654147324079923,0.0,-13.289178256450265,0.0,-0.0
111890625000.0,0.21654147324079923,0.0,-13.289178256450265,0.0,-0.0
111917968750.0,0.21654147324079923,0.0,-13.289178256450265,0.0,-0.0
111945312500.0,0.21654147324079923,0.0,-13.289178256450265,0.0,-0.0
111972656250.0,0.21654147324079923,0.0,-13.289178256450265,0.0,-0.0
112000000000.0,0.21654147324079923,0.0,-13.289178256450265,0.0,-0.0
112027343750.0,0.21654147324079923,0.0,-13.289178256450265,0.0,-0.0
112054687500.0,0.21654147324079923,0.0,-13.289178256450265,0.0,-0.0
112082031250.0,0.21654147324079923,0.0,-13.289178256450265,0.0,-0.0
112109375000.0,0.21654147324079923,0.0,-13.289178256450265,0.0,-0.0
112136718750.0,0.21654147324079923,0.0,-13.289178256450265,0.0,-0.0
112164062500.0,0.21654147324079923,0.0,-13.289178256450265,0.0,-0.0
112191406250.0,0.21654147324079923,0.0,-13.289178256450265,0.0,-0.0
112218750000.0,0.21654147324079923,0.0,-13.289178256450265,0.0,-0.0
112246093750.0,0.21654147324079923,0.0,-13.289178256450265,0.0,-0.0
112273437500.0,0.21654147324079923,0.0,-13.289178256450265,0.0,-0.0
112300781250.0,0.21654147324079923,0.0,-13.289178256450265,0.0,-0.0
112328125000.0,0.21654147324079923,0.0,-13.289178256450265,0.0,-0.0
112355468750.0,0.21654147324079923,0.0,-13.289178256450265,0.0,-0.0
112382812500.0,0.21654147324079923,0.0,-13.289178256450265,0.0,-0.0
112410156250.0,0.21654147324079923,0.0,-13.289178256450265,0.0,-0.0
112437500000.0,0.21654147324079923,0.0,-13.289178256450265,0.0,-0.0
112464843750.0,0.21654147324079923,0.0,-13.289178256450265,0.0,-0.0
112492187500.0,0.21654147324079923,0.0,-13.289178256450265,0.0,-0.0
112519531250.0,0.21654147324079923,0.0,-13.289178256450265,0.0,-0.0
112546875000.0,0.21654147324079923,0.0,-13.289178256450265,0.0,-0.0
112574218750.0,0.21654147324079923,0.0,-13.289178256450265,0.0,-0.0
112601562500.0,0.21654147324079923,0.0,-13.289178256450265,0.0,-0.0
112628906250.0,0.21654147324079923,0.0,-13.289178256450265,0.0,-0.0
112656250000.0,0.21654147324079923,0.0,-13.289178256450265,0.0,-0.0
112683593750.0,0.21654147324079923,0.0,-13.289178256450265,0.0,-0.0
112710937500.0,0.21654147324079923,0.0,-13.289178256450265,0.0,-0.0
112738281250.0,0.21654147324079923,0.0,-13.289178256450265,0.0,-0.0
112765625000.0,0.21654147324079923,0.0,-13.289178256450265,0.0,-0.0
112792968750.0,0.21654147324079923,0.0,-13.289178256450265,0.0,-0.0
112820312500.0,0.21654147324079923,0.0,-13.289178256450265,0.0,-0.0
112847656250.0,0.21654147324079923,0.0,-13.289178256450265,0.0,-0.0
112875000000.0,0.21654147324079923,0.0,-13.289178256450265,0.0,-0.0
112902343750.0,0.21654147324079923,0.0,-13.289178256450265,0.0,-0.0
112929687500.0,0.21654147324079923,0.0,-13.289178256450265,0.0,-0.0
112957031250.0,0.21654147324079923,0.0,-13.289178256450265,0.0,-0.0
112984375000.0,0.21654147324079923,0.0,-13.289178256450265,0.0,-0.0
113011718750.0,0.21654147324079923,0.0,-13.289178256450265,0.0,-0.0
113039062500.0,0.21654147324079923,0.0,-13.289178256450265,0.0,-0.0
113066406250.0,0.21654147324079923,0.0,-13.289178256450265,0.0,-0.0
113093750000.0,0.21654147324079923,0.0,-13.289178256450265,0.0,-0.0
113121093750.0,0.21654147324079923,0.0,-13.289178256450265,0.0,-0.0
113148437500.0,0.21654147324079923,0.0,-13.289178256450265,0.0,-0.0
113175781250.0,0.21654147324079923,0.0,-13.289178256450265,0.0,-0.0
113203125000.0,0.21654147324079923,0.0,-13.289178256450265,0.0,-0.0
113230468750.0,0.21654147324079923,0.0,-13.289178256450265,0.0,-0.0
113257812500.0,0.21654147324079923,0.0,-13.289178256450265,0.0,-0.0
113285156250.0,0.21654147324079923,0.0,-13.289178256450265,0.0,-0.0
113312500000.0,0.21654147324079923,0.0,-13.289178256450265,0.0,-0.0
113339843750.0,0.21654147324079923,0.0,-13.289178256450265,0.0,-0.0
113367187500.0,0.21654147324079923,0.0,-13.289178256450265,0.0,-0.0
113394531250.0,0.21654147324079923,0.0,-13.289178256450265,0.0,-0.0
113421875000.0,0.21654147324079923,0.0,-13.289178256450265,0.0,-0.0
113449218750.0,0.21654147324079923,0.0,-13.289178256450265,0.0,-0.0
113476562500.0,0.21654147324079923,0.0,-13.289178256450265,0.0,-0.0
113503906250.0,0.21654147324079923,0.0,-13.289178256450265,0.0,-0.0
113531250000.0,0.21654147324079923,0.0,-13.289178256450265,0.0,-0.0
113558593750.0,0.21654147324079923,0.0,-13.289178256450265,0.0,-0.0
113585937500.0,0.21654147324079923,0.0,-13.289178256450265,0.0,-0.0
113613281250.0,0.21654147324079923,0.0,-13.289178256450265,0.0,-0.0
113640625000.0,0.21654147324079923,0.0,-13.289178256450265,0.0,-0.0
113667968750.0,0.21654147324079923,0.0,-13.289178256450265,0.0,-0.0
113695312500.0,0.21654147324079923,0.0,-13.289178256450265,0.0,-0.0
113722656250.0,0.21654147324079923,0.0,-13.289178256450265,0.0,-0.0
113750000000.0,0.21654147324079923,0.0,-13.289178256450265,0.0,-0.0
113777343750.0,0.21654147324079923,0.0,-13.289178256450265,0.0,-0.0
113804687500.0,0.21654147324079923,0.0,-13.289178256450265,0.0,-0.0
113832031250.0,0.21654147324079923,0.0,-13.289178256450265,0.0,-0.0
113859375000.0,0.21654147324079923,0.0,-13.289178256450265,0.0,-0.0
113886718750.0,0.21654147324079923,0.0,-13.289178256450265,0.0,-0.0
113914062500.0,0.21654147324079923,0.0,-13.289178256450265,0.0,-0.0
113941406250.0,0.21654147324079923,0.0,-13.289178256450265,0.0,-0.0
113968750000.0,0.21654147324079923,0.0,-13.289178256450265,0.0,-0.0
113996093750.0,0.21654147324079923,0.0,-13.289178256450265,0.0,-0.0
114023437500.0,0.21654147324079923,0.0,-13.289178256450265,0.0,-0.0
114050781250.0,0.21654147324079923,0.0,-13.289178256450265,0.0,-0.0
114078125000.0,0.21654147324079923,0.0,-13.289178256450265,0.0,-0.0
114105468750.0,0.21654147324079923,0.0,-13.289178256450265,0.0,-0.0
114132812500.0,0.21654147324079923,0.0,-13.289178256450265,0.0,-0.0
114160156250.0,0.21654147324079923,0.0,-13.289178256450265,0.0,-0.0
114187500000.0,0.21654147324079923,0.0,-13.289178256450265,0.0,-0.0
114214843750.0,0.21654147324079923,0.0,-13.289178256450265,0.0,-0.0
114242187500.0,0.21654147324079923,0.0,-13.289178256450265,0.0,-0.0
114269531250.0,0.21654147324079923,0.0,-13.289178256450265,0.0,-0.0
114296875000.0,0.21654147324079923,0.0,-13.289178256450265,0.0,-0.0
114324218750.0,0.21654147324079923,0.0,-13.289178256450265,0.0,-0.0
114351562500.0,0.21654147324079923,0.0,-13.289178256450265,0.0,-0.0
114378906250.0,0.21654147324079923,0.0,-13.289178256450265,0.0,-0.0
114406250000.0,0.21654147324079923,0.0,-13.289178256450265,0.0,-0.0
114433593750.0,0.21654147324079923,0.0,-13.289178256450265,0.0,-0.0
114460937500.0,0.21654147324079923,0.0,-13.289178256450265,0.0,-0.0
114488281250.0,0.21654147324079923,0.0,-13.289178256450265,0.0,-0.0
114515625000.0,0.21654147324079923,0.0,-13.289178256450265,0.0,-0.0
114542968750.0,0.21654147324079923,0.0,-13.289178256450265,0.0,-0.0
114570312500.0,0.21654147324079923,0.0,-13.289178256450265,0.0,-0.0
114597656250.0,0.21654147324079923,0.0,-13.289178256450265,0.0,-0.0
114625000000.0,0.21654147324079923,0.0,-13.289178256450265,0.0,-0.0
114652343750.0,0.21654147324079923,0.0,-13.289178256450265,0.0,-0.0
114679687500.0,0.21654147324079923,0.0,-13.289178256450265,0.0,-0.0
114707031250.0,0.21654147324079923,0.0,-13.289178256450265,0.0,-0.0
114734375000.0,0.21654147324079923,0.0,-13.289178256450265,0.0,-0.0
114761718750.0,0.21654147324079923,0.0,-13.289178256450265,0.0,-0.0
114789062500.0,0.21654147324079923,0.0,-13.289178256450265,0.0,-0.0
114816406250.0,0.21654147324079923,0.0,-13.289178256450265,0.0,-0.0
114843750000.0,0.21654147324079923,0.0,-13.289178256450265,0.0,-0.0
114871093750.0,0.21654147324079923,0.0,-13.289178256450265,0.0,-0.0
114898437500.0,0.21654147324079923,0.0,-13.289178256450265,0.0,-0.0
114925781250.0,0.21654147324079923,0.0,-13.289178256450265,0.0,-0.0
114953125000.0,0.21654147324079923,0.0,-13.289178256450265,0.0,-0.0
114980468750.0,0.21654147324079923,0.0,-13.289178256450265,0.0,-0.0
115007812500.0,0.21654147324079923,0.0,-13.289178256450265,0.0,-0.0
115035156250.0,0.21654147324079923,0.0,-13.289178256450265,0.0,-0.0
115062500000.0,0.21654147324079923,0.0,-13.289178256450265,0.0,-0.0
115089843750.0,0.21654147324079923,0.0,-13.289178256450265,0.0,-0.0
115117187500.0,0.21654147324079923,0.0,-13.289178256450265,0.0,-0.0
115144531250.0,0.21654147324079923,0.0,-13.289178256450265,0.0,-0.0
115171875000.0,0.21654147324079923,0.0,-13.289178256450265,0.0,-0.0
115199218750.0,0.21654147324079923,0.0,-13.289178256450265,0.0,-0.0
115226562500.0,0.21654147324079923,0.0,-13.289178256450265,0.0,-0.0
115253906250.0,0.21654147324079923,0.0,-13.289178256450265,0.0,-0.0
115281250000.0,0.21654147324079923,0.0,-13.289178256450265,0.0,-0.0
115308593750.0,0.21654147324079923,0.0,-13.289178256450265,0.0,-0.0
115335937500.0,0.21654147324079923,0.0,-13.289178256450265,0.0,-0.0
115363281250.0,0.21654147324079923,0.0,-13.289178256450265,0.0,-0.0
115390625000.0,0.21654147324079923,0.0,-13.289178256450265,0.0,-0.0
115417968750.0,0.21654147324079923,0.0,-13.289178256450265,0.0,-0.0
115445312500.0,0.21654147324079923,0.0,-13.289178256450265,0.0,-0.0
115472656250.0,0.21654147324079923,0.0,-13.289178256450265,0.0,-0.0
115500000000.0,0.21654147324079923,0.0,-13.289178256450265,0.0,-0.0
115527343750.0,0.21654147324079923,0.0,-13.289178256450265,0.0,-0.0
115554687500.0,0.21654147324079923,0.0,-13.289178256450265,0.0,-0.0
115582031250.0,0.21654147324079923,0.0,-13.289178256450265,0.0,-0.0
115609375000.0,0.21654147324079923,0.0,-13.289178256450265,0.0,-0.0
115636718750.0,0.21654147324079923,0.0,-13.289178256450265,0.0,-0.0
115664062500.0,0.21654147324079923,0.0,-13.289178256450265,0.0,-0.0
115691406250.0,0.21654147324079923,0.0,-13.289178256450265,0.0,-0.0
115718750000.0,0.21654147324079923,0.0,-13.289178256450265,0.0,-0.0
115746093750.0,0.21654147324079923,0.0,-13.289178256450265,0.0,-0.0
115773437500.0,0.21654147324079923,0.0,-13.289178256450265,0.0,-0.0
115800781250.0,0.21654147324079923,0.0,-13.289178256450265,0.0,-0.0
115828125000.0,0.21654147324079923,0.0,-13.289178256450265,0.0,-0.0
115855468750.0,0.21654147324079923,0.0,-13.289178256450265,0.0,-0.0
115882812500.0,0.21654147324079923,0.0,-13.289178256450265,0.0,-0.0
115910156250.0,0.21654147324079923,0.0,-13.289178256450265,0.0,-0.0
115937500000.0,0.21654147324079923,0.0,-13.289178256450265,0.0,-0.0
115964843750.0,0.21654147324079923,0.0,-13.289178256450265,0.0,-0.0
115992187500.0,0.21654147324079923,0.0,-13.289178256450265,0.0,-0.0
116019531250.0,0.21654147324079923,0.0,-13.289178256450265,0.0,-0.0
116046875000.0,0.21654147324079923,0.0,-13.289178256450265,0.0,-0.0
116074218750.0,0.21654147324079923,0.0,-13.289178256450265,0.0,-0.0
116101562500.0,0.21654147324079923,0.0,-13.289178256450265,0.0,-0.0
116128906250.0,0.21654147324079923,0.0,-13.289178256450265,0.0,-0.0
116156250000.0,0.21654147324079923,0.0,-13.289178256450265,0.0,-0.0
116183593750.0,0.21654147324079923,0.0,-13.289178256450265,0.0,-0.0
116210937500.0,0.21654147324079923,0.0,-13.289178256450265,0.0,-0.0
116238281250.0,0.21654147324079923,0.0,-13.289178256450265,0.0,-0.0
116265625000.0,0.21654147324079923,0.0,-13.289178256450265,0.0,-0.0
116292968750.0,0.21654147324079923,0.0,-13.289178256450265,0.0,-0.0
116320312500.0,0.21654147324079923,0.0,-13.289178256450265,0.0,-0.0
116347656250.0,0.21654147324079923,0.0,-13.289178256450265,0.0,-0.0
116375000000.0,0.21654147324079923,0.0,-13.289178256450265,0.0,-0.0
116402343750.0,0.21654147324079923,0.0,-13.289178256450265,0.0,-0.0
116429687500.0,0.21654147324079923,0.0,-13.289178256450265,0.0,-0.0
116457031250.0,0.21654147324079923,0.0,-13.289178256450265,0.0,-0.0
116484375000.0,0.21654147324079923,0.0,-13.289178256450265,0.0,-0.0
116511718750.0,0.21654147324079923,0.0,-13.289178256450265,0.0,-0.0
116539062500.0,0.21654147324079923,0.0,-13.289178256450265,0.0,-0.0
116566406250.0,0.21654147324079923,0.0,-13.289178256450265,0.0,-0.0
116593750000.0,0.21654147324079923,0.0,-13.289178256450265,0.0,-0.0
116621093750.0,0.21654147324079923,0.0,-13.289178256450265,0.0,-0.0
116648437500.0,0.21654147324079923,0.0,-13.289178256450265,0.0,-0.0
116675781250.0,0.21654147324079923,0.0,-13.289178256450265,0.0,-0.0
116703125000.0,0.21654147324079923,0.0,-13.289178256450265,0.0,-0.0
116730468750.0,0.21654147324079923,0.0,-13.289178256450265,0.0,-0.0
116757812500.0,0.21654147324079923,0.0,-13.289178256450265,0.0,-0.0
116785156250.0,0.21654147324079923,0.0,-13.289178256450265,0.0,-0.0
116812500000.0,0.21654147324079923,0.0,-13.289178256450265,0.0,-0.0
116839843750.0,0.21654147324079923,0.0,-13.289178256450265,0.0,-0.0
116867187500.0,0.21654147324079923,0.0,-13.289178256450265,0.0,-0.0
116894531250.0,0.21654147324079923,0.0,-13.289178256450265,0.0,-0.0
116921875000.0,0.21654147324079923,0.0,-13.289178256450265,0.0,-0.0
116949218750.0,0.21654147324079923,0.0,-13.289178256450265,0.0,-0.0
116976562500.0,0.21654147324079923,0.0,-13.289178256450265,0.0,-0.0
117003906250.0,0.21654147324079923,0.0,-13.289178256450265,0.0,-0.0
117031250000.0,0.21654147324079923,0.0,-13.289178256450265,0.0,-0.0
117058593750.0,0.21654147324079923,0.0,-13.289178256450265,0.0,-0.0
117085937500.0,0.21654147324079923,0.0,-13.289178256450265,0.0,-0.0
117113281250.0,0.21654147324079923,0.0,-13.289178256450265,0.0,-0.0
117140625000.0,0.21654147324079923,0.0,-13.289178256450265,0.0,-0.0
117167968750.0,0.21654147324079923,0.0,-13.289178256450265,0.0,-0.0
117195312500.0,0.21654147324079923,0.0,-13.289178256450265,0.0,-0.0
117222656250.0,0.21654147324079923,0.0,-13.289178256450265,0.0,-0.0
117250000000.0,0.21654147324079923,0.0,-13.289178256450265,0.0,-0.0
117277343750.0,0.21654147324079923,0.0,-13.289178256450265,0.0,-0.0
117304687500.0,0.21654147324079923,0.0,-13.289178256450265,0.0,-0.0
117332031250.0,0.21654147324079923,0.0,-13.289178256450265,0.0,-0.0
117359375000.0,0.21654147324079923,0.0,-13.289178256450265,0.0,-0.0
117386718750.0,0.21654147324079923,0.0,-13.289178256450265,0.0,-0.0
117414062500.0,0.21654147324079923,0.0,-13.289178256450265,0.0,-0.0
117441406250.0,0.21654147324079923,0.0,-13.289178256450265,0.0,-0.0
117468750000.0,0.21654147324079923,0.0,-13.289178256450265,0.0,-0.0
117496093750.0,0.21654147324079923,0.0,-13.289178256450265,0.0,-0.0
117523437500.0,0.21654147324079923,0.0,-13.289178256450265,0.0,-0.0
117550781250.0,0.21654147324079923,0.0,-13.289178256450265,0.0,-0.0
117578125000.0,0.21654147324079923,0.0,-13.289178256450265,0.0,-0.0
117605468750.0,0.21654147324079923,0.0,-13.289178256450265,0.0,-0.0
117632812500.0,0.21654147324079923,0.0,-13.289178256450265,0.0,-0.0
117660156250.0,0.21654147324079923,0.0,-13.289178256450265,0.0,-0.0
117687500000.0,0.21654147324079923,0.0,-13.289178256450265,0.0,-0.0
117714843750.0,0.21654147324079923,0.0,-13.289178256450265,0.0,-0.0
117742187500.0,0.21654147324079923,0.0,-13.289178256450265,0.0,-0.0
117769531250.0,0.21654147324079923,0.0,-13.289178256450265,0.0,-0.0
117796875000.0,0.21654147324079923,0.0,-13.289178256450265,0.0,-0.0
117824218750.0,0.21654147324079923,0.0,-13.289178256450265,0.0,-0.0
117851562500.0,0.21654147324079923,0.0,-13.289178256450265,0.0,-0.0
117878906250.0,0.21654147324079923,0.0,-13.289178256450265,0.0,-0.0
117906250000.0,0.21654147324079923,0.0,-13.289178256450265,0.0,-0.0
117933593750.0,0.21654147324079923,0.0,-13.289178256450265,0.0,-0.0
117960937500.0,0.21654147324079923,0.0,-13.289178256450265,0.0,-0.0
117988281250.0,0.21654147324079923,0.0,-13.289178256450265,0.0,-0.0
118015625000.0,0.21654147324079923,0.0,-13.289178256450265,0.0,-0.0
118042968750.0,0.21654147324079923,0.0,-13.289178256450265,0.0,-0.0
118070312500.0,0.21654147324079923,0.0,-13.289178256450265,0.0,-0.0
118097656250.0,0.21654147324079923,0.0,-13.289178256450265,0.0,-0.0
118125000000.0,0.21654147324079923,0.0,-13.289178256450265,0.0,-0.0
118152343750.0,0.21654147324079923,0.0,-13.289178256450265,0.0,-0.0
118179687500.0,0.21654147324079923,0.0,-13.289178256450265,0.0,-0.0
118207031250.0,0.21654147324079923,0.0,-13.289178256450265,0.0,-0.0
118234375000.0,0.21654147324079923,0.0,-13.289178256450265,0.0,-0.0
118261718750.0,0.21654147324079923,0.0,-13.289178256450265,0.0,-0.0
118289062500.0,0.21654147324079923,0.0,-13.289178256450265,0.0,-0.0
118316406250.0,0.21654147324079923,0.0,-13.289178256450265,0.0,-0.0
118343750000.0,0.21654147324079923,0.0,-13.289178256450265,0.0,-0.0
118371093750.0,0.21654147324079923,0.0,-13.289178256450265,0.0,-0.0
118398437500.0,0.21654147324079923,0.0,-13.289178256450265,0.0,-0.0
118425781250.0,0.21654147324079923,0.0,-13.289178256450265,0.0,-0.0
118453125000.0,0.21654147324079923,0.0,-13.289178256450265,0.0,-0.0
118480468750.0,0.21654147324079923,0.0,-13.289178256450265,0.0,-0.0
118507812500.0,0.21654147324079923,0.0,-13.289178256450265,0.0,-0.0
118535156250.0,0.21654147324079923,0.0,-13.289178256450265,0.0,-0.0
118562500000.0,0.21654147324079923,0.0,-13.289178256450265,0.0,-0.0
118589843750.0,0.21654147324079923,0.0,-13.289178256450265,0.0,-0.0
118617187500.0,0.21654147324079923,0.0,-13.289178256450265,0.0,-0.0
118644531250.0,0.21654147324079923,0.0,-13.289178256450265,0.0,-0.0
118671875000.0,0.21654147324079923,0.0,-13.289178256450265,0.0,-0.0
118699218750.0,0.21654147324079923,0.0,-13.289178256450265,0.0,-0.0
118726562500.0,0.21654147324079923,0.0,-13.289178256450265,0.0,-0.0
118753906250.0,0.21654147324079923,0.0,-13.289178256450265,0.0,-0.0
118781250000.0,0.21654147324079923,0.0,-13.289178256450265,0.0,-0.0
118808593750.0,0.21654147324079923,0.0,-13.289178256450265,0.0,-0.0
118835937500.0,0.21654147324079923,0.0,-13.289178256450265,0.0,-0.0
118863281250.0,0.21654147324079923,0.0,-13.289178256450265,0.0,-0.0
118890625000.0,0.21654147324079923,0.0,-13.289178256450265,0.0,-0.0
118917968750.0,0.21654147324079923,0.0,-13.289178256450265,0.0,-0.0
118945312500.0,0.21654147324079923,0.0,-13.289178256450265,0.0,-0.0
118972656250.0,0.21654147324079923,0.0,-13.289178256450265,0.0,-0.0
119000000000.0,0.21654147324079923,0.0,-13.289178256450265,0.0,-0.0
119027343750.0,0.21654147324079923,0.0,-13.289178256450265,0.0,-0.0
119054687500.0,0.21654147324079923,0.0,-13.289178256450265,0.0,-0.0
119082031250.0,0.21654147324079923,0.0,-13.289178256450265,0.0,-0.0
119109375000.0,0.21654147324079923,0.0,-13.289178256450265,0.0,-0.0
119136718750.0,0.21654147324079923,0.0,-13.289178256450265,0.0,-0.0
119164062500.0,0.21654147324079923,0.0,-13.289178256450265,0.0,-0.0
119191406250.0,0.21654147324079923,0.0,-13.289178256450265,0.0,-0.0
119218750000.0,0.21654147324079923,0.0,-13.289178256450265,0.0,-0.0
119246093750.0,0.21654147324079923,0.0,-13.289178256450265,0.0,-0.0
119273437500.0,0.21654147324079923,0.0,-13.289178256450265,0.0,-0.0
119300781250.0,0.21654147324079923,0.0,-13.289178256450265,0.0,-0.0
119328125000.0,0.21654147324079923,0.0,-13.289178256450265,0.0,-0.0
119355468750.0,0.21654147324079923,0.0,-13.289178256450265,0.0,-0.0
119382812500.0,0.21654147324079923,0.0,-13.289178256450265,0.0,-0.0
119410156250.0,0.21654147324079923,0.0,-13.289178256450265,0.0,-0.0
119437500000.0,0.21654147324079923,0.0,-13.289178256450265,0.0,-0.0
119464843750.0,0.21654147324079923,0.0,-13.289178256450265,0.0,-0.0
119492187500.0,0.21654147324079923,0.0,-13.289178256450265,0.0,-0.0
119519531250.0,0.21654147324079923,0.0,-13.289178256450265,0.0,-0.0
119546875000.0,0.21654147324079923,0.0,-13.289178256450265,0.0,-0.0
119574218750.0,0.21654147324079923,0.0,-13.289178256450265,0.0,-0.0
119601562500.0,0.21654147324079923,0.0,-13.289178256450265,0.0,-0.0
119628906250.0,0.21654147324079923,0.0,-13.289178256450265,0.0,-0.0
119656250000.0,0.21654147324079923,0.0,-13.289178256450265,0.0,-0.0
119683593750.0,0.21654147324079923,0.0,-13.289178256450265,0.0,-0.0
119710937500.0,0.21654147324079923,0.0,-13.289178256450265,0.0,-0.0
119738281250.0,0.21654147324079923,0.0,-13.289178256450265,0.0,-0.0
119765625000.0,0.21654147324079923,0.0,-13.289178256450265,0.0,-0.0
119792968750.0,0.21654147324079923,0.0,-13.289178256450265,0.0,-0.0
119820312500.0,0.21654147324079923,0.0,-13.289178256450265,0.0,-0.0
119847656250.0,0.21654147324079923,0.0,-13.289178256450265,0.0,-0.0
119875000000.0,0.21654147324079923,0.0,-13.289178256450265,0.0,-0.0
119902343750.0,0.21654147324079923,0.0,-13.289178256450265,0.0,-0.0
119929687500.0,0.21654147324079923,0.0,-13.289178256450265,0.0,-0.0
119957031250.0,0.21654147324079923,0.0,-13.289178256450265,0.0,-0.0
119984375000.0,0.21654147324079923,0.0,-13.289178256450265,0.0,-0.0
120011718750.0,0.21654147324079923,0.0,-13.289178256450265,0.0,-0.0
120039062500.0,0.21654147324079923,0.0,-13.289178256450265,0.0,-0.0
120066406250.0,0.21654147324079923,0.0,-13.289178256450265,0.0,-0.0
120093750000.0,0.21654147324079923,0.0,-13.289178256450265,0.0,-0.0
120121093750.0,0.21654147324079923,0.0,-13.289178256450265,0.0,-0.0
120148437500.0,0.21654147324079923,0.0,-13.289178256450265,0.0,-0.0
120175781250.0,0.21654147324079923,0.0,-13.289178256450265,0.0,-0.0
120203125000.0,0.21654147324079923,0.0,-13.289178256450265,0.0,-0.0
120230468750.0,0.21654147324079923,0.0,-13.289178256450265,0.0,-0.0
120257812500.0,0.21654147324079923,0.0,-13.289178256450265,0.0,-0.0
120285156250.0,0.21654147324079923,0.0,-13.289178256450265,0.0,-0.0
120312500000.0,0.21654147324079923,0.0,-13.289178256450265,0.0,-0.0
120339843750.0,0.21654147324079923,0.0,-13.289178256450265,0.0,-0.0
120367187500.0,0.21654147324079923,0.0,-13.289178256450265,0.0,-0.0
120394531250.0,0.21654147324079923,0.0,-13.289178256450265,0.0,-0.0
120421875000.0,0.21654147324079923,0.0,-13.289178256450265,0.0,-0.0
120449218750.0,0.21654147324079923,0.0,-13.289178256450265,0.0,-0.0
120476562500.0,0.21654147324079923,0.0,-13.289178256450265,0.0,-0.0
120503906250.0,0.21654147324079923,0.0,-13.289178256450265,0.0,-0.0
120531250000.0,0.21654147324079923,0.0,-13.289178256450265,0.0,-0.0
120558593750.0,0.21654147324079923,0.0,-13.289178256450265,0.0,-0.0
120585937500.0,0.21654147324079923,0.0,-13.289178256450265,0.0,-0.0
120613281250.0,0.21654147324079923,0.0,-13.289178256450265,0.0,-0.0
120640625000.0,0.21654147324079923,0.0,-13.289178256450265,0.0,-0.0
120667968750.0,0.21654147324079923,0.0,-13.289178256450265,0.0,-0.0
120695312500.0,0.21654147324079923,0.0,-13.289178256450265,0.0,-0.0
120722656250.0,0.21654147324079923,0.0,-13.289178256450265,0.0,-0.0
120750000000.0,0.21654147324079923,0.0,-13.289178256450265,0.0,-0.0
120777343750.0,0.21654147324079923,0.0,-13.289178256450265,0.0,-0.0
120804687500.0,0.21654147324079923,0.0,-13.289178256450265,0.0,-0.0
120832031250.0,0.21654147324079923,0.0,-13.289178256450265,0.0,-0.0
120859375000.0,0.21654147324079923,0.0,-13.289178256450265,0.0,-0.0
120886718750.0,0.21654147324079923,0.0,-13.289178256450265,0.0,-0.0
120914062500.0,0.21654147324079923,0.0,-13.289178256450265,0.0,-0.0
120941406250.0,0.21654147324079923,0.0,-13.289178256450265,0.0,-0.0
120968750000.0,0.21654147324079923,0.0,-13.289178256450265,0.0,-0.0
120996093750.0,0.21654147324079923,0.0,-13.289178256450265,0.0,-0.0
121023437500.0,0.21654147324079923,0.0,-13.289178256450265,0.0,-0.0
121050781250.0,0.21654147324079923,0.0,-13.289178256450265,0.0,-0.0
121078125000.0,0.21654147324079923,0.0,-13.289178256450265,0.0,-0.0
121105468750.0,0.21654147324079923,0.0,-13.289178256450265,0.0,-0.0
121132812500.0,0.21654147324079923,0.0,-13.289178256450265,0.0,-0.0
121160156250.0,0.21654147324079923,0.0,-13.289178256450265,0.0,-0.0
121187500000.0,0.21654147324079923,0.0,-13.289178256450265,0.0,-0.0
121214843750.0,0.21654147324079923,0.0,-13.289178256450265,0.0,-0.0
121242187500.0,0.21654147324079923,0.0,-13.289178256450265,0.0,-0.0
121269531250.0,0.21654147324079923,0.0,-13.289178256450265,0.0,-0.0
121296875000.0,0.21654147324079923,0.0,-13.289178256450265,0.0,-0.0
121324218750.0,0.21654147324079923,0.0,-13.289178256450265,0.0,-0.0
121351562500.0,0.21654147324079923,0.0,-13.289178256450265,0.0,-0.0
121378906250.0,0.21654147324079923,0.0,-13.289178256450265,0.0,-0.0
121406250000.0,0.21654147324079923,0.0,-13.289178256450265,0.0,-0.0
121433593750.0,0.21654147324079923,0.0,-13.289178256450265,0.0,-0.0
121460937500.0,0.21654147324079923,0.0,-13.289178256450265,0.0,-0.0
121488281250.0,0.21654147324079923,0.0,-13.289178256450265,0.0,-0.0
121515625000.0,0.21654147324079923,0.0,-13.289178256450265,0.0,-0.0
121542968750.0,0.21654147324079923,0.0,-13.289178256450265,0.0,-0.0
121570312500.0,0.21654147324079923,0.0,-13.289178256450265,0.0,-0.0
121597656250.0,0.21654147324079923,0.0,-13.289178256450265,0.0,-0.0
121625000000.0,0.21654147324079923,0.0,-13.289178256450265,0.0,-0.0
121652343750.0,0.21654147324079923,0.0,-13.289178256450265,0.0,-0.0
121679687500.0,0.21654147324079923,0.0,-13.289178256450265,0.0,-0.0
121707031250.0,0.21654147324079923,0.0,-13.289178256450265,0.0,-0.0
121734375000.0,0.21654147324079923,0.0,-13.289178256450265,0.0,-0.0
121761718750.0,0.21654147324079923,0.0,-13.289178256450265,0.0,-0.0
121789062500.0,0.21654147324079923,0.0,-13.289178256450265,0.0,-0.0
121816406250.0,0.21654147324079923,0.0,-13.289178256450265,0.0,-0.0
121843750000.0,0.21654147324079923,0.0,-13.289178256450265,0.0,-0.0
121871093750.0,0.21654147324079923,0.0,-13.289178256450265,0.0,-0.0
121898437500.0,0.21654147324079923,0.0,-13.289178256450265,0.0,-0.0
121925781250.0,0.21654147324079923,0.0,-13.289178256450265,0.0,-0.0
121953125000.0,0.21654147324079923,0.0,-13.289178256450265,0.0,-0.0
121980468750.0,0.21654147324079923,0.0,-13.289178256450265,0.0,-0.0
122007812500.0,0.21654147324079923,0.0,-13.289178256450265,0.0,-0.0
122035156250.0,0.21654147324079923,0.0,-13.289178256450265,0.0,-0.0
122062500000.0,0.21654147324079923,0.0,-13.289178256450265,0.0,-0.0
122089843750.0,0.21654147324079923,0.0,-13.289178256450265,0.0,-0.0
122117187500.0,0.21654147324079923,0.0,-13.289178256450265,0.0,-0.0
122144531250.0,0.21654147324079923,0.0,-13.289178256450265,0.0,-0.0
122171875000.0,0.21654147324079923,0.0,-13.289178256450265,0.0,-0.0
122199218750.0,0.21654147324079923,0.0,-13.289178256450265,0.0,-0.0
122226562500.0,0.21654147324079923,0.0,-13.289178256450265,0.0,-0.0
122253906250.0,0.21654147324079923,0.0,-13.289178256450265,0.0,-0.0
122281250000.0,0.21654147324079923,0.0,-13.289178256450265,0.0,-0.0
122308593750.0,0.21654147324079923,0.0,-13.289178256450265,0.0,-0.0
122335937500.0,0.21654147324079923,0.0,-13.289178256450265,0.0,-0.0
122363281250.0,0.21654147324079923,0.0,-13.289178256450265,0.0,-0.0
122390625000.0,0.21654147324079923,0.0,-13.289178256450265,0.0,-0.0
122417968750.0,0.21654147324079923,0.0,-13.289178256450265,0.0,-0.0
122445312500.0,0.21654147324079923,0.0,-13.289178256450265,0.0,-0.0
122472656250.0,0.21654147324079923,0.0,-13.289178256450265,0.0,-0.0
122500000000.0,0.21654147324079923,0.0,-13.289178256450265,0.0,-0.0
122527343750.0,0.21654147324079923,0.0,-13.289178256450265,0.0,-0.0
122554687500.0,0.21654147324079923,0.0,-13.289178256450265,0.0,-0.0
122582031250.0,0.21654147324079923,0.0,-13.289178256450265,0.0,-0.0
122609375000.0,0.21654147324079923,0.0,-13.289178256450265,0.0,-0.0
122636718750.0,0.21654147324079923,0.0,-13.289178256450265,0.0,-0.0
122664062500.0,0.21654147324079923,0.0,-13.289178256450265,0.0,-0.0
122691406250.0,0.21654147324079923,0.0,-13.289178256450265,0.0,-0.0
122718750000.0,0.21654147324079923,0.0,-13.289178256450265,0.0,-0.0
122746093750.0,0.21654147324079923,0.0,-13.289178256450265,0.0,-0.0
122773437500.0,0.21654147324079923,0.0,-13.289178256450265,0.0,-0.0
122800781250.0,0.21654147324079923,0.0,-13.289178256450265,0.0,-0.0
122828125000.0,0.21654147324079923,0.0,-13.289178256450265,0.0,-0.0
122855468750.0,0.21654147324079923,0.0,-13.289178256450265,0.0,-0.0
122882812500.0,0.21654147324079923,0.0,-13.289178256450265,0.0,-0.0
122910156250.0,0.21654147324079923,0.0,-13.289178256450265,0.0,-0.0
122937500000.0,0.21654147324079923,0.0,-13.289178256450265,0.0,-0.0
122964843750.0,0.21654147324079923,0.0,-13.289178256450265,0.0,-0.0
122992187500.0,0.21654147324079923,0.0,-13.289178256450265,0.0,-0.0
123019531250.0,0.21654147324079923,0.0,-13.289178256450265,0.0,-0.0
123046875000.0,0.21654147324079923,0.0,-13.289178256450265,0.0,-0.0
123074218750.0,0.21654147324079923,0.0,-13.289178256450265,0.0,-0.0
123101562500.0,0.21654147324079923,0.0,-13.289178256450265,0.0,-0.0
123128906250.0,0.21654147324079923,0.0,-13.289178256450265,0.0,-0.0
123156250000.0,0.21654147324079923,0.0,-13.289178256450265,0.0,-0.0
123183593750.0,0.21654147324079923,0.0,-13.289178256450265,0.0,-0.0
123210937500.0,0.21654147324079923,0.0,-13.289178256450265,0.0,-0.0
123238281250.0,0.21654147324079923,0.0,-13.289178256450265,0.0,-0.0
123265625000.0,0.21654147324079923,0.0,-13.289178256450265,0.0,-0.0
123292968750.0,0.21654147324079923,0.0,-13.289178256450265,0.0,-0.0
123320312500.0,0.21654147324079923,0.0,-13.289178256450265,0.0,-0.0
123347656250.0,0.21654147324079923,0.0,-13.289178256450265,0.0,-0.0
123375000000.0,0.21654147324079923,0.0,-13.289178256450265,0.0,-0.0
123402343750.0,0.21654147324079923,0.0,-13.289178256450265,0.0,-0.0
123429687500.0,0.21654147324079923,0.0,-13.289178256450265,0.0,-0.0
123457031250.0,0.21654147324079923,0.0,-13.289178256450265,0.0,-0.0
123484375000.0,0.21654147324079923,0.0,-13.289178256450265,0.0,-0.0
123511718750.0,0.21654147324079923,0.0,-13.289178256450265,0.0,-0.0
123539062500.0,0.21654147324079923,0.0,-13.289178256450265,0.0,-0.0
123566406250.0,0.21654147324079923,0.0,-13.289178256450265,0.0,-0.0
123593750000.0,0.21654147324079923,0.0,-13.289178256450265,0.0,-0.0
123621093750.0,0.21654147324079923,0.0,-13.289178256450265,0.0,-0.0
123648437500.0,0.21654147324079923,0.0,-13.289178256450265,0.0,-0.0
123675781250.0,0.21654147324079923,0.0,-13.289178256450265,0.0,-0.0
123703125000.0,0.21654147324079923,0.0,-13.289178256450265,0.0,-0.0
123730468750.0,0.21654147324079923,0.0,-13.289178256450265,0.0,-0.0
123757812500.0,0.21654147324079923,0.0,-13.289178256450265,0.0,-0.0
123785156250.0,0.21654147324079923,0.0,-13.289178256450265,0.0,-0.0
123812500000.0,0.21654147324079923,0.0,-13.289178256450265,0.0,-0.0
123839843750.0,0.21654147324079923,0.0,-13.289178256450265,0.0,-0.0
123867187500.0,0.21654147324079923,0.0,-13.289178256450265,0.0,-0.0
123894531250.0,0.21654147324079923,0.0,-13.289178256450265,0.0,-0.0
123921875000.0,0.21654147324079923,0.0,-13.289178256450265,0.0,-0.0
123949218750.0,0.21654147324079923,0.0,-13.289178256450265,0.0,-0.0
123976562500.0,0.21654147324079923,0.0,-13.289178256450265,0.0,-0.0
124003906250.0,0.21654147324079923,0.0,-13.289178256450265,0.0,-0.0
124031250000.0,0.21654147324079923,0.0,-13.289178256450265,0.0,-0.0
124058593750.0,0.21654147324079923,0.0,-13.289178256450265,0.0,-0.0
124085937500.0,0.21654147324079923,0.0,-13.289178256450265,0.0,-0.0
124113281250.0,0.21654147324079923,0.0,-13.289178256450265,0.0,-0.0
124140625000.0,0.21654147324079923,0.0,-13.289178256450265,0.0,-0.0
124167968750.0,0.21654147324079923,0.0,-13.289178256450265,0.0,-0.0
124195312500.0,0.21654147324079923,0.0,-13.289178256450265,0.0,-0.0
124222656250.0,0.21654147324079923,0.0,-13.289178256450265,0.0,-0.0
124250000000.0,0.21654147324079923,0.0,-13.289178256450265,0.0,-0.0
124277343750.0,0.21654147324079923,0.0,-13.289178256450265,0.0,-0.0
124304687500.0,0.21654147324079923,0.0,-13.289178256450265,0.0,-0.0
124332031250.0,0.21654147324079923,0.0,-13.289178256450265,0.0,-0.0
124359375000.0,0.21654147324079923,0.0,-13.289178256450265,0.0,-0.0
124386718750.0,0.21654147324079923,0.0,-13.289178256450265,0.0,-0.0
124414062500.0,0.21654147324079923,0.0,-13.289178256450265,0.0,-0.0
124441406250.0,0.21654147324079923,0.0,-13.289178256450265,0.0,-0.0
124468750000.0,0.21654147324079923,0.0,-13.289178256450265,0.0,-0.0
124496093750.0,0.21654147324079923,0.0,-13.289178256450265,0.0,-0.0
124523437500.0,0.21654147324079923,0.0,-13.289178256450265,0.0,-0.0
124550781250.0,0.21654147324079923,0.0,-13.289178256450265,0.0,-0.0
124578125000.0,0.21654147324079923,0.0,-13.289178256450265,0.0,-0.0
124605468750.0,0.21654147324079923,0.0,-13.289178256450265,0.0,-0.0
124632812500.0,0.21654147324079923,0.0,-13.289178256450265,0.0,-0.0
124660156250.0,0.21654147324079923,0.0,-13.289178256450265,0.0,-0.0
124687500000.0,0.21654147324079923,0.0,-13.289178256450265,0.0,-0.0
124714843750.0,0.21654147324079923,0.0,-13.289178256450265,0.0,-0.0
124742187500.0,0.21654147324079923,0.0,-13.289178256450265,0.0,-0.0
124769531250.0,0.21654147324079923,0.0,-13.289178256450265,0.0,-0.0
124796875000.0,0.21654147324079923,0.0,-13.289178256450265,0.0,-0.0
124824218750.0,0.21654147324079923,0.0,-13.289178256450265,0.0,-0.0
124851562500.0,0.21654147324079923,0.0,-13.289178256450265,0.0,-0.0
124878906250.0,0.21654147324079923,0.0,-13.289178256450265,0.0,-0.0
124906250000.0,0.21654147324079923,0.0,-13.289178256450265,0.0,-0.0
124933593750.0,0.21654147324079923,0.0,-13.289178256450265,0.0,-0.0
124960937500.0,0.21654147324079923,0.0,-13.289178256450265,0.0,-0.0
124988281250.0,0.21654147324079923,0.0,-13.289178256450265,0.0,-0.0
125015625000.0,0.21654147324079923,0.0,-13.289178256450265,0.0,-0.0
125042968750.0,0.21654147324079923,0.0,-13.289178256450265,0.0,-0.0
125070312500.0,0.21654147324079923,0.0,-13.289178256450265,0.0,-0.0
125097656250.0,0.21654147324079923,0.0,-13.289178256450265,0.0,-0.0
125125000000.0,0.21654147324079923,0.0,-13.289178256450265,0.0,-0.0
125152343750.0,0.21654147324079923,0.0,-13.289178256450265,0.0,-0.0
125179687500.0,0.21654147324079923,0.0,-13.289178256450265,0.0,-0.0
125207031250.0,0.21654147324079923,0.0,-13.289178256450265,0.0,-0.0
125234375000.0,0.21654147324079923,0.0,-13.289178256450265,0.0,-0.0
125261718750.0,0.21654147324079923,0.0,-13.289178256450265,0.0,-0.0
125289062500.0,0.21654147324079923,0.0,-13.289178256450265,0.0,-0.0
125316406250.0,0.21654147324079923,0.0,-13.289178256450265,0.0,-0.0
125343750000.0,0.21654147324079923,0.0,-13.289178256450265,0.0,-0.0
125371093750.0,0.21654147324079923,0.0,-13.289178256450265,0.0,-0.0
125398437500.0,0.21654147324079923,0.0,-13.289178256450265,0.0,-0.0
125425781250.0,0.21654147324079923,0.0,-13.289178256450265,0.0,-0.0
125453125000.0,0.21654147324079923,0.0,-13.289178256450265,0.0,-0.0
125480468750.0,0.21654147324079923,0.0,-13.289178256450265,0.0,-0.0
125507812500.0,0.21654147324079923,0.0,-13.289178256450265,0.0,-0.0
125535156250.0,0.21654147324079923,0.0,-13.289178256450265,0.0,-0.0
125562500000.0,0.21654147324079923,0.0,-13.289178256450265,0.0,-0.0
125589843750.0,0.21654147324079923,0.0,-13.289178256450265,0.0,-0.0
125617187500.0,0.21654147324079923,0.0,-13.289178256450265,0.0,-0.0
125644531250.0,0.21654147324079923,0.0,-13.289178256450265,0.0,-0.0
125671875000.0,0.21654147324079923,0.0,-13.289178256450265,0.0,-0.0
125699218750.0,0.21654147324079923,0.0,-13.289178256450265,0.0,-0.0
125726562500.0,0.21654147324079923,0.0,-13.289178256450265,0.0,-0.0
125753906250.0,0.21654147324079923,0.0,-13.289178256450265,0.0,-0.0
125781250000.0,0.21654147324079923,0.0,-13.289178256450265,0.0,-0.0
125808593750.0,0.21654147324079923,0.0,-13.289178256450265,0.0,-0.0
125835937500.0,0.21654147324079923,0.0,-13.289178256450265,0.0,-0.0
125863281250.0,0.21654147324079923,0.0,-13.289178256450265,0.0,-0.0
125890625000.0,0.21654147324079923,0.0,-13.289178256450265,0.0,-0.0
125917968750.0,0.21654147324079923,0.0,-13.289178256450265,0.0,-0.0
125945312500.0,0.21654147324079923,0.0,-13.289178256450265,0.0,-0.0
125972656250.0,0.21654147324079923,0.0,-13.289178256450265,0.0,-0.0
126000000000.0,0.21654147324079923,0.0,-13.289178256450265,0.0,-0.0
126027343750.0,0.21654147324079923,0.0,-13.289178256450265,0.0,-0.0
126054687500.0,0.21654147324079923,0.0,-13.289178256450265,0.0,-0.0
126082031250.0,0.21654147324079923,0.0,-13.289178256450265,0.0,-0.0
126109375000.0,0.21654147324079923,0.0,-13.289178256450265,0.0,-0.0
126136718750.0,0.21654147324079923,0.0,-13.289178256450265,0.0,-0.0
126164062500.0,0.21654147324079923,0.0,-13.289178256450265,0.0,-0.0
126191406250.0,0.21654147324079923,0.0,-13.289178256450265,0.0,-0.0
126218750000.0,0.21654147324079923,0.0,-13.289178256450265,0.0,-0.0
126246093750.0,0.21654147324079923,0.0,-13.289178256450265,0.0,-0.0
126273437500.0,0.21654147324079923,0.0,-13.289178256450265,0.0,-0.0
126300781250.0,0.21654147324079923,0.0,-13.289178256450265,0.0,-0.0
126328125000.0,0.21654147324079923,0.0,-13.289178256450265,0.0,-0.0
126355468750.0,0.21654147324079923,0.0,-13.289178256450265,0.0,-0.0
126382812500.0,0.21654147324079923,0.0,-13.289178256450265,0.0,-0.0
126410156250.0,0.21654147324079923,0.0,-13.289178256450265,0.0,-0.0
126437500000.0,0.21654147324079923,0.0,-13.289178256450265,0.0,-0.0
126464843750.0,0.21654147324079923,0.0,-13.289178256450265,0.0,-0.0
126492187500.0,0.21654147324079923,0.0,-13.289178256450265,0.0,-0.0
126519531250.0,0.21654147324079923,0.0,-13.289178256450265,0.0,-0.0
126546875000.0,0.21654147324079923,0.0,-13.289178256450265,0.0,-0.0
126574218750.0,0.21654147324079923,0.0,-13.289178256450265,0.0,-0.0
126601562500.0,0.21654147324079923,0.0,-13.289178256450265,0.0,-0.0
126628906250.0,0.21654147324079923,0.0,-13.289178256450265,0.0,-0.0
126656250000.0,0.21654147324079923,0.0,-13.289178256450265,0.0,-0.0
126683593750.0,0.21654147324079923,0.0,-13.289178256450265,0.0,-0.0
126710937500.0,0.21654147324079923,0.0,-13.289178256450265,0.0,-0.0
126738281250.0,0.21654147324079923,0.0,-13.289178256450265,0.0,-0.0
126765625000.0,0.21654147324079923,0.0,-13.289178256450265,0.0,-0.0
126792968750.0,0.21654147324079923,0.0,-13.289178256450265,0.0,-0.0
126820312500.0,0.21654147324079923,0.0,-13.289178256450265,0.0,-0.0
126847656250.0,0.21654147324079923,0.0,-13.289178256450265,0.0,-0.0
126875000000.0,0.21654147324079923,0.0,-13.289178256450265,0.0,-0.0
126902343750.0,0.21654147324079923,0.0,-13.289178256450265,0.0,-0.0
126929687500.0,0.21654147324079923,0.0,-13.289178256450265,0.0,-0.0
126957031250.0,0.21654147324079923,0.0,-13.289178256450265,0.0,-0.0
126984375000.0,0.21654147324079923,0.0,-13.289178256450265,0.0,-0.0
127011718750.0,0.21654147324079923,0.0,-13.289178256450265,0.0,-0.0
127039062500.0,0.21654147324079923,0.0,-13.289178256450265,0.0,-0.0
127066406250.0,0.21654147324079923,0.0,-13.289178256450265,0.0,-0.0
127093750000.0,0.21654147324079923,0.0,-13.289178256450265,0.0,-0.0
127121093750.0,0.21654147324079923,0.0,-13.289178256450265,0.0,-0.0
127148437500.0,0.21654147324079923,0.0,-13.289178256450265,0.0,-0.0
127175781250.0,0.21654147324079923,0.0,-13.289178256450265,0.0,-0.0
127203125000.0,0.21654147324079923,0.0,-13.289178256450265,0.0,-0.0
127230468750.0,0.21654147324079923,0.0,-13.289178256450265,0.0,-0.0
127257812500.0,0.21654147324079923,0.0,-13.289178256450265,0.0,-0.0
127285156250.0,0.21654147324079923,0.0,-13.289178256450265,0.0,-0.0
127312500000.0,0.21654147324079923,0.0,-13.289178256450265,0.0,-0.0
127339843750.0,0.21654147324079923,0.0,-13.289178256450265,0.0,-0.0
127367187500.0,0.21654147324079923,0.0,-13.289178256450265,0.0,-0.0
127394531250.0,0.21654147324079923,0.0,-13.289178256450265,0.0,-0.0
127421875000.0,0.21654147324079923,0.0,-13.289178256450265,0.0,-0.0
127449218750.0,0.21654147324079923,0.0,-13.289178256450265,0.0,-0.0
127476562500.0,0.21654147324079923,0.0,-13.289178256450265,0.0,-0.0
127503906250.0,0.21654147324079923,0.0,-13.289178256450265,0.0,-0.0
127531250000.0,0.21654147324079923,0.0,-13.289178256450265,0.0,-0.0
127558593750.0,0.21654147324079923,0.0,-13.289178256450265,0.0,-0.0
127585937500.0,0.21654147324079923,0.0,-13.289178256450265,0.0,-0.0
127613281250.0,0.21654147324079923,0.0,-13.289178256450265,0.0,-0.0
127640625000.0,0.21654147324079923,0.0,-13.289178256450265,0.0,-0.0
127667968750.0,0.21654147324079923,0.0,-13.289178256450265,0.0,-0.0
127695312500.0,0.21654147324079923,0.0,-13.289178256450265,0.0,-0.0
127722656250.0,0.21654147324079923,0.0,-13.289178256450265,0.0,-0.0
127750000000.0,0.21654147324079923,0.0,-13.289178256450265,0.0,-0.0
127777343750.0,0.21654147324079923,0.0,-13.289178256450265,0.0,-0.0
127804687500.0,0.21654147324079923,0.0,-13.289178256450265,0.0,-0.0
127832031250.0,0.21654147324079923,0.0,-13.289178256450265,0.0,-0.0
127859375000.0,0.21654147324079923,0.0,-13.289178256450265,0.0,-0.0
127886718750.0,0.21654147324079923,0.0,-13.289178256450265,0.0,-0.0
127914062500.0,0.21654147324079923,0.0,-13.289178256450265,0.0,-0.0
127941406250.0,0.21654147324079923,0.0,-13.289178256450265,0.0,-0.0
127968750000.0,0.21654147324079923,0.0,-13.289178256450265,0.0,-0.0
127996093750.0,0.21654147324079923,0.0,-13.289178256450265,0.0,-0.0
128023437500.0,0.21654147324079923,0.0,-13.289178256450265,0.0,-0.0
128050781250.0,0.21654147324079923,0.0,-13.289178256450265,0.0,-0.0
128078125000.0,0.21654147324079923,0.0,-13.289178256450265,0.0,-0.0
128105468750.0,0.21654147324079923,0.0,-13.289178256450265,0.0,-0.0
128132812500.0,0.21654147324079923,0.0,-13.289178256450265,0.0,-0.0
128160156250.0,0.21654147324079923,0.0,-13.289178256450265,0.0,-0.0
128187500000.0,0.21654147324079923,0.0,-13.289178256450265,0.0,-0.0
128214843750.0,0.21654147324079923,0.0,-13.289178256450265,0.0,-0.0
128242187500.0,0.21654147324079923,0.0,-13.289178256450265,0.0,-0.0
128269531250.0,0.21654147324079923,0.0,-13.289178256450265,0.0,-0.0
128296875000.0,0.21654147324079923,0.0,-13.289178256450265,0.0,-0.0
128324218750.0,0.21654147324079923,0.0,-13.289178256450265,0.0,-0.0
128351562500.0,0.21654147324079923,0.0,-13.289178256450265,0.0,-0.0
128378906250.0,0.21654147324079923,0.0,-13.289178256450265,0.0,-0.0
128406250000.0,0.21654147324079923,0.0,-13.289178256450265,0.0,-0.0
128433593750.0,0.21654147324079923,0.0,-13.289178256450265,0.0,-0.0
128460937500.0,0.21654147324079923,0.0,-13.289178256450265,0.0,-0.0
128488281250.0,0.21654147324079923,0.0,-13.289178256450265,0.0,-0.0
128515625000.0,0.21654147324079923,0.0,-13.289178256450265,0.0,-0.0
128542968750.0,0.21654147324079923,0.0,-13.289178256450265,0.0,-0.0
128570312500.0,0.21654147324079923,0.0,-13.289178256450265,0.0,-0.0
128597656250.0,0.21654147324079923,0.0,-13.289178256450265,0.0,-0.0
128625000000.0,0.21654147324079923,0.0,-13.289178256450265,0.0,-0.0
128652343750.0,0.21654147324079923,0.0,-13.289178256450265,0.0,-0.0
128679687500.0,0.21654147324079923,0.0,-13.289178256450265,0.0,-0.0
128707031250.0,0.21654147324079923,0.0,-13.289178256450265,0.0,-0.0
128734375000.0,0.21654147324079923,0.0,-13.289178256450265,0.0,-0.0
128761718750.0,0.21654147324079923,0.0,-13.289178256450265,0.0,-0.0
128789062500.0,0.21654147324079923,0.0,-13.289178256450265,0.0,-0.0
128816406250.0,0.21654147324079923,0.0,-13.289178256450265,0.0,-0.0
128843750000.0,0.21654147324079923,0.0,-13.289178256450265,0.0,-0.0
128871093750.0,0.21654147324079923,0.0,-13.289178256450265,0.0,-0.0
128898437500.0,0.21654147324079923,0.0,-13.289178256450265,0.0,-0.0
128925781250.0,0.21654147324079923,0.0,-13.289178256450265,0.0,-0.0
128953125000.0,0.21654147324079923,0.0,-13.289178256450265,0.0,-0.0
128980468750.0,0.21654147324079923,0.0,-13.289178256450265,0.0,-0.0
129007812500.0,0.21654147324079923,0.0,-13.289178256450265,0.0,-0.0
129035156250.0,0.21654147324079923,0.0,-13.289178256450265,0.0,-0.0
129062500000.0,0.21654147324079923,0.0,-13.289178256450265,0.0,-0.0
129089843750.0,0.21654147324079923,0.0,-13.289178256450265,0.0,-0.0
129117187500.0,0.21654147324079923,0.0,-13.289178256450265,0.0,-0.0
129144531250.0,0.21654147324079923,0.0,-13.289178256450265,0.0,-0.0
129171875000.0,0.21654147324079923,0.0,-13.289178256450265,0.0,-0.0
129199218750.0,0.21654147324079923,0.0,-13.289178256450265,0.0,-0.0
129226562500.0,0.21654147324079923,0.0,-13.289178256450265,0.0,-0.0
129253906250.0,0.21654147324079923,0.0,-13.289178256450265,0.0,-0.0
129281250000.0,0.21654147324079923,0.0,-13.289178256450265,0.0,-0.0
129308593750.0,0.21654147324079923,0.0,-13.289178256450265,0.0,-0.0
129335937500.0,0.21654147324079923,0.0,-13.289178256450265,0.0,-0.0
129363281250.0,0.21654147324079923,0.0,-13.289178256450265,0.0,-0.0
129390625000.0,0.21654147324079923,0.0,-13.289178256450265,0.0,-0.0
129417968750.0,0.21654147324079923,0.0,-13.289178256450265,0.0,-0.0
129445312500.0,0.21654147324079923,0.0,-13.289178256450265,0.0,-0.0
129472656250.0,0.21654147324079923,0.0,-13.289178256450265,0.0,-0.0
129500000000.0,0.21654147324079923,0.0,-13.289178256450265,0.0,-0.0
129527343750.0,0.21654147324079923,0.0,-13.289178256450265,0.0,-0.0
129554687500.0,0.21654147324079923,0.0,-13.289178256450265,0.0,-0.0
129582031250.0,0.21654147324079923,0.0,-13.289178256450265,0.0,-0.0
129609375000.0,0.21654147324079923,0.0,-13.289178256450265,0.0,-0.0
129636718750.0,0.21654147324079923,0.0,-13.289178256450265,0.0,-0.0
129664062500.0,0.21654147324079923,0.0,-13.289178256450265,0.0,-0.0
129691406250.0,0.21654147324079923,0.0,-13.289178256450265,0.0,-0.0
129718750000.0,0.21654147324079923,0.0,-13.289178256450265,0.0,-0.0
129746093750.0,0.21654147324079923,0.0,-13.289178256450265,0.0,-0.0
129773437500.0,0.21654147324079923,0.0,-13.289178256450265,0.0,-0.0
129800781250.0,0.21654147324079923,0.0,-13.289178256450265,0.0,-0.0
129828125000.0,0.21654147324079923,0.0,-13.289178256450265,0.0,-0.0
129855468750.0,0.21654147324079923,0.0,-13.289178256450265,0.0,-0.0
129882812500.0,0.21654147324079923,0.0,-13.289178256450265,0.0,-0.0
129910156250.0,0.21654147324079923,0.0,-13.289178256450265,0.0,-0.0
129937500000.0,0.21654147324079923,0.0,-13.289178256450265,0.0,-0.0
129964843750.0,0.21654147324079923,0.0,-13.289178256450265,0.0,-0.0
129992187500.0,0.21654147324079923,0.0,-13.289178256450265,0.0,-0.0
130019531250.0,0.21654147324079923,0.0,-13.289178256450265,0.0,-0.0
130046875000.0,0.21654147324079923,0.0,-13.289178256450265,0.0,-0.0
130074218750.0,0.21654147324079923,0.0,-13.289178256450265,0.0,-0.0
130101562500.0,0.21654147324079923,0.0,-13.289178256450265,0.0,-0.0
130128906250.0,0.21654147324079923,0.0,-13.289178256450265,0.0,-0.0
130156250000.0,0.21654147324079923,0.0,-13.289178256450265,0.0,-0.0
130183593750.0,0.21654147324079923,0.0,-13.289178256450265,0.0,-0.0
130210937500.0,0.21654147324079923,0.0,-13.289178256450265,0.0,-0.0
130238281250.0,0.21654147324079923,0.0,-13.289178256450265,0.0,-0.0
130265625000.0,0.21654147324079923,0.0,-13.289178256450265,0.0,-0.0
130292968750.0,0.21654147324079923,0.0,-13.289178256450265,0.0,-0.0
130320312500.0,0.21654147324079923,0.0,-13.289178256450265,0.0,-0.0
130347656250.0,0.21654147324079923,0.0,-13.289178256450265,0.0,-0.0
130375000000.0,0.21654147324079923,0.0,-13.289178256450265,0.0,-0.0
130402343750.0,0.21654147324079923,0.0,-13.289178256450265,0.0,-0.0
130429687500.0,0.21654147324079923,0.0,-13.289178256450265,0.0,-0.0
130457031250.0,0.21654147324079923,0.0,-13.289178256450265,0.0,-0.0
130484375000.0,0.21654147324079923,0.0,-13.289178256450265,0.0,-0.0
130511718750.0,0.21654147324079923,0.0,-13.289178256450265,0.0,-0.0
130539062500.0,0.21654147324079923,0.0,-13.289178256450265,0.0,-0.0
130566406250.0,0.21654147324079923,0.0,-13.289178256450265,0.0,-0.0
130593750000.0,0.21654147324079923,0.0,-13.289178256450265,0.0,-0.0
130621093750.0,0.21654147324079923,0.0,-13.289178256450265,0.0,-0.0
130648437500.0,0.21654147324079923,0.0,-13.289178256450265,0.0,-0.0
130675781250.0,0.21654147324079923,0.0,-13.289178256450265,0.0,-0.0
130703125000.0,0.21654147324079923,0.0,-13.289178256450265,0.0,-0.0
130730468750.0,0.21654147324079923,0.0,-13.289178256450265,0.0,-0.0
130757812500.0,0.21654147324079923,0.0,-13.289178256450265,0.0,-0.0
130785156250.0,0.21654147324079923,0.0,-13.289178256450265,0.0,-0.0
130812500000.0,0.21654147324079923,0.0,-13.289178256450265,0.0,-0.0
130839843750.0,0.21654147324079923,0.0,-13.289178256450265,0.0,-0.0
130867187500.0,0.21654147324079923,0.0,-13.289178256450265,0.0,-0.0
130894531250.0,0.21654147324079923,0.0,-13.289178256450265,0.0,-0.0
130921875000.0,0.21654147324079923,0.0,-13.289178256450265,0.0,-0.0
130949218750.0,0.21654147324079923,0.0,-13.289178256450265,0.0,-0.0
130976562500.0,0.21654147324079923,0.0,-13.289178256450265,0.0,-0.0
131003906250.0,0.21654147324079923,0.0,-13.289178256450265,0.0,-0.0
131031250000.0,0.21654147324079923,0.0,-13.289178256450265,0.0,-0.0
131058593750.0,0.21654147324079923,0.0,-13.289178256450265,0.0,-0.0
131085937500.0,0.21654147324079923,0.0,-13.289178256450265,0.0,-0.0
131113281250.0,0.21654147324079923,0.0,-13.289178256450265,0.0,-0.0
131140625000.0,0.21654147324079923,0.0,-13.289178256450265,0.0,-0.0
131167968750.0,0.21654147324079923,0.0,-13.289178256450265,0.0,-0.0
131195312500.0,0.21654147324079923,0.0,-13.289178256450265,0.0,-0.0
131222656250.0,0.21654147324079923,0.0,-13.289178256450265,0.0,-0.0
131250000000.0,0.21654147324079923,0.0,-13.289178256450265,0.0,-0.0
131277343750.0,0.21654147324079923,0.0,-13.289178256450265,0.0,-0.0
131304687500.0,0.21654147324079923,0.0,-13.289178256450265,0.0,-0.0
131332031250.0,0.21654147324079923,0.0,-13.289178256450265,0.0,-0.0
131359375000.0,0.21654147324079923,0.0,-13.289178256450265,0.0,-0.0
131386718750.0,0.21654147324079923,0.0,-13.289178256450265,0.0,-0.0
131414062500.0,0.21654147324079923,0.0,-13.289178256450265,0.0,-0.0
131441406250.0,0.21654147324079923,0.0,-13.289178256450265,0.0,-0.0
131468750000.0,0.21654147324079923,0.0,-13.289178256450265,0.0,-0.0
131496093750.0,0.21654147324079923,0.0,-13.289178256450265,0.0,-0.0
131523437500.0,0.21654147324079923,0.0,-13.289178256450265,0.0,-0.0
131550781250.0,0.21654147324079923,0.0,-13.289178256450265,0.0,-0.0
131578125000.0,0.21654147324079923,0.0,-13.289178256450265,0.0,-0.0
131605468750.0,0.21654147324079923,0.0,-13.289178256450265,0.0,-0.0
131632812500.0,0.21654147324079923,0.0,-13.289178256450265,0.0,-0.0
131660156250.0,0.21654147324079923,0.0,-13.289178256450265,0.0,-0.0
131687500000.0,0.21654147324079923,0.0,-13.289178256450265,0.0,-0.0
131714843750.0,0.21654147324079923,0.0,-13.289178256450265,0.0,-0.0
131742187500.0,0.21654147324079923,0.0,-13.289178256450265,0.0,-0.0
131769531250.0,0.21654147324079923,0.0,-13.289178256450265,0.0,-0.0
131796875000.0,0.21654147324079923,0.0,-13.289178256450265,0.0,-0.0
131824218750.0,0.21654147324079923,0.0,-13.289178256450265,0.0,-0.0
131851562500.0,0.21654147324079923,0.0,-13.289178256450265,0.0,-0.0
131878906250.0,0.21654147324079923,0.0,-13.289178256450265,0.0,-0.0
131906250000.0,0.21654147324079923,0.0,-13.289178256450265,0.0,-0.0
131933593750.0,0.21654147324079923,0.0,-13.289178256450265,0.0,-0.0
131960937500.0,0.21654147324079923,0.0,-13.289178256450265,0.0,-0.0
131988281250.0,0.21654147324079923,0.0,-13.289178256450265,0.0,-0.0
132015625000.0,0.21654147324079923,0.0,-13.289178256450265,0.0,-0.0
132042968750.0,0.21654147324079923,0.0,-13.289178256450265,0.0,-0.0
132070312500.0,0.21654147324079923,0.0,-13.289178256450265,0.0,-0.0
132097656250.0,0.21654147324079923,0.0,-13.289178256450265,0.0,-0.0
132125000000.0,0.21654147324079923,0.0,-13.289178256450265,0.0,-0.0
132152343750.0,0.21654147324079923,0.0,-13.289178256450265,0.0,-0.0
132179687500.0,0.21654147324079923,0.0,-13.289178256450265,0.0,-0.0
132207031250.0,0.21654147324079923,0.0,-13.289178256450265,0.0,-0.0
132234375000.0,0.21654147324079923,0.0,-13.289178256450265,0.0,-0.0
132261718750.0,0.21654147324079923,0.0,-13.289178256450265,0.0,-0.0
132289062500.0,0.21654147324079923,0.0,-13.289178256450265,0.0,-0.0
132316406250.0,0.21654147324079923,0.0,-13.289178256450265,0.0,-0.0
132343750000.0,0.21654147324079923,0.0,-13.289178256450265,0.0,-0.0
132371093750.0,0.21654147324079923,0.0,-13.289178256450265,0.0,-0.0
132398437500.0,0.21654147324079923,0.0,-13.289178256450265,0.0,-0.0
132425781250.0,0.21654147324079923,0.0,-13.289178256450265,0.0,-0.0
132453125000.0,0.21654147324079923,0.0,-13.289178256450265,0.0,-0.0
132480468750.0,0.21654147324079923,0.0,-13.289178256450265,0.0,-0.0
132507812500.0,0.21654147324079923,0.0,-13.289178256450265,0.0,-0.0
132535156250.0,0.21654147324079923,0.0,-13.289178256450265,0.0,-0.0
132562500000.0,0.21654147324079923,0.0,-13.289178256450265,0.0,-0.0
132589843750.0,0.21654147324079923,0.0,-13.289178256450265,0.0,-0.0
132617187500.0,0.21654147324079923,0.0,-13.289178256450265,0.0,-0.0
132644531250.0,0.21654147324079923,0.0,-13.289178256450265,0.0,-0.0
132671875000.0,0.21654147324079923,0.0,-13.289178256450265,0.0,-0.0
132699218750.0,0.21654147324079923,0.0,-13.289178256450265,0.0,-0.0
132726562500.0,0.21654147324079923,0.0,-13.289178256450265,0.0,-0.0
132753906250.0,0.21654147324079923,0.0,-13.289178256450265,0.0,-0.0
132781250000.0,0.21654147324079923,0.0,-13.289178256450265,0.0,-0.0
132808593750.0,0.21654147324079923,0.0,-13.289178256450265,0.0,-0.0
132835937500.0,0.21654147324079923,0.0,-13.289178256450265,0.0,-0.0
132863281250.0,0.21654147324079923,0.0,-13.289178256450265,0.0,-0.0
132890625000.0,0.21654147324079923,0.0,-13.289178256450265,0.0,-0.0
132917968750.0,0.21654147324079923,0.0,-13.289178256450265,0.0,-0.0
132945312500.0,0.21654147324079923,0.0,-13.289178256450265,0.0,-0.0
132972656250.0,0.21654147324079923,0.0,-13.289178256450265,0.0,-0.0
133000000000.0,0.21654147324079923,0.0,-13.289178256450265,0.0,-0.0
133027343750.0,0.21654147324079923,0.0,-13.289178256450265,0.0,-0.0
133054687500.0,0.21654147324079923,0.0,-13.289178256450265,0.0,-0.0
133082031250.0,0.21654147324079923,0.0,-13.289178256450265,0.0,-0.0
133109375000.0,0.21654147324079923,0.0,-13.289178256450265,0.0,-0.0
133136718750.0,0.21654147324079923,0.0,-13.289178256450265,0.0,-0.0
133164062500.0,0.21654147324079923,0.0,-13.289178256450265,0.0,-0.0
133191406250.0,0.21654147324079923,0.0,-13.289178256450265,0.0,-0.0
133218750000.0,0.21654147324079923,0.0,-13.289178256450265,0.0,-0.0
133246093750.0,0.21654147324079923,0.0,-13.289178256450265,0.0,-0.0
133273437500.0,0.21654147324079923,0.0,-13.289178256450265,0.0,-0.0
133300781250.0,0.21654147324079923,0.0,-13.289178256450265,0.0,-0.0
133328125000.0,0.21654147324079923,0.0,-13.289178256450265,0.0,-0.0
133355468750.0,0.21654147324079923,0.0,-13.289178256450265,0.0,-0.0
133382812500.0,0.21654147324079923,0.0,-13.289178256450265,0.0,-0.0
133410156250.0,0.21654147324079923,0.0,-13.289178256450265,0.0,-0.0
133437500000.0,0.21654147324079923,0.0,-13.289178256450265,0.0,-0.0
133464843750.0,0.21654147324079923,0.0,-13.289178256450265,0.0,-0.0
133492187500.0,0.21654147324079923,0.0,-13.289178256450265,0.0,-0.0
133519531250.0,0.21654147324079923,0.0,-13.289178256450265,0.0,-0.0
133546875000.0,0.21654147324079923,0.0,-13.289178256450265,0.0,-0.0
133574218750.0,0.21654147324079923,0.0,-13.289178256450265,0.0,-0.0
133601562500.0,0.21654147324079923,0.0,-13.289178256450265,0.0,-0.0
133628906250.0,0.21654147324079923,0.0,-13.289178256450265,0.0,-0.0
133656250000.0,0.21654147324079923,0.0,-13.289178256450265,0.0,-0.0
133683593750.0,0.21654147324079923,0.0,-13.289178256450265,0.0,-0.0
133710937500.0,0.21654147324079923,0.0,-13.289178256450265,0.0,-0.0
133738281250.0,0.21654147324079923,0.0,-13.289178256450265,0.0,-0.0
133765625000.0,0.21654147324079923,0.0,-13.289178256450265,0.0,-0.0
133792968750.0,0.21654147324079923,0.0,-13.289178256450265,0.0,-0.0
133820312500.0,0.21654147324079923,0.0,-13.289178256450265,0.0,-0.0
133847656250.0,0.21654147324079923,0.0,-13.289178256450265,0.0,-0.0
133875000000.0,0.21654147324079923,0.0,-13.289178256450265,0.0,-0.0
133902343750.0,0.21654147324079923,0.0,-13.289178256450265,0.0,-0.0
133929687500.0,0.21654147324079923,0.0,-13.289178256450265,0.0,-0.0
133957031250.0,0.21654147324079923,0.0,-13.289178256450265,0.0,-0.0
133984375000.0,0.21654147324079923,0.0,-13.289178256450265,0.0,-0.0
134011718750.0,0.21654147324079923,0.0,-13.289178256450265,0.0,-0.0
134039062500.0,0.21654147324079923,0.0,-13.289178256450265,0.0,-0.0
134066406250.0,0.21654147324079923,0.0,-13.289178256450265,0.0,-0.0
134093750000.0,0.21654147324079923,0.0,-13.289178256450265,0.0,-0.0
134121093750.0,0.21654147324079923,0.0,-13.289178256450265,0.0,-0.0
134148437500.0,0.21654147324079923,0.0,-13.289178256450265,0.0,-0.0
134175781250.0,0.21654147324079923,0.0,-13.289178256450265,0.0,-0.0
134203125000.0,0.21654147324079923,0.0,-13.289178256450265,0.0,-0.0
134230468750.0,0.21654147324079923,0.0,-13.289178256450265,0.0,-0.0
134257812500.0,0.21654147324079923,0.0,-13.289178256450265,0.0,-0.0
134285156250.0,0.21654147324079923,0.0,-13.289178256450265,0.0,-0.0
134312500000.0,0.21654147324079923,0.0,-13.289178256450265,0.0,-0.0
134339843750.0,0.21654147324079923,0.0,-13.289178256450265,0.0,-0.0
134367187500.0,0.21654147324079923,0.0,-13.289178256450265,0.0,-0.0
134394531250.0,0.21654147324079923,0.0,-13.289178256450265,0.0,-0.0
134421875000.0,0.21654147324079923,0.0,-13.289178256450265,0.0,-0.0
134449218750.0,0.21654147324079923,0.0,-13.289178256450265,0.0,-0.0
134476562500.0,0.21654147324079923,0.0,-13.289178256450265,0.0,-0.0
134503906250.0,0.21654147324079923,0.0,-13.289178256450265,0.0,-0.0
134531250000.0,0.21654147324079923,0.0,-13.289178256450265,0.0,-0.0
134558593750.0,0.21654147324079923,0.0,-13.289178256450265,0.0,-0.0
134585937500.0,0.21654147324079923,0.0,-13.289178256450265,0.0,-0.0
134613281250.0,0.21654147324079923,0.0,-13.289178256450265,0.0,-0.0
134640625000.0,0.21654147324079923,0.0,-13.289178256450265,0.0,-0.0
134667968750.0,0.21654147324079923,0.0,-13.289178256450265,0.0,-0.0
134695312500.0,0.21654147324079923,0.0,-13.289178256450265,0.0,-0.0
134722656250.0,0.21654147324079923,0.0,-13.289178256450265,0.0,-0.0
134750000000.0,0.21654147324079923,0.0,-13.289178256450265,0.0,-0.0
134777343750.0,0.21654147324079923,0.0,-13.289178256450265,0.0,-0.0
134804687500.0,0.21654147324079923,0.0,-13.289178256450265,0.0,-0.0
134832031250.0,0.21654147324079923,0.0,-13.289178256450265,0.0,-0.0
134859375000.0,0.21654147324079923,0.0,-13.289178256450265,0.0,-0.0
134886718750.0,0.21654147324079923,0.0,-13.289178256450265,0.0,-0.0
134914062500.0,0.21654147324079923,0.0,-13.289178256450265,0.0,-0.0
134941406250.0,0.21654147324079923,0.0,-13.289178256450265,0.0,-0.0
134968750000.0,0.21654147324079923,0.0,-13.289178256450265,0.0,-0.0
134996093750.0,0.21654147324079923,0.0,-13.289178256450265,0.0,-0.0
135023437500.0,0.21654147324079923,0.0,-13.289178256450265,0.0,-0.0
135050781250.0,0.21654147324079923,0.0,-13.289178256450265,0.0,-0.0
135078125000.0,0.21654147324079923,0.0,-13.289178256450265,0.0,-0.0
135105468750.0,0.21654147324079923,0.0,-13.289178256450265,0.0,-0.0
135132812500.0,0.21654147324079923,0.0,-13.289178256450265,0.0,-0.0
135160156250.0,0.21654147324079923,0.0,-13.289178256450265,0.0,-0.0
135187500000.0,0.21654147324079923,0.0,-13.289178256450265,0.0,-0.0
135214843750.0,0.21654147324079923,0.0,-13.289178256450265,0.0,-0.0
135242187500.0,0.21654147324079923,0.0,-13.289178256450265,0.0,-0.0
135269531250.0,0.21654147324079923,0.0,-13.289178256450265,0.0,-0.0
135296875000.0,0.21654147324079923,0.0,-13.289178256450265,0.0,-0.0
135324218750.0,0.21654147324079923,0.0,-13.289178256450265,0.0,-0.0
135351562500.0,0.21654147324079923,0.0,-13.289178256450265,0.0,-0.0
135378906250.0,0.21654147324079923,0.0,-13.289178256450265,0.0,-0.0
135406250000.0,0.21654147324079923,0.0,-13.289178256450265,0.0,-0.0
135433593750.0,0.21654147324079923,0.0,-13.289178256450265,0.0,-0.0
135460937500.0,0.21654147324079923,0.0,-13.289178256450265,0.0,-0.0
135488281250.0,0.21654147324079923,0.0,-13.289178256450265,0.0,-0.0
135515625000.0,0.21654147324079923,0.0,-13.289178256450265,0.0,-0.0
135542968750.0,0.21654147324079923,0.0,-13.289178256450265,0.0,-0.0
135570312500.0,0.21654147324079923,0.0,-13.289178256450265,0.0,-0.0
135597656250.0,0.21654147324079923,0.0,-13.289178256450265,0.0,-0.0
135625000000.0,0.21654147324079923,0.0,-13.289178256450265,0.0,-0.0
135652343750.0,0.21654147324079923,0.0,-13.289178256450265,0.0,-0.0
135679687500.0,0.21654147324079923,0.0,-13.289178256450265,0.0,-0.0
135707031250.0,0.21654147324079923,0.0,-13.289178256450265,0.0,-0.0
135734375000.0,0.21654147324079923,0.0,-13.289178256450265,0.0,-0.0
135761718750.0,0.21654147324079923,0.0,-13.289178256450265,0.0,-0.0
135789062500.0,0.21654147324079923,0.0,-13.289178256450265,0.0,-0.0
135816406250.0,0.21654147324079923,0.0,-13.289178256450265,0.0,-0.0
135843750000.0,0.21654147324079923,0.0,-13.289178256450265,0.0,-0.0
135871093750.0,0.21654147324079923,0.0,-13.289178256450265,0.0,-0.0
135898437500.0,0.21654147324079923,0.0,-13.289178256450265,0.0,-0.0
135925781250.0,0.21654147324079923,0.0,-13.289178256450265,0.0,-0.0
135953125000.0,0.21654147324079923,0.0,-13.289178256450265,0.0,-0.0
135980468750.0,0.21654147324079923,0.0,-13.289178256450265,0.0,-0.0
136007812500.0,0.21654147324079923,0.0,-13.289178256450265,0.0,-0.0
136035156250.0,0.21654147324079923,0.0,-13.289178256450265,0.0,-0.0
136062500000.0,0.21654147324079923,0.0,-13.289178256450265,0.0,-0.0
136089843750.0,0.21654147324079923,0.0,-13.289178256450265,0.0,-0.0
136117187500.0,0.21654147324079923,0.0,-13.289178256450265,0.0,-0.0
136144531250.0,0.21654147324079923,0.0,-13.289178256450265,0.0,-0.0
136171875000.0,0.21654147324079923,0.0,-13.289178256450265,0.0,-0.0
136199218750.0,0.21654147324079923,0.0,-13.289178256450265,0.0,-0.0
136226562500.0,0.21654147324079923,0.0,-13.289178256450265,0.0,-0.0
136253906250.0,0.21654147324079923,0.0,-13.289178256450265,0.0,-0.0
136281250000.0,0.21654147324079923,0.0,-13.289178256450265,0.0,-0.0
136308593750.0,0.21654147324079923,0.0,-13.289178256450265,0.0,-0.0
136335937500.0,0.21654147324079923,0.0,-13.289178256450265,0.0,-0.0
136363281250.0,0.21654147324079923,0.0,-13.289178256450265,0.0,-0.0
136390625000.0,0.21654147324079923,0.0,-13.289178256450265,0.0,-0.0
136417968750.0,0.21654147324079923,0.0,-13.289178256450265,0.0,-0.0
136445312500.0,0.21654147324079923,0.0,-13.289178256450265,0.0,-0.0
136472656250.0,0.21654147324079923,0.0,-13.289178256450265,0.0,-0.0
136500000000.0,0.21654147324079923,0.0,-13.289178256450265,0.0,-0.0
136527343750.0,0.21654147324079923,0.0,-13.289178256450265,0.0,-0.0
136554687500.0,0.21654147324079923,0.0,-13.289178256450265,0.0,-0.0
136582031250.0,0.21654147324079923,0.0,-13.289178256450265,0.0,-0.0
136609375000.0,0.21654147324079923,0.0,-13.289178256450265,0.0,-0.0
136636718750.0,0.21654147324079923,0.0,-13.289178256450265,0.0,-0.0
136664062500.0,0.21654147324079923,0.0,-13.289178256450265,0.0,-0.0
136691406250.0,0.21654147324079923,0.0,-13.289178256450265,0.0,-0.0
136718750000.0,0.21654147324079923,0.0,-13.289178256450265,0.0,-0.0
136746093750.0,0.21654147324079923,0.0,-13.289178256450265,0.0,-0.0
136773437500.0,0.21654147324079923,0.0,-13.289178256450265,0.0,-0.0
136800781250.0,0.21654147324079923,0.0,-13.289178256450265,0.0,-0.0
136828125000.0,0.21654147324079923,0.0,-13.289178256450265,0.0,-0.0
136855468750.0,0.21654147324079923,0.0,-13.289178256450265,0.0,-0.0
136882812500.0,0.21654147324079923,0.0,-13.289178256450265,0.0,-0.0
136910156250.0,0.21654147324079923,0.0,-13.289178256450265,0.0,-0.0
136937500000.0,0.21654147324079923,0.0,-13.289178256450265,0.0,-0.0
136964843750.0,0.21654147324079923,0.0,-13.289178256450265,0.0,-0.0
136992187500.0,0.21654147324079923,0.0,-13.289178256450265,0.0,-0.0
137019531250.0,0.21654147324079923,0.0,-13.289178256450265,0.0,-0.0
137046875000.0,0.21654147324079923,0.0,-13.289178256450265,0.0,-0.0
137074218750.0,0.21654147324079923,0.0,-13.289178256450265,0.0,-0.0
137101562500.0,0.21654147324079923,0.0,-13.289178256450265,0.0,-0.0
137128906250.0,0.21654147324079923,0.0,-13.289178256450265,0.0,-0.0
137156250000.0,0.21654147324079923,0.0,-13.289178256450265,0.0,-0.0
137183593750.0,0.21654147324079923,0.0,-13.289178256450265,0.0,-0.0
137210937500.0,0.21654147324079923,0.0,-13.289178256450265,0.0,-0.0
137238281250.0,0.21654147324079923,0.0,-13.289178256450265,0.0,-0.0
137265625000.0,0.21654147324079923,0.0,-13.289178256450265,0.0,-0.0
137292968750.0,0.21654147324079923,0.0,-13.289178256450265,0.0,-0.0
137320312500.0,0.21654147324079923,0.0,-13.289178256450265,0.0,-0.0
137347656250.0,0.21654147324079923,0.0,-13.289178256450265,0.0,-0.0
137375000000.0,0.21654147324079923,0.0,-13.289178256450265,0.0,-0.0
137402343750.0,0.21654147324079923,0.0,-13.289178256450265,0.0,-0.0
137429687500.0,0.21654147324079923,0.0,-13.289178256450265,0.0,-0.0
137457031250.0,0.21654147324079923,0.0,-13.289178256450265,0.0,-0.0
137484375000.0,0.21654147324079923,0.0,-13.289178256450265,0.0,-0.0
137511718750.0,0.21654147324079923,0.0,-13.289178256450265,0.0,-0.0
137539062500.0,0.21654147324079923,0.0,-13.289178256450265,0.0,-0.0
137566406250.0,0.21654147324079923,0.0,-13.289178256450265,0.0,-0.0
137593750000.0,0.21654147324079923,0.0,-13.289178256450265,0.0,-0.0
137621093750.0,0.21654147324079923,0.0,-13.289178256450265,0.0,-0.0
137648437500.0,0.21654147324079923,0.0,-13.289178256450265,0.0,-0.0
137675781250.0,0.21654147324079923,0.0,-13.289178256450265,0.0,-0.0
137703125000.0,0.21654147324079923,0.0,-13.289178256450265,0.0,-0.0
137730468750.0,0.21654147324079923,0.0,-13.289178256450265,0.0,-0.0
137757812500.0,0.21654147324079923,0.0,-13.289178256450265,0.0,-0.0
137785156250.0,0.21654147324079923,0.0,-13.289178256450265,0.0,-0.0
137812500000.0,0.21654147324079923,0.0,-13.289178256450265,0.0,-0.0
137839843750.0,0.21654147324079923,0.0,-13.289178256450265,0.0,-0.0
137867187500.0,0.21654147324079923,0.0,-13.289178256450265,0.0,-0.0
137894531250.0,0.21654147324079923,0.0,-13.289178256450265,0.0,-0.0
137921875000.0,0.21654147324079923,0.0,-13.289178256450265,0.0,-0.0
137949218750.0,0.21654147324079923,0.0,-13.289178256450265,0.0,-0.0
137976562500.0,0.21654147324079923,0.0,-13.289178256450265,0.0,-0.0
138003906250.0,0.21654147324079923,0.0,-13.289178256450265,0.0,-0.0
138031250000.0,0.21654147324079923,0.0,-13.289178256450265,0.0,-0.0
138058593750.0,0.21654147324079923,0.0,-13.289178256450265,0.0,-0.0
138085937500.0,0.21654147324079923,0.0,-13.289178256450265,0.0,-0.0
138113281250.0,0.21654147324079923,0.0,-13.289178256450265,0.0,-0.0
138140625000.0,0.21654147324079923,0.0,-13.289178256450265,0.0,-0.0
138167968750.0,0.21654147324079923,0.0,-13.289178256450265,0.0,-0.0
138195312500.0,0.21654147324079923,0.0,-13.289178256450265,0.0,-0.0
138222656250.0,0.21654147324079923,0.0,-13.289178256450265,0.0,-0.0
138250000000.0,0.21654147324079923,0.0,-13.289178256450265,0.0,-0.0
138277343750.0,0.21654147324079923,0.0,-13.289178256450265,0.0,-0.0
138304687500.0,0.21654147324079923,0.0,-13.289178256450265,0.0,-0.0
138332031250.0,0.21654147324079923,0.0,-13.289178256450265,0.0,-0.0
138359375000.0,0.21654147324079923,0.0,-13.289178256450265,0.0,-0.0
138386718750.0,0.21654147324079923,0.0,-13.289178256450265,0.0,-0.0
138414062500.0,0.21654147324079923,0.0,-13.289178256450265,0.0,-0.0
138441406250.0,0.21654147324079923,0.0,-13.289178256450265,0.0,-0.0
138468750000.0,0.21654147324079923,0.0,-13.289178256450265,0.0,-0.0
138496093750.0,0.21654147324079923,0.0,-13.289178256450265,0.0,-0.0
138523437500.0,0.21654147324079923,0.0,-13.289178256450265,0.0,-0.0
138550781250.0,0.21654147324079923,0.0,-13.289178256450265,0.0,-0.0
138578125000.0,0.21654147324079923,0.0,-13.289178256450265,0.0,-0.0
138605468750.0,0.21654147324079923,0.0,-13.289178256450265,0.0,-0.0
138632812500.0,0.21654147324079923,0.0,-13.289178256450265,0.0,-0.0
138660156250.0,0.21654147324079923,0.0,-13.289178256450265,0.0,-0.0
138687500000.0,0.21654147324079923,0.0,-13.289178256450265,0.0,-0.0
138714843750.0,0.21654147324079923,0.0,-13.289178256450265,0.0,-0.0
138742187500.0,0.21654147324079923,0.0,-13.289178256450265,0.0,-0.0
138769531250.0,0.21654147324079923,0.0,-13.289178256450265,0.0,-0.0
138796875000.0,0.21654147324079923,0.0,-13.289178256450265,0.0,-0.0
138824218750.0,0.21654147324079923,0.0,-13.289178256450265,0.0,-0.0
138851562500.0,0.21654147324079923,0.0,-13.289178256450265,0.0,-0.0
138878906250.0,0.21654147324079923,0.0,-13.289178256450265,0.0,-0.0
138906250000.0,0.21654147324079923,0.0,-13.289178256450265,0.0,-0.0
138933593750.0,0.21654147324079923,0.0,-13.289178256450265,0.0,-0.0
138960937500.0,0.21654147324079923,0.0,-13.289178256450265,0.0,-0.0
138988281250.0,0.21654147324079923,0.0,-13.289178256450265,0.0,-0.0
139015625000.0,0.21654147324079923,0.0,-13.289178256450265,0.0,-0.0
139042968750.0,0.21654147324079923,0.0,-13.289178256450265,0.0,-0.0
139070312500.0,0.21654147324079923,0.0,-13.289178256450265,0.0,-0.0
139097656250.0,0.21654147324079923,0.0,-13.289178256450265,0.0,-0.0
139125000000.0,0.21654147324079923,0.0,-13.289178256450265,0.0,-0.0
139152343750.0,0.21654147324079923,0.0,-13.289178256450265,0.0,-0.0
139179687500.0,0.21654147324079923,0.0,-13.289178256450265,0.0,-0.0
139207031250.0,0.21654147324079923,0.0,-13.289178256450265,0.0,-0.0
139234375000.0,0.21654147324079923,0.0,-13.289178256450265,0.0,-0.0
139261718750.0,0.21654147324079923,0.0,-13.289178256450265,0.0,-0.0
139289062500.0,0.21654147324079923,0.0,-13.289178256450265,0.0,-0.0
139316406250.0,0.21654147324079923,0.0,-13.289178256450265,0.0,-0.0
139343750000.0,0.21654147324079923,0.0,-13.289178256450265,0.0,-0.0
139371093750.0,0.21654147324079923,0.0,-13.289178256450265,0.0,-0.0
139398437500.0,0.21654147324079923,0.0,-13.289178256450265,0.0,-0.0
139425781250.0,0.21654147324079923,0.0,-13.289178256450265,0.0,-0.0
139453125000.0,0.21654147324079923,0.0,-13.289178256450265,0.0,-0.0
139480468750.0,0.21654147324079923,0.0,-13.289178256450265,0.0,-0.0
139507812500.0,0.21654147324079923,0.0,-13.289178256450265,0.0,-0.0
139535156250.0,0.21654147324079923,0.0,-13.289178256450265,0.0,-0.0
139562500000.0,0.21654147324079923,0.0,-13.289178256450265,0.0,-0.0
139589843750.0,0.21654147324079923,0.0,-13.289178256450265,0.0,-0.0
139617187500.0,0.21654147324079923,0.0,-13.289178256450265,0.0,-0.0
139644531250.0,0.21654147324079923,0.0,-13.289178256450265,0.0,-0.0
139671875000.0,0.21654147324079923,0.0,-13.289178256450265,0.0,-0.0
139699218750.0,0.21654147324079923,0.0,-13.289178256450265,0.0,-0.0
139726562500.0,0.21654147324079923,0.0,-13.289178256450265,0.0,-0.0
139753906250.0,0.21654147324079923,0.0,-13.289178256450265,0.0,-0.0
139781250000.0,0.21654147324079923,0.0,-13.289178256450265,0.0,-0.0
139808593750.0,0.21654147324079923,0.0,-13.289178256450265,0.0,-0.0
139835937500.0,0.21654147324079923,0.0,-13.289178256450265,0.0,-0.0
139863281250.0,0.21654147324079923,0.0,-13.289178256450265,0.0,-0.0
139890625000.0,0.21654147324079923,0.0,-13.289178256450265,0.0,-0.0
139917968750.0,0.21654147324079923,0.0,-13.289178256450265,0.0,-0.0
139945312500.0,0.21654147324079923,0.0,-13.289178256450265,0.0,-0.0
139972656250.0,0.21654147324079923,0.0,-13.289178256450265,0.0,-0.0
140000000000.0,0.21654147324079923,0.0,-13.289178256450265,0.0,-0.0
140027343750.0,0.21654147324079923,0.0,-13.289178256450265,0.0,-0.0
140054687500.0,0.21654147324079923,0.0,-13.289178256450265,0.0,-0.0
140082031250.0,0.21654147324079923,0.0,-13.289178256450265,0.0,-0.0
140109375000.0,0.21654147324079923,0.0,-13.289178256450265,0.0,-0.0
140136718750.0,0.21654147324079923,0.0,-13.289178256450265,0.0,-0.0
140164062500.0,0.21654147324079923,0.0,-13.289178256450265,0.0,-0.0
140191406250.0,0.21654147324079923,0.0,-13.289178256450265,0.0,-0.0
140218750000.0,0.21654147324079923,0.0,-13.289178256450265,0.0,-0.0
140246093750.0,0.21654147324079923,0.0,-13.289178256450265,0.0,-0.0
140273437500.0,0.21654147324079923,0.0,-13.289178256450265,0.0,-0.0
140300781250.0,0.21654147324079923,0.0,-13.289178256450265,0.0,-0.0
140328125000.0,0.21654147324079923,0.0,-13.289178256450265,0.0,-0.0
140355468750.0,0.21654147324079923,0.0,-13.289178256450265,0.0,-0.0
140382812500.0,0.21654147324079923,0.0,-13.289178256450265,0.0,-0.0
140410156250.0,0.21654147324079923,0.0,-13.289178256450265,0.0,-0.0
140437500000.0,0.21654147324079923,0.0,-13.289178256450265,0.0,-0.0
140464843750.0,0.21654147324079923,0.0,-13.289178256450265,0.0,-0.0
140492187500.0,0.21654147324079923,0.0,-13.289178256450265,0.0,-0.0
140519531250.0,0.21654147324079923,0.0,-13.289178256450265,0.0,-0.0
140546875000.0,0.21654147324079923,0.0,-13.289178256450265,0.0,-0.0
140574218750.0,0.21654147324079923,0.0,-13.289178256450265,0.0,-0.0
140601562500.0,0.21654147324079923,0.0,-13.289178256450265,0.0,-0.0
140628906250.0,0.21654147324079923,0.0,-13.289178256450265,0.0,-0.0
140656250000.0,0.21654147324079923,0.0,-13.289178256450265,0.0,-0.0
140683593750.0,0.21654147324079923,0.0,-13.289178256450265,0.0,-0.0
140710937500.0,0.21654147324079923,0.0,-13.289178256450265,0.0,-0.0
140738281250.0,0.21654147324079923,0.0,-13.289178256450265,0.0,-0.0
140765625000.0,0.21654147324079923,0.0,-13.289178256450265,0.0,-0.0
140792968750.0,0.21654147324079923,0.0,-13.289178256450265,0.0,-0.0
140820312500.0,0.21654147324079923,0.0,-13.289178256450265,0.0,-0.0
140847656250.0,0.21654147324079923,0.0,-13.289178256450265,0.0,-0.0
140875000000.0,0.21654147324079923,0.0,-13.289178256450265,0.0,-0.0
140902343750.0,0.21654147324079923,0.0,-13.289178256450265,0.0,-0.0
140929687500.0,0.21654147324079923,0.0,-13.289178256450265,0.0,-0.0
140957031250.0,0.21654147324079923,0.0,-13.289178256450265,0.0,-0.0
140984375000.0,0.21654147324079923,0.0,-13.289178256450265,0.0,-0.0
141011718750.0,0.21654147324079923,0.0,-13.289178256450265,0.0,-0.0
141039062500.0,0.21654147324079923,0.0,-13.289178256450265,0.0,-0.0
141066406250.0,0.21654147324079923,0.0,-13.289178256450265,0.0,-0.0
141093750000.0,0.21654147324079923,0.0,-13.289178256450265,0.0,-0.0
141121093750.0,0.21654147324079923,0.0,-13.289178256450265,0.0,-0.0
141148437500.0,0.21654147324079923,0.0,-13.289178256450265,0.0,-0.0
141175781250.0,0.21654147324079923,0.0,-13.289178256450265,0.0,-0.0
141203125000.0,0.21654147324079923,0.0,-13.289178256450265,0.0,-0.0
141230468750.0,0.21654147324079923,0.0,-13.289178256450265,0.0,-0.0
141257812500.0,0.21654147324079923,0.0,-13.289178256450265,0.0,-0.0
141285156250.0,0.21654147324079923,0.0,-13.289178256450265,0.0,-0.0
141312500000.0,0.21654147324079923,0.0,-13.289178256450265,0.0,-0.0
141339843750.0,0.21654147324079923,0.0,-13.289178256450265,0.0,-0.0
141367187500.0,0.21654147324079923,0.0,-13.289178256450265,0.0,-0.0
141394531250.0,0.21654147324079923,0.0,-13.289178256450265,0.0,-0.0
141421875000.0,0.21654147324079923,0.0,-13.289178256450265,0.0,-0.0
141449218750.0,0.21654147324079923,0.0,-13.289178256450265,0.0,-0.0
141476562500.0,0.21654147324079923,0.0,-13.289178256450265,0.0,-0.0
141503906250.0,0.21654147324079923,0.0,-13.289178256450265,0.0,-0.0
141531250000.0,0.21654147324079923,0.0,-13.289178256450265,0.0,-0.0
141558593750.0,0.21654147324079923,0.0,-13.289178256450265,0.0,-0.0
141585937500.0,0.21654147324079923,0.0,-13.289178256450265,0.0,-0.0
141613281250.0,0.21654147324079923,0.0,-13.289178256450265,0.0,-0.0
141640625000.0,0.21654147324079923,0.0,-13.289178256450265,0.0,-0.0
141667968750.0,0.21654147324079923,0.0,-13.289178256450265,0.0,-0.0
141695312500.0,0.21654147324079923,0.0,-13.289178256450265,0.0,-0.0
141722656250.0,0.21654147324079923,0.0,-13.289178256450265,0.0,-0.0
141750000000.0,0.21654147324079923,0.0,-13.289178256450265,0.0,-0.0
141777343750.0,0.21654147324079923,0.0,-13.289178256450265,0.0,-0.0
141804687500.0,0.21654147324079923,0.0,-13.289178256450265,0.0,-0.0
141832031250.0,0.21654147324079923,0.0,-13.289178256450265,0.0,-0.0
141859375000.0,0.21654147324079923,0.0,-13.289178256450265,0.0,-0.0
141886718750.0,0.21654147324079923,0.0,-13.289178256450265,0.0,-0.0
141914062500.0,0.21654147324079923,0.0,-13.289178256450265,0.0,-0.0
141941406250.0,0.21654147324079923,0.0,-13.289178256450265,0.0,-0.0
141968750000.0,0.21654147324079923,0.0,-13.289178256450265,0.0,-0.0
141996093750.0,0.21654147324079923,0.0,-13.289178256450265,0.0,-0.0
142023437500.0,0.21654147324079923,0.0,-13.289178256450265,0.0,-0.0
142050781250.0,0.21654147324079923,0.0,-13.289178256450265,0.0,-0.0
142078125000.0,0.21654147324079923,0.0,-13.289178256450265,0.0,-0.0
142105468750.0,0.21654147324079923,0.0,-13.289178256450265,0.0,-0.0
142132812500.0,0.21654147324079923,0.0,-13.289178256450265,0.0,-0.0
142160156250.0,0.21654147324079923,0.0,-13.289178256450265,0.0,-0.0
142187500000.0,0.21654147324079923,0.0,-13.289178256450265,0.0,-0.0
142214843750.0,0.21654147324079923,0.0,-13.289178256450265,0.0,-0.0
142242187500.0,0.21654147324079923,0.0,-13.289178256450265,0.0,-0.0
142269531250.0,0.21654147324079923,0.0,-13.289178256450265,0.0,-0.0
142296875000.0,0.21654147324079923,0.0,-13.289178256450265,0.0,-0.0
142324218750.0,0.21654147324079923,0.0,-13.289178256450265,0.0,-0.0
142351562500.0,0.21654147324079923,0.0,-13.289178256450265,0.0,-0.0
142378906250.0,0.21654147324079923,0.0,-13.289178256450265,0.0,-0.0
142406250000.0,0.21654147324079923,0.0,-13.289178256450265,0.0,-0.0
142433593750.0,0.21654147324079923,0.0,-13.289178256450265,0.0,-0.0
142460937500.0,0.21654147324079923,0.0,-13.289178256450265,0.0,-0.0
142488281250.0,0.21654147324079923,0.0,-13.289178256450265,0.0,-0.0
142515625000.0,0.21654147324079923,0.0,-13.289178256450265,0.0,-0.0
142542968750.0,0.21654147324079923,0.0,-13.289178256450265,0.0,-0.0
142570312500.0,0.21654147324079923,0.0,-13.289178256450265,0.0,-0.0
142597656250.0,0.21654147324079923,0.0,-13.289178256450265,0.0,-0.0
142625000000.0,0.21654147324079923,0.0,-13.289178256450265,0.0,-0.0
142652343750.0,0.21654147324079923,0.0,-13.289178256450265,0.0,-0.0
142679687500.0,0.21654147324079923,0.0,-13.289178256450265,0.0,-0.0
142707031250.0,0.21654147324079923,0.0,-13.289178256450265,0.0,-0.0
142734375000.0,0.21654147324079923,0.0,-13.289178256450265,0.0,-0.0
142761718750.0,0.21654147324079923,0.0,-13.289178256450265,0.0,-0.0
142789062500.0,0.21654147324079923,0.0,-13.289178256450265,0.0,-0.0
142816406250.0,0.21654147324079923,0.0,-13.289178256450265,0.0,-0.0
142843750000.0,0.21654147324079923,0.0,-13.289178256450265,0.0,-0.0
142871093750.0,0.21654147324079923,0.0,-13.289178256450265,0.0,-0.0
142898437500.0,0.21654147324079923,0.0,-13.289178256450265,0.0,-0.0
142925781250.0,0.21654147324079923,0.0,-13.289178256450265,0.0,-0.0
142953125000.0,0.21654147324079923,0.0,-13.289178256450265,0.0,-0.0
142980468750.0,0.21654147324079923,0.0,-13.289178256450265,0.0,-0.0
143007812500.0,0.21654147324079923,0.0,-13.289178256450265,0.0,-0.0
143035156250.0,0.21654147324079923,0.0,-13.289178256450265,0.0,-0.0
143062500000.0,0.21654147324079923,0.0,-13.289178256450265,0.0,-0.0
143089843750.0,0.21654147324079923,0.0,-13.289178256450265,0.0,-0.0
143117187500.0,0.21654147324079923,0.0,-13.289178256450265,0.0,-0.0
143144531250.0,0.21654147324079923,0.0,-13.289178256450265,0.0,-0.0
143171875000.0,0.21654147324079923,0.0,-13.289178256450265,0.0,-0.0
143199218750.0,0.21654147324079923,0.0,-13.289178256450265,0.0,-0.0
143226562500.0,0.21654147324079923,0.0,-13.289178256450265,0.0,-0.0
143253906250.0,0.21654147324079923,0.0,-13.289178256450265,0.0,-0.0
143281250000.0,0.21654147324079923,0.0,-13.289178256450265,0.0,-0.0
143308593750.0,0.21654147324079923,0.0,-13.289178256450265,0.0,-0.0
143335937500.0,0.21654147324079923,0.0,-13.289178256450265,0.0,-0.0
143363281250.0,0.21654147324079923,0.0,-13.289178256450265,0.0,-0.0
143390625000.0,0.21654147324079923,0.0,-13.289178256450265,0.0,-0.0
143417968750.0,0.21654147324079923,0.0,-13.289178256450265,0.0,-0.0
143445312500.0,0.21654147324079923,0.0,-13.289178256450265,0.0,-0.0
143472656250.0,0.21654147324079923,0.0,-13.289178256450265,0.0,-0.0
143500000000.0,0.21654147324079923,0.0,-13.289178256450265,0.0,-0.0
143527343750.0,0.21654147324079923,0.0,-13.289178256450265,0.0,-0.0
143554687500.0,0.21654147324079923,0.0,-13.289178256450265,0.0,-0.0
143582031250.0,0.21654147324079923,0.0,-13.289178256450265,0.0,-0.0
143609375000.0,0.21654147324079923,0.0,-13.289178256450265,0.0,-0.0
143636718750.0,0.21654147324079923,0.0,-13.289178256450265,0.0,-0.0
143664062500.0,0.21654147324079923,0.0,-13.289178256450265,0.0,-0.0
143691406250.0,0.21654147324079923,0.0,-13.289178256450265,0.0,-0.0
143718750000.0,0.21654147324079923,0.0,-13.289178256450265,0.0,-0.0
143746093750.0,0.21654147324079923,0.0,-13.289178256450265,0.0,-0.0
143773437500.0,0.21654147324079923,0.0,-13.289178256450265,0.0,-0.0
143800781250.0,0.21654147324079923,0.0,-13.289178256450265,0.0,-0.0
143828125000.0,0.21654147324079923,0.0,-13.289178256450265,0.0,-0.0
143855468750.0,0.21654147324079923,0.0,-13.289178256450265,0.0,-0.0
143882812500.0,0.21654147324079923,0.0,-13.289178256450265,0.0,-0.0
143910156250.0,0.21654147324079923,0.0,-13.289178256450265,0.0,-0.0
143937500000.0,0.21654147324079923,0.0,-13.289178256450265,0.0,-0.0
143964843750.0,0.21654147324079923,0.0,-13.289178256450265,0.0,-0.0
143992187500.0,0.21654147324079923,0.0,-13.289178256450265,0.0,-0.0
144019531250.0,0.21654147324079923,0.0,-13.289178256450265,0.0,-0.0
144046875000.0,0.21654147324079923,0.0,-13.289178256450265,0.0,-0.0
144074218750.0,0.21654147324079923,0.0,-13.289178256450265,0.0,-0.0
144101562500.0,0.21654147324079923,0.0,-13.289178256450265,0.0,-0.0
144128906250.0,0.21654147324079923,0.0,-13.289178256450265,0.0,-0.0
144156250000.0,0.21654147324079923,0.0,-13.289178256450265,0.0,-0.0
144183593750.0,0.21654147324079923,0.0,-13.289178256450265,0.0,-0.0
144210937500.0,0.21654147324079923,0.0,-13.289178256450265,0.0,-0.0
144238281250.0,0.21654147324079923,0.0,-13.289178256450265,0.0,-0.0
144265625000.0,0.21654147324079923,0.0,-13.289178256450265,0.0,-0.0
144292968750.0,0.21654147324079923,0.0,-13.289178256450265,0.0,-0.0
144320312500.0,0.21654147324079923,0.0,-13.289178256450265,0.0,-0.0
144347656250.0,0.21654147324079923,0.0,-13.289178256450265,0.0,-0.0
144375000000.0,0.21654147324079923,0.0,-13.289178256450265,0.0,-0.0
144402343750.0,0.21654147324079923,0.0,-13.289178256450265,0.0,-0.0
144429687500.0,0.21654147324079923,0.0,-13.289178256450265,0.0,-0.0
144457031250.0,0.21654147324079923,0.0,-13.289178256450265,0.0,-0.0
144484375000.0,0.21654147324079923,0.0,-13.289178256450265,0.0,-0.0
144511718750.0,0.21654147324079923,0.0,-13.289178256450265,0.0,-0.0
144539062500.0,0.21654147324079923,0.0,-13.289178256450265,0.0,-0.0
144566406250.0,0.21654147324079923,0.0,-13.289178256450265,0.0,-0.0
144593750000.0,0.21654147324079923,0.0,-13.289178256450265,0.0,-0.0
144621093750.0,0.21654147324079923,0.0,-13.289178256450265,0.0,-0.0
144648437500.0,0.21654147324079923,0.0,-13.289178256450265,0.0,-0.0
144675781250.0,0.21654147324079923,0.0,-13.289178256450265,0.0,-0.0
144703125000.0,0.21654147324079923,0.0,-13.289178256450265,0.0,-0.0
144730468750.0,0.21654147324079923,0.0,-13.289178256450265,0.0,-0.0
144757812500.0,0.21654147324079923,0.0,-13.289178256450265,0.0,-0.0
144785156250.0,0.21654147324079923,0.0,-13.289178256450265,0.0,-0.0
144812500000.0,0.21654147324079923,0.0,-13.289178256450265,0.0,-0.0
144839843750.0,0.21654147324079923,0.0,-13.289178256450265,0.0,-0.0
144867187500.0,0.21654147324079923,0.0,-13.289178256450265,0.0,-0.0
144894531250.0,0.21654147324079923,0.0,-13.289178256450265,0.0,-0.0
144921875000.0,0.21654147324079923,0.0,-13.289178256450265,0.0,-0.0
144949218750.0,0.21654147324079923,0.0,-13.289178256450265,0.0,-0.0
144976562500.0,0.21654147324079923,0.0,-13.289178256450265,0.0,-0.0
145003906250.0,0.21654147324079923,0.0,-13.289178256450265,0.0,-0.0
145031250000.0,0.21654147324079923,0.0,-13.289178256450265,0.0,-0.0
145058593750.0,0.21654147324079923,0.0,-13.289178256450265,0.0,-0.0
145085937500.0,0.21654147324079923,0.0,-13.289178256450265,0.0,-0.0
145113281250.0,0.21654147324079923,0.0,-13.289178256450265,0.0,-0.0
145140625000.0,0.21654147324079923,0.0,-13.289178256450265,0.0,-0.0
145167968750.0,0.21654147324079923,0.0,-13.289178256450265,0.0,-0.0
145195312500.0,0.21654147324079923,0.0,-13.289178256450265,0.0,-0.0
145222656250.0,0.21654147324079923,0.0,-13.289178256450265,0.0,-0.0
145250000000.0,0.21654147324079923,0.0,-13.289178256450265,0.0,-0.0
145277343750.0,0.21654147324079923,0.0,-13.289178256450265,0.0,-0.0
145304687500.0,0.21654147324079923,0.0,-13.289178256450265,0.0,-0.0
145332031250.0,0.21654147324079923,0.0,-13.289178256450265,0.0,-0.0
145359375000.0,0.21654147324079923,0.0,-13.289178256450265,0.0,-0.0
145386718750.0,0.21654147324079923,0.0,-13.289178256450265,0.0,-0.0
145414062500.0,0.21654147324079923,0.0,-13.289178256450265,0.0,-0.0
145441406250.0,0.21654147324079923,0.0,-13.289178256450265,0.0,-0.0
145468750000.0,0.21654147324079923,0.0,-13.289178256450265,0.0,-0.0
145496093750.0,0.21654147324079923,0.0,-13.289178256450265,0.0,-0.0
145523437500.0,0.21654147324079923,0.0,-13.289178256450265,0.0,-0.0
145550781250.0,0.21654147324079923,0.0,-13.289178256450265,0.0,-0.0
145578125000.0,0.21654147324079923,0.0,-13.289178256450265,0.0,-0.0
145605468750.0,0.21654147324079923,0.0,-13.289178256450265,0.0,-0.0
145632812500.0,0.21654147324079923,0.0,-13.289178256450265,0.0,-0.0
145660156250.0,0.21654147324079923,0.0,-13.289178256450265,0.0,-0.0
145687500000.0,0.21654147324079923,0.0,-13.289178256450265,0.0,-0.0
145714843750.0,0.21654147324079923,0.0,-13.289178256450265,0.0,-0.0
145742187500.0,0.21654147324079923,0.0,-13.289178256450265,0.0,-0.0
145769531250.0,0.21654147324079923,0.0,-13.289178256450265,0.0,-0.0
145796875000.0,0.21654147324079923,0.0,-13.289178256450265,0.0,-0.0
145824218750.0,0.21654147324079923,0.0,-13.289178256450265,0.0,-0.0
145851562500.0,0.21654147324079923,0.0,-13.289178256450265,0.0,-0.0
145878906250.0,0.21654147324079923,0.0,-13.289178256450265,0.0,-0.0
145906250000.0,0.21654147324079923,0.0,-13.289178256450265,0.0,-0.0
145933593750.0,0.21654147324079923,0.0,-13.289178256450265,0.0,-0.0
145960937500.0,0.21654147324079923,0.0,-13.289178256450265,0.0,-0.0
145988281250.0,0.21654147324079923,0.0,-13.289178256450265,0.0,-0.0
146015625000.0,0.21654147324079923,0.0,-13.289178256450265,0.0,-0.0
146042968750.0,0.21654147324079923,0.0,-13.289178256450265,0.0,-0.0
146070312500.0,0.21654147324079923,0.0,-13.289178256450265,0.0,-0.0
146097656250.0,0.21654147324079923,0.0,-13.289178256450265,0.0,-0.0
146125000000.0,0.21654147324079923,0.0,-13.289178256450265,0.0,-0.0
146152343750.0,0.21654147324079923,0.0,-13.289178256450265,0.0,-0.0
146179687500.0,0.21654147324079923,0.0,-13.289178256450265,0.0,-0.0
146207031250.0,0.21654147324079923,0.0,-13.289178256450265,0.0,-0.0
146234375000.0,0.21654147324079923,0.0,-13.289178256450265,0.0,-0.0
146261718750.0,0.21654147324079923,0.0,-13.289178256450265,0.0,-0.0
146289062500.0,0.21654147324079923,0.0,-13.289178256450265,0.0,-0.0
146316406250.0,0.21654147324079923,0.0,-13.289178256450265,0.0,-0.0
146343750000.0,0.21654147324079923,0.0,-13.289178256450265,0.0,-0.0
146371093750.0,0.21654147324079923,0.0,-13.289178256450265,0.0,-0.0
146398437500.0,0.21654147324079923,0.0,-13.289178256450265,0.0,-0.0
146425781250.0,0.21654147324079923,0.0,-13.289178256450265,0.0,-0.0
146453125000.0,0.21654147324079923,0.0,-13.289178256450265,0.0,-0.0
146480468750.0,0.21654147324079923,0.0,-13.289178256450265,0.0,-0.0
146507812500.0,0.21654147324079923,0.0,-13.289178256450265,0.0,-0.0
146535156250.0,0.21654147324079923,0.0,-13.289178256450265,0.0,-0.0
146562500000.0,0.21654147324079923,0.0,-13.289178256450265,0.0,-0.0
146589843750.0,0.21654147324079923,0.0,-13.289178256450265,0.0,-0.0
146617187500.0,0.21654147324079923,0.0,-13.289178256450265,0.0,-0.0
146644531250.0,0.21654147324079923,0.0,-13.289178256450265,0.0,-0.0
146671875000.0,0.21654147324079923,0.0,-13.289178256450265,0.0,-0.0
146699218750.0,0.21654147324079923,0.0,-13.289178256450265,0.0,-0.0
146726562500.0,0.21654147324079923,0.0,-13.289178256450265,0.0,-0.0
146753906250.0,0.21654147324079923,0.0,-13.289178256450265,0.0,-0.0
146781250000.0,0.21654147324079923,0.0,-13.289178256450265,0.0,-0.0
146808593750.0,0.21654147324079923,0.0,-13.289178256450265,0.0,-0.0
146835937500.0,0.21654147324079923,0.0,-13.289178256450265,0.0,-0.0
146863281250.0,0.21654147324079923,0.0,-13.289178256450265,0.0,-0.0
146890625000.0,0.21654147324079923,0.0,-13.289178256450265,0.0,-0.0
146917968750.0,0.21654147324079923,0.0,-13.289178256450265,0.0,-0.0
146945312500.0,0.21654147324079923,0.0,-13.289178256450265,0.0,-0.0
146972656250.0,0.21654147324079923,0.0,-13.289178256450265,0.0,-0.0
147000000000.0,0.21654147324079923,0.0,-13.289178256450265,0.0,-0.0
147027343750.0,0.21654147324079923,0.0,-13.289178256450265,0.0,-0.0
147054687500.0,0.21654147324079923,0.0,-13.289178256450265,0.0,-0.0
147082031250.0,0.21654147324079923,0.0,-13.289178256450265,0.0,-0.0
147109375000.0,0.21654147324079923,0.0,-13.289178256450265,0.0,-0.0
147136718750.0,0.21654147324079923,0.0,-13.289178256450265,0.0,-0.0
147164062500.0,0.21654147324079923,0.0,-13.289178256450265,0.0,-0.0
147191406250.0,0.21654147324079923,0.0,-13.289178256450265,0.0,-0.0
147218750000.0,0.21654147324079923,0.0,-13.289178256450265,0.0,-0.0
147246093750.0,0.21654147324079923,0.0,-13.289178256450265,0.0,-0.0
147273437500.0,0.21654147324079923,0.0,-13.289178256450265,0.0,-0.0
147300781250.0,0.21654147324079923,0.0,-13.289178256450265,0.0,-0.0
147328125000.0,0.21654147324079923,0.0,-13.289178256450265,0.0,-0.0
147355468750.0,0.21654147324079923,0.0,-13.289178256450265,0.0,-0.0
147382812500.0,0.21654147324079923,0.0,-13.289178256450265,0.0,-0.0
147410156250.0,0.21654147324079923,0.0,-13.289178256450265,0.0,-0.0
147437500000.0,0.21654147324079923,0.0,-13.289178256450265,0.0,-0.0
147464843750.0,0.21654147324079923,0.0,-13.289178256450265,0.0,-0.0
147492187500.0,0.21654147324079923,0.0,-13.289178256450265,0.0,-0.0
147519531250.0,0.21654147324079923,0.0,-13.289178256450265,0.0,-0.0
147546875000.0,0.21654147324079923,0.0,-13.289178256450265,0.0,-0.0
147574218750.0,0.21654147324079923,0.0,-13.289178256450265,0.0,-0.0
147601562500.0,0.21654147324079923,0.0,-13.289178256450265,0.0,-0.0
147628906250.0,0.21654147324079923,0.0,-13.289178256450265,0.0,-0.0
147656250000.0,0.21654147324079923,0.0,-13.289178256450265,0.0,-0.0
147683593750.0,0.21654147324079923,0.0,-13.289178256450265,0.0,-0.0
147710937500.0,0.21654147324079923,0.0,-13.289178256450265,0.0,-0.0
147738281250.0,0.21654147324079923,0.0,-13.289178256450265,0.0,-0.0
147765625000.0,0.21654147324079923,0.0,-13.289178256450265,0.0,-0.0
147792968750.0,0.21654147324079923,0.0,-13.289178256450265,0.0,-0.0
147820312500.0,0.21654147324079923,0.0,-13.289178256450265,0.0,-0.0
147847656250.0,0.21654147324079923,0.0,-13.289178256450265,0.0,-0.0
147875000000.0,0.21654147324079923,0.0,-13.289178256450265,0.0,-0.0
147902343750.0,0.21654147324079923,0.0,-13.289178256450265,0.0,-0.0
147929687500.0,0.21654147324079923,0.0,-13.289178256450265,0.0,-0.0
147957031250.0,0.21654147324079923,0.0,-13.289178256450265,0.0,-0.0
147984375000.0,0.21654147324079923,0.0,-13.289178256450265,0.0,-0.0
148011718750.0,0.21654147324079923,0.0,-13.289178256450265,0.0,-0.0
148039062500.0,0.21654147324079923,0.0,-13.289178256450265,0.0,-0.0
148066406250.0,0.21654147324079923,0.0,-13.289178256450265,0.0,-0.0
148093750000.0,0.21654147324079923,0.0,-13.289178256450265,0.0,-0.0
148121093750.0,0.21654147324079923,0.0,-13.289178256450265,0.0,-0.0
148148437500.0,0.21654147324079923,0.0,-13.289178256450265,0.0,-0.0
148175781250.0,0.21654147324079923,0.0,-13.289178256450265,0.0,-0.0
148203125000.0,0.21654147324079923,0.0,-13.289178256450265,0.0,-0.0
148230468750.0,0.21654147324079923,0.0,-13.289178256450265,0.0,-0.0
148257812500.0,0.21654147324079923,0.0,-13.289178256450265,0.0,-0.0
148285156250.0,0.21654147324079923,0.0,-13.289178256450265,0.0,-0.0
148312500000.0,0.21654147324079923,0.0,-13.289178256450265,0.0,-0.0
148339843750.0,0.21654147324079923,0.0,-13.289178256450265,0.0,-0.0
148367187500.0,0.21654147324079923,0.0,-13.289178256450265,0.0,-0.0
148394531250.0,0.21654147324079923,0.0,-13.289178256450265,0.0,-0.0
148421875000.0,0.21654147324079923,0.0,-13.289178256450265,0.0,-0.0
148449218750.0,0.21654147324079923,0.0,-13.289178256450265,0.0,-0.0
148476562500.0,0.21654147324079923,0.0,-13.289178256450265,0.0,-0.0
148503906250.0,0.21654147324079923,0.0,-13.289178256450265,0.0,-0.0
148531250000.0,0.21654147324079923,0.0,-13.289178256450265,0.0,-0.0
148558593750.0,0.21654147324079923,0.0,-13.289178256450265,0.0,-0.0
148585937500.0,0.21654147324079923,0.0,-13.289178256450265,0.0,-0.0
148613281250.0,0.21654147324079923,0.0,-13.289178256450265,0.0,-0.0
148640625000.0,0.21654147324079923,0.0,-13.289178256450265,0.0,-0.0
148667968750.0,0.21654147324079923,0.0,-13.289178256450265,0.0,-0.0
148695312500.0,0.21654147324079923,0.0,-13.289178256450265,0.0,-0.0
148722656250.0,0.21654147324079923,0.0,-13.289178256450265,0.0,-0.0
148750000000.0,0.21654147324079923,0.0,-13.289178256450265,0.0,-0.0
148777343750.0,0.21654147324079923,0.0,-13.289178256450265,0.0,-0.0
148804687500.0,0.21654147324079923,0.0,-13.289178256450265,0.0,-0.0
148832031250.0,0.21654147324079923,0.0,-13.289178256450265,0.0,-0.0
148859375000.0,0.21654147324079923,0.0,-13.289178256450265,0.0,-0.0
148886718750.0,0.21654147324079923,0.0,-13.289178256450265,0.0,-0.0
148914062500.0,0.21654147324079923,0.0,-13.289178256450265,0.0,-0.0
148941406250.0,0.21654147324079923,0.0,-13.289178256450265,0.0,-0.0
148968750000.0,0.21654147324079923,0.0,-13.289178256450265,0.0,-0.0
148996093750.0,0.21654147324079923,0.0,-13.289178256450265,0.0,-0.0
149023437500.0,0.21654147324079923,0.0,-13.289178256450265,0.0,-0.0
149050781250.0,0.21654147324079923,0.0,-13.289178256450265,0.0,-0.0
149078125000.0,0.21654147324079923,0.0,-13.289178256450265,0.0,-0.0
149105468750.0,0.21654147324079923,0.0,-13.289178256450265,0.0,-0.0
149132812500.0,0.21654147324079923,0.0,-13.289178256450265,0.0,-0.0
149160156250.0,0.21654147324079923,0.0,-13.289178256450265,0.0,-0.0
149187500000.0,0.21654147324079923,0.0,-13.289178256450265,0.0,-0.0
149214843750.0,0.21654147324079923,0.0,-13.289178256450265,0.0,-0.0
149242187500.0,0.21654147324079923,0.0,-13.289178256450265,0.0,-0.0
149269531250.0,0.21654147324079923,0.0,-13.289178256450265,0.0,-0.0
149296875000.0,0.21654147324079923,0.0,-13.289178256450265,0.0,-0.0
149324218750.0,0.21654147324079923,0.0,-13.289178256450265,0.0,-0.0
149351562500.0,0.21654147324079923,0.0,-13.289178256450265,0.0,-0.0
149378906250.0,0.21654147324079923,0.0,-13.289178256450265,0.0,-0.0
149406250000.0,0.21654147324079923,0.0,-13.289178256450265,0.0,-0.0
149433593750.0,0.21654147324079923,0.0,-13.289178256450265,0.0,-0.0
149460937500.0,0.21654147324079923,0.0,-13.289178256450265,0.0,-0.0
149488281250.0,0.21654147324079923,0.0,-13.289178256450265,0.0,-0.0
149515625000.0,0.21654147324079923,0.0,-13.289178256450265,0.0,-0.0
149542968750.0,0.21654147324079923,0.0,-13.289178256450265,0.0,-0.0
149570312500.0,0.21654147324079923,0.0,-13.289178256450265,0.0,-0.0
149597656250.0,0.21654147324079923,0.0,-13.289178256450265,0.0,-0.0
149625000000.0,0.21654147324079923,0.0,-13.289178256450265,0.0,-0.0
149652343750.0,0.21654147324079923,0.0,-13.289178256450265,0.0,-0.0
149679687500.0,0.21654147324079923,0.0,-13.289178256450265,0.0,-0.0
149707031250.0,0.21654147324079923,0.0,-13.289178256450265,0.0,-0.0
149734375000.0,0.21654147324079923,0.0,-13.289178256450265,0.0,-0.0
149761718750.0,0.21654147324079923,0.0,-13.289178256450265,0.0,-0.0
149789062500.0,0.21654147324079923,0.0,-13.289178256450265,0.0,-0.0
149816406250.0,0.21654147324079923,0.0,-13.289178256450265,0.0,-0.0
149843750000.0,0.21654147324079923,0.0,-13.289178256450265,0.0,-0.0
149871093750.0,0.21654147324079923,0.0,-13.289178256450265,0.0,-0.0
149898437500.0,0.21654147324079923,0.0,-13.289178256450265,0.0,-0.0
149925781250.0,0.21654147324079923,0.0,-13.289178256450265,0.0,-0.0
149953125000.0,0.21654147324079923,0.0,-13.289178256450265,0.0,-0.0
149980468750.0,0.21654147324079923,0.0,-13.289178256450265,0.0,-0.0
150007812500.0,0.21654147324079923,0.0,-13.289178256450265,0.0,-0.0
150035156250.0,0.21654147324079923,0.0,-13.289178256450265,0.0,-0.0
150062500000.0,0.21654147324079923,0.0,-13.289178256450265,0.0,-0.0
150089843750.0,0.21654147324079923,0.0,-13.289178256450265,0.0,-0.0
150117187500.0,0.21654147324079923,0.0,-13.289178256450265,0.0,-0.0
150144531250.0,0.21654147324079923,0.0,-13.289178256450265,0.0,-0.0
150171875000.0,0.21654147324079923,0.0,-13.289178256450265,0.0,-0.0
150199218750.0,0.21654147324079923,0.0,-13.289178256450265,0.0,-0.0
150226562500.0,0.21654147324079923,0.0,-13.289178256450265,0.0,-0.0
150253906250.0,0.21654147324079923,0.0,-13.289178256450265,0.0,-0.0
150281250000.0,0.21654147324079923,0.0,-13.289178256450265,0.0,-0.0
150308593750.0,0.21654147324079923,0.0,-13.289178256450265,0.0,-0.0
150335937500.0,0.21654147324079923,0.0,-13.289178256450265,0.0,-0.0
150363281250.0,0.21654147324079923,0.0,-13.289178256450265,0.0,-0.0
150390625000.0,0.21654147324079923,0.0,-13.289178256450265,0.0,-0.0
150417968750.0,0.21654147324079923,0.0,-13.289178256450265,0.0,-0.0
150445312500.0,0.21654147324079923,0.0,-13.289178256450265,0.0,-0.0
150472656250.0,0.21654147324079923,0.0,-13.289178256450265,0.0,-0.0
150500000000.0,0.21654147324079923,0.0,-13.289178256450265,0.0,-0.0
150527343750.0,0.21654147324079923,0.0,-13.289178256450265,0.0,-0.0
150554687500.0,0.21654147324079923,0.0,-13.289178256450265,0.0,-0.0
150582031250.0,0.21654147324079923,0.0,-13.289178256450265,0.0,-0.0
150609375000.0,0.21654147324079923,0.0,-13.289178256450265,0.0,-0.0
150636718750.0,0.21654147324079923,0.0,-13.289178256450265,0.0,-0.0
150664062500.0,0.21654147324079923,0.0,-13.289178256450265,0.0,-0.0
150691406250.0,0.21654147324079923,0.0,-13.289178256450265,0.0,-0.0
150718750000.0,0.21654147324079923,0.0,-13.289178256450265,0.0,-0.0
150746093750.0,0.21654147324079923,0.0,-13.289178256450265,0.0,-0.0
150773437500.0,0.21654147324079923,0.0,-13.289178256450265,0.0,-0.0
150800781250.0,0.21654147324079923,0.0,-13.289178256450265,0.0,-0.0
150828125000.0,0.21654147324079923,0.0,-13.289178256450265,0.0,-0.0
150855468750.0,0.21654147324079923,0.0,-13.289178256450265,0.0,-0.0
150882812500.0,0.21654147324079923,0.0,-13.289178256450265,0.0,-0.0
150910156250.0,0.21654147324079923,0.0,-13.289178256450265,0.0,-0.0
150937500000.0,0.21654147324079923,0.0,-13.289178256450265,0.0,-0.0
150964843750.0,0.21654147324079923,0.0,-13.289178256450265,0.0,-0.0
150992187500.0,0.21654147324079923,0.0,-13.289178256450265,0.0,-0.0
151019531250.0,0.21654147324079923,0.0,-13.289178256450265,0.0,-0.0
151046875000.0,0.21654147324079923,0.0,-13.289178256450265,0.0,-0.0
151074218750.0,0.21654147324079923,0.0,-13.289178256450265,0.0,-0.0
151101562500.0,0.21654147324079923,0.0,-13.289178256450265,0.0,-0.0
151128906250.0,0.21654147324079923,0.0,-13.289178256450265,0.0,-0.0
151156250000.0,0.21654147324079923,0.0,-13.289178256450265,0.0,-0.0
151183593750.0,0.21654147324079923,0.0,-13.289178256450265,0.0,-0.0
151210937500.0,0.21654147324079923,0.0,-13.289178256450265,0.0,-0.0
151238281250.0,0.21654147324079923,0.0,-13.289178256450265,0.0,-0.0
151265625000.0,0.21654147324079923,0.0,-13.289178256450265,0.0,-0.0
151292968750.0,0.21654147324079923,0.0,-13.289178256450265,0.0,-0.0
151320312500.0,0.21654147324079923,0.0,-13.289178256450265,0.0,-0.0
151347656250.0,0.21654147324079923,0.0,-13.289178256450265,0.0,-0.0
151375000000.0,0.21654147324079923,0.0,-13.289178256450265,0.0,-0.0
151402343750.0,0.21654147324079923,0.0,-13.289178256450265,0.0,-0.0
151429687500.0,0.21654147324079923,0.0,-13.289178256450265,0.0,-0.0
151457031250.0,0.21654147324079923,0.0,-13.289178256450265,0.0,-0.0
151484375000.0,0.21654147324079923,0.0,-13.289178256450265,0.0,-0.0
151511718750.0,0.21654147324079923,0.0,-13.289178256450265,0.0,-0.0
151539062500.0,0.21654147324079923,0.0,-13.289178256450265,0.0,-0.0
151566406250.0,0.21654147324079923,0.0,-13.289178256450265,0.0,-0.0
151593750000.0,0.21654147324079923,0.0,-13.289178256450265,0.0,-0.0
151621093750.0,0.21654147324079923,0.0,-13.289178256450265,0.0,-0.0
151648437500.0,0.21654147324079923,0.0,-13.289178256450265,0.0,-0.0
151675781250.0,0.21654147324079923,0.0,-13.289178256450265,0.0,-0.0
151703125000.0,0.21654147324079923,0.0,-13.289178256450265,0.0,-0.0
151730468750.0,0.21654147324079923,0.0,-13.289178256450265,0.0,-0.0
151757812500.0,0.21654147324079923,0.0,-13.289178256450265,0.0,-0.0
151785156250.0,0.21654147324079923,0.0,-13.289178256450265,0.0,-0.0
151812500000.0,0.21654147324079923,0.0,-13.289178256450265,0.0,-0.0
151839843750.0,0.21654147324079923,0.0,-13.289178256450265,0.0,-0.0
151867187500.0,0.21654147324079923,0.0,-13.289178256450265,0.0,-0.0
151894531250.0,0.21654147324079923,0.0,-13.289178256450265,0.0,-0.0
151921875000.0,0.21654147324079923,0.0,-13.289178256450265,0.0,-0.0
151949218750.0,0.21654147324079923,0.0,-13.289178256450265,0.0,-0.0
151976562500.0,0.21654147324079923,0.0,-13.289178256450265,0.0,-0.0
152003906250.0,0.21654147324079923,0.0,-13.289178256450265,0.0,-0.0
152031250000.0,0.21654147324079923,0.0,-13.289178256450265,0.0,-0.0
152058593750.0,0.21654147324079923,0.0,-13.289178256450265,0.0,-0.0
152085937500.0,0.21654147324079923,0.0,-13.289178256450265,0.0,-0.0
152113281250.0,0.21654147324079923,0.0,-13.289178256450265,0.0,-0.0
152140625000.0,0.21654147324079923,0.0,-13.289178256450265,0.0,-0.0
152167968750.0,0.21654147324079923,0.0,-13.289178256450265,0.0,-0.0
152195312500.0,0.21654147324079923,0.0,-13.289178256450265,0.0,-0.0
152222656250.0,0.21654147324079923,0.0,-13.289178256450265,0.0,-0.0
152250000000.0,0.21654147324079923,0.0,-13.289178256450265,0.0,-0.0
152277343750.0,0.21654147324079923,0.0,-13.289178256450265,0.0,-0.0
152304687500.0,0.21654147324079923,0.0,-13.289178256450265,0.0,-0.0
152332031250.0,0.21654147324079923,0.0,-13.289178256450265,0.0,-0.0
152359375000.0,0.21654147324079923,0.0,-13.289178256450265,0.0,-0.0
152386718750.0,0.21654147324079923,0.0,-13.289178256450265,0.0,-0.0
152414062500.0,0.21654147324079923,0.0,-13.289178256450265,0.0,-0.0
152441406250.0,0.21654147324079923,0.0,-13.289178256450265,0.0,-0.0
152468750000.0,0.21654147324079923,0.0,-13.289178256450265,0.0,-0.0
152496093750.0,0.21654147324079923,0.0,-13.289178256450265,0.0,-0.0
152523437500.0,0.21654147324079923,0.0,-13.289178256450265,0.0,-0.0
152550781250.0,0.21654147324079923,0.0,-13.289178256450265,0.0,-0.0
152578125000.0,0.21654147324079923,0.0,-13.289178256450265,0.0,-0.0
152605468750.0,0.21654147324079923,0.0,-13.289178256450265,0.0,-0.0
152632812500.0,0.21654147324079923,0.0,-13.289178256450265,0.0,-0.0
152660156250.0,0.21654147324079923,0.0,-13.289178256450265,0.0,-0.0
152687500000.0,0.21654147324079923,0.0,-13.289178256450265,0.0,-0.0
152714843750.0,0.21654147324079923,0.0,-13.289178256450265,0.0,-0.0
152742187500.0,0.21654147324079923,0.0,-13.289178256450265,0.0,-0.0
152769531250.0,0.21654147324079923,0.0,-13.289178256450265,0.0,-0.0
152796875000.0,0.21654147324079923,0.0,-13.289178256450265,0.0,-0.0
152824218750.0,0.21654147324079923,0.0,-13.289178256450265,0.0,-0.0
152851562500.0,0.21654147324079923,0.0,-13.289178256450265,0.0,-0.0
152878906250.0,0.21654147324079923,0.0,-13.289178256450265,0.0,-0.0
152906250000.0,0.21654147324079923,0.0,-13.289178256450265,0.0,-0.0
152933593750.0,0.21654147324079923,0.0,-13.289178256450265,0.0,-0.0
152960937500.0,0.21654147324079923,0.0,-13.289178256450265,0.0,-0.0
152988281250.0,0.21654147324079923,0.0,-13.289178256450265,0.0,-0.0
153015625000.0,0.21654147324079923,0.0,-13.289178256450265,0.0,-0.0
153042968750.0,0.21654147324079923,0.0,-13.289178256450265,0.0,-0.0
153070312500.0,0.21654147324079923,0.0,-13.289178256450265,0.0,-0.0
153097656250.0,0.21654147324079923,0.0,-13.289178256450265,0.0,-0.0
153125000000.0,0.21654147324079923,0.0,-13.289178256450265,0.0,-0.0
153152343750.0,0.21654147324079923,0.0,-13.289178256450265,0.0,-0.0
153179687500.0,0.21654147324079923,0.0,-13.289178256450265,0.0,-0.0
153207031250.0,0.21654147324079923,0.0,-13.289178256450265,0.0,-0.0
153234375000.0,0.21654147324079923,0.0,-13.289178256450265,0.0,-0.0
153261718750.0,0.21654147324079923,0.0,-13.289178256450265,0.0,-0.0
153289062500.0,0.21654147324079923,0.0,-13.289178256450265,0.0,-0.0
153316406250.0,0.21654147324079923,0.0,-13.289178256450265,0.0,-0.0
153343750000.0,0.21654147324079923,0.0,-13.289178256450265,0.0,-0.0
153371093750.0,0.21654147324079923,0.0,-13.289178256450265,0.0,-0.0
153398437500.0,0.21654147324079923,0.0,-13.289178256450265,0.0,-0.0
153425781250.0,0.21654147324079923,0.0,-13.289178256450265,0.0,-0.0
153453125000.0,0.21654147324079923,0.0,-13.289178256450265,0.0,-0.0
153480468750.0,0.21654147324079923,0.0,-13.289178256450265,0.0,-0.0
153507812500.0,0.21654147324079923,0.0,-13.289178256450265,0.0,-0.0
153535156250.0,0.21654147324079923,0.0,-13.289178256450265,0.0,-0.0
153562500000.0,0.21654147324079923,0.0,-13.289178256450265,0.0,-0.0
153589843750.0,0.21654147324079923,0.0,-13.289178256450265,0.0,-0.0
153617187500.0,0.21654147324079923,0.0,-13.289178256450265,0.0,-0.0
153644531250.0,0.21654147324079923,0.0,-13.289178256450265,0.0,-0.0
153671875000.0,0.21654147324079923,0.0,-13.289178256450265,0.0,-0.0
153699218750.0,0.21654147324079923,0.0,-13.289178256450265,0.0,-0.0
153726562500.0,0.21654147324079923,0.0,-13.289178256450265,0.0,-0.0
153753906250.0,0.21654147324079923,0.0,-13.289178256450265,0.0,-0.0
153781250000.0,0.21654147324079923,0.0,-13.289178256450265,0.0,-0.0
153808593750.0,0.21654147324079923,0.0,-13.289178256450265,0.0,-0.0
153835937500.0,0.21654147324079923,0.0,-13.289178256450265,0.0,-0.0
153863281250.0,0.21654147324079923,0.0,-13.289178256450265,0.0,-0.0
153890625000.0,0.21654147324079923,0.0,-13.289178256450265,0.0,-0.0
153917968750.0,0.21654147324079923,0.0,-13.289178256450265,0.0,-0.0
153945312500.0,0.21654147324079923,0.0,-13.289178256450265,0.0,-0.0
153972656250.0,0.21654147324079923,0.0,-13.289178256450265,0.0,-0.0
154000000000.0,0.21654147324079923,0.0,-13.289178256450265,0.0,-0.0
154027343750.0,0.21654147324079923,0.0,-13.289178256450265,0.0,-0.0
154054687500.0,0.21654147324079923,0.0,-13.289178256450265,0.0,-0.0
154082031250.0,0.21654147324079923,0.0,-13.289178256450265,0.0,-0.0
154109375000.0,0.21654147324079923,0.0,-13.289178256450265,0.0,-0.0
154136718750.0,0.21654147324079923,0.0,-13.289178256450265,0.0,-0.0
154164062500.0,0.21654147324079923,0.0,-13.289178256450265,0.0,-0.0
154191406250.0,0.21654147324079923,0.0,-13.289178256450265,0.0,-0.0
154218750000.0,0.21654147324079923,0.0,-13.289178256450265,0.0,-0.0
154246093750.0,0.21654147324079923,0.0,-13.289178256450265,0.0,-0.0
154273437500.0,0.21654147324079923,0.0,-13.289178256450265,0.0,-0.0
154300781250.0,0.21654147324079923,0.0,-13.289178256450265,0.0,-0.0
154328125000.0,0.21654147324079923,0.0,-13.289178256450265,0.0,-0.0
154355468750.0,0.21654147324079923,0.0,-13.289178256450265,0.0,-0.0
154382812500.0,0.21654147324079923,0.0,-13.289178256450265,0.0,-0.0
154410156250.0,0.21654147324079923,0.0,-13.289178256450265,0.0,-0.0
154437500000.0,0.21654147324079923,0.0,-13.289178256450265,0.0,-0.0
154464843750.0,0.21654147324079923,0.0,-13.289178256450265,0.0,-0.0
154492187500.0,0.21654147324079923,0.0,-13.289178256450265,0.0,-0.0
154519531250.0,0.21654147324079923,0.0,-13.289178256450265,0.0,-0.0
154546875000.0,0.21654147324079923,0.0,-13.289178256450265,0.0,-0.0
154574218750.0,0.21654147324079923,0.0,-13.289178256450265,0.0,-0.0
154601562500.0,0.21654147324079923,0.0,-13.289178256450265,0.0,-0.0
154628906250.0,0.21654147324079923,0.0,-13.289178256450265,0.0,-0.0
154656250000.0,0.21654147324079923,0.0,-13.289178256450265,0.0,-0.0
154683593750.0,0.21654147324079923,0.0,-13.289178256450265,0.0,-0.0
154710937500.0,0.21654147324079923,0.0,-13.289178256450265,0.0,-0.0
154738281250.0,0.21654147324079923,0.0,-13.289178256450265,0.0,-0.0
154765625000.0,0.21654147324079923,0.0,-13.289178256450265,0.0,-0.0
154792968750.0,0.21654147324079923,0.0,-13.289178256450265,0.0,-0.0
154820312500.0,0.21654147324079923,0.0,-13.289178256450265,0.0,-0.0
154847656250.0,0.21654147324079923,0.0,-13.289178256450265,0.0,-0.0
154875000000.0,0.21654147324079923,0.0,-13.289178256450265,0.0,-0.0
154902343750.0,0.21654147324079923,0.0,-13.289178256450265,0.0,-0.0
154929687500.0,0.21654147324079923,0.0,-13.289178256450265,0.0,-0.0
154957031250.0,0.21654147324079923,0.0,-13.289178256450265,0.0,-0.0
154984375000.0,0.21654147324079923,0.0,-13.289178256450265,0.0,-0.0
155011718750.0,0.21654147324079923,0.0,-13.289178256450265,0.0,-0.0
155039062500.0,0.21654147324079923,0.0,-13.289178256450265,0.0,-0.0
155066406250.0,0.21654147324079923,0.0,-13.289178256450265,0.0,-0.0
155093750000.0,0.21654147324079923,0.0,-13.289178256450265,0.0,-0.0
155121093750.0,0.21654147324079923,0.0,-13.289178256450265,0.0,-0.0
155148437500.0,0.21654147324079923,0.0,-13.289178256450265,0.0,-0.0
155175781250.0,0.21654147324079923,0.0,-13.289178256450265,0.0,-0.0
155203125000.0,0.21654147324079923,0.0,-13.289178256450265,0.0,-0.0
155230468750.0,0.21654147324079923,0.0,-13.289178256450265,0.0,-0.0
155257812500.0,0.21654147324079923,0.0,-13.289178256450265,0.0,-0.0
155285156250.0,0.21654147324079923,0.0,-13.289178256450265,0.0,-0.0
155312500000.0,0.21654147324079923,0.0,-13.289178256450265,0.0,-0.0
155339843750.0,0.21654147324079923,0.0,-13.289178256450265,0.0,-0.0
155367187500.0,0.21654147324079923,0.0,-13.289178256450265,0.0,-0.0
155394531250.0,0.21654147324079923,0.0,-13.289178256450265,0.0,-0.0
155421875000.0,0.21654147324079923,0.0,-13.289178256450265,0.0,-0.0
155449218750.0,0.21654147324079923,0.0,-13.289178256450265,0.0,-0.0
155476562500.0,0.21654147324079923,0.0,-13.289178256450265,0.0,-0.0
155503906250.0,0.21654147324079923,0.0,-13.289178256450265,0.0,-0.0
155531250000.0,0.21654147324079923,0.0,-13.289178256450265,0.0,-0.0
155558593750.0,0.21654147324079923,0.0,-13.289178256450265,0.0,-0.0
155585937500.0,0.21654147324079923,0.0,-13.289178256450265,0.0,-0.0
155613281250.0,0.21654147324079923,0.0,-13.289178256450265,0.0,-0.0
155640625000.0,0.21654147324079923,0.0,-13.289178256450265,0.0,-0.0
155667968750.0,0.21654147324079923,0.0,-13.289178256450265,0.0,-0.0
155695312500.0,0.21654147324079923,0.0,-13.289178256450265,0.0,-0.0
155722656250.0,0.21654147324079923,0.0,-13.289178256450265,0.0,-0.0
155750000000.0,0.21654147324079923,0.0,-13.289178256450265,0.0,-0.0
155777343750.0,0.21654147324079923,0.0,-13.289178256450265,0.0,-0.0
155804687500.0,0.21654147324079923,0.0,-13.289178256450265,0.0,-0.0
155832031250.0,0.21654147324079923,0.0,-13.289178256450265,0.0,-0.0
155859375000.0,0.21654147324079923,0.0,-13.289178256450265,0.0,-0.0
155886718750.0,0.21654147324079923,0.0,-13.289178256450265,0.0,-0.0
155914062500.0,0.21654147324079923,0.0,-13.289178256450265,0.0,-0.0
155941406250.0,0.21654147324079923,0.0,-13.289178256450265,0.0,-0.0
155968750000.0,0.21654147324079923,0.0,-13.289178256450265,0.0,-0.0
155996093750.0,0.21654147324079923,0.0,-13.289178256450265,0.0,-0.0
156023437500.0,0.21654147324079923,0.0,-13.289178256450265,0.0,-0.0
156050781250.0,0.21654147324079923,0.0,-13.289178256450265,0.0,-0.0
156078125000.0,0.21654147324079923,0.0,-13.289178256450265,0.0,-0.0
156105468750.0,0.21654147324079923,0.0,-13.289178256450265,0.0,-0.0
156132812500.0,0.21654147324079923,0.0,-13.289178256450265,0.0,-0.0
156160156250.0,0.21654147324079923,0.0,-13.289178256450265,0.0,-0.0
156187500000.0,0.21654147324079923,0.0,-13.289178256450265,0.0,-0.0
156214843750.0,0.21654147324079923,0.0,-13.289178256450265,0.0,-0.0
156242187500.0,0.21654147324079923,0.0,-13.289178256450265,0.0,-0.0
156269531250.0,0.21654147324079923,0.0,-13.289178256450265,0.0,-0.0
156296875000.0,0.21654147324079923,0.0,-13.289178256450265,0.0,-0.0
156324218750.0,0.21654147324079923,0.0,-13.289178256450265,0.0,-0.0
156351562500.0,0.21654147324079923,0.0,-13.289178256450265,0.0,-0.0
156378906250.0,0.21654147324079923,0.0,-13.289178256450265,0.0,-0.0
156406250000.0,0.21654147324079923,0.0,-13.289178256450265,0.0,-0.0
156433593750.0,0.21654147324079923,0.0,-13.289178256450265,0.0,-0.0
156460937500.0,0.21654147324079923,0.0,-13.289178256450265,0.0,-0.0
156488281250.0,0.21654147324079923,0.0,-13.289178256450265,0.0,-0.0
156515625000.0,0.21654147324079923,0.0,-13.289178256450265,0.0,-0.0
156542968750.0,0.21654147324079923,0.0,-13.289178256450265,0.0,-0.0
156570312500.0,0.21654147324079923,0.0,-13.289178256450265,0.0,-0.0
156597656250.0,0.21654147324079923,0.0,-13.289178256450265,0.0,-0.0
156625000000.0,0.21654147324079923,0.0,-13.289178256450265,0.0,-0.0
156652343750.0,0.21654147324079923,0.0,-13.289178256450265,0.0,-0.0
156679687500.0,0.21654147324079923,0.0,-13.289178256450265,0.0,-0.0
156707031250.0,0.21654147324079923,0.0,-13.289178256450265,0.0,-0.0
156734375000.0,0.21654147324079923,0.0,-13.289178256450265,0.0,-0.0
156761718750.0,0.21654147324079923,0.0,-13.289178256450265,0.0,-0.0
156789062500.0,0.21654147324079923,0.0,-13.289178256450265,0.0,-0.0
156816406250.0,0.21654147324079923,0.0,-13.289178256450265,0.0,-0.0
156843750000.0,0.21654147324079923,0.0,-13.289178256450265,0.0,-0.0
156871093750.0,0.21654147324079923,0.0,-13.289178256450265,0.0,-0.0
156898437500.0,0.21654147324079923,0.0,-13.289178256450265,0.0,-0.0
156925781250.0,0.21654147324079923,0.0,-13.289178256450265,0.0,-0.0
156953125000.0,0.21654147324079923,0.0,-13.289178256450265,0.0,-0.0
156980468750.0,0.21654147324079923,0.0,-13.289178256450265,0.0,-0.0
157007812500.0,0.21654147324079923,0.0,-13.289178256450265,0.0,-0.0
157035156250.0,0.21654147324079923,0.0,-13.289178256450265,0.0,-0.0
157062500000.0,0.21654147324079923,0.0,-13.289178256450265,0.0,-0.0
157089843750.0,0.21654147324079923,0.0,-13.289178256450265,0.0,-0.0
157117187500.0,0.21654147324079923,0.0,-13.289178256450265,0.0,-0.0
157144531250.0,0.21654147324079923,0.0,-13.289178256450265,0.0,-0.0
157171875000.0,0.21654147324079923,0.0,-13.289178256450265,0.0,-0.0
157199218750.0,0.21654147324079923,0.0,-13.289178256450265,0.0,-0.0
157226562500.0,0.21654147324079923,0.0,-13.289178256450265,0.0,-0.0
157253906250.0,0.21654147324079923,0.0,-13.289178256450265,0.0,-0.0
157281250000.0,0.21654147324079923,0.0,-13.289178256450265,0.0,-0.0
157308593750.0,0.21654147324079923,0.0,-13.289178256450265,0.0,-0.0
157335937500.0,0.21654147324079923,0.0,-13.289178256450265,0.0,-0.0
157363281250.0,0.21654147324079923,0.0,-13.289178256450265,0.0,-0.0
157390625000.0,0.21654147324079923,0.0,-13.289178256450265,0.0,-0.0
157417968750.0,0.21654147324079923,0.0,-13.289178256450265,0.0,-0.0
157445312500.0,0.21654147324079923,0.0,-13.289178256450265,0.0,-0.0
157472656250.0,0.21654147324079923,0.0,-13.289178256450265,0.0,-0.0
157500000000.0,0.21654147324079923,0.0,-13.289178256450265,0.0,-0.0
157527343750.0,0.21654147324079923,0.0,-13.289178256450265,0.0,-0.0
157554687500.0,0.21654147324079923,0.0,-13.289178256450265,0.0,-0.0
157582031250.0,0.21654147324079923,0.0,-13.289178256450265,0.0,-0.0
157609375000.0,0.21654147324079923,0.0,-13.289178256450265,0.0,-0.0
157636718750.0,0.21654147324079923,0.0,-13.289178256450265,0.0,-0.0
157664062500.0,0.21654147324079923,0.0,-13.289178256450265,0.0,-0.0
157691406250.0,0.21654147324079923,0.0,-13.289178256450265,0.0,-0.0
157718750000.0,0.21654147324079923,0.0,-13.289178256450265,0.0,-0.0
157746093750.0,0.21654147324079923,0.0,-13.289178256450265,0.0,-0.0
157773437500.0,0.21654147324079923,0.0,-13.289178256450265,0.0,-0.0
157800781250.0,0.21654147324079923,0.0,-13.289178256450265,0.0,-0.0
157828125000.0,0.21654147324079923,0.0,-13.289178256450265,0.0,-0.0
157855468750.0,0.21654147324079923,0.0,-13.289178256450265,0.0,-0.0
157882812500.0,0.21654147324079923,0.0,-13.289178256450265,0.0,-0.0
157910156250.0,0.21654147324079923,0.0,-13.289178256450265,0.0,-0.0
157937500000.0,0.21654147324079923,0.0,-13.289178256450265,0.0,-0.0
157964843750.0,0.21654147324079923,0.0,-13.289178256450265,0.0,-0.0
157992187500.0,0.21654147324079923,0.0,-13.289178256450265,0.0,-0.0
158019531250.0,0.21654147324079923,0.0,-13.289178256450265,0.0,-0.0
158046875000.0,0.21654147324079923,0.0,-13.289178256450265,0.0,-0.0
158074218750.0,0.21654147324079923,0.0,-13.289178256450265,0.0,-0.0
158101562500.0,0.21654147324079923,0.0,-13.289178256450265,0.0,-0.0
158128906250.0,0.21654147324079923,0.0,-13.289178256450265,0.0,-0.0
158156250000.0,0.21654147324079923,0.0,-13.289178256450265,0.0,-0.0
158183593750.0,0.21654147324079923,0.0,-13.289178256450265,0.0,-0.0
158210937500.0,0.21654147324079923,0.0,-13.289178256450265,0.0,-0.0
158238281250.0,0.21654147324079923,0.0,-13.289178256450265,0.0,-0.0
158265625000.0,0.21654147324079923,0.0,-13.289178256450265,0.0,-0.0
158292968750.0,0.21654147324079923,0.0,-13.289178256450265,0.0,-0.0
158320312500.0,0.21654147324079923,0.0,-13.289178256450265,0.0,-0.0
158347656250.0,0.21654147324079923,0.0,-13.289178256450265,0.0,-0.0
158375000000.0,0.21654147324079923,0.0,-13.289178256450265,0.0,-0.0
158402343750.0,0.21654147324079923,0.0,-13.289178256450265,0.0,-0.0
158429687500.0,0.21654147324079923,0.0,-13.289178256450265,0.0,-0.0
158457031250.0,0.21654147324079923,0.0,-13.289178256450265,0.0,-0.0
158484375000.0,0.21654147324079923,0.0,-13.289178256450265,0.0,-0.0
158511718750.0,0.21654147324079923,0.0,-13.289178256450265,0.0,-0.0
158539062500.0,0.21654147324079923,0.0,-13.289178256450265,0.0,-0.0
158566406250.0,0.21654147324079923,0.0,-13.289178256450265,0.0,-0.0
158593750000.0,0.21654147324079923,0.0,-13.289178256450265,0.0,-0.0
158621093750.0,0.21654147324079923,0.0,-13.289178256450265,0.0,-0.0
158648437500.0,0.21654147324079923,0.0,-13.289178256450265,0.0,-0.0
158675781250.0,0.21654147324079923,0.0,-13.289178256450265,0.0,-0.0
158703125000.0,0.21654147324079923,0.0,-13.289178256450265,0.0,-0.0
158730468750.0,0.21654147324079923,0.0,-13.289178256450265,0.0,-0.0
158757812500.0,0.21654147324079923,0.0,-13.289178256450265,0.0,-0.0
158785156250.0,0.21654147324079923,0.0,-13.289178256450265,0.0,-0.0
158812500000.0,0.21654147324079923,0.0,-13.289178256450265,0.0,-0.0
158839843750.0,0.21654147324079923,0.0,-13.289178256450265,0.0,-0.0
158867187500.0,0.21654147324079923,0.0,-13.289178256450265,0.0,-0.0
158894531250.0,0.21654147324079923,0.0,-13.289178256450265,0.0,-0.0
158921875000.0,0.21654147324079923,0.0,-13.289178256450265,0.0,-0.0
158949218750.0,0.21654147324079923,0.0,-13.289178256450265,0.0,-0.0
158976562500.0,0.21654147324079923,0.0,-13.289178256450265,0.0,-0.0
159003906250.0,0.21654147324079923,0.0,-13.289178256450265,0.0,-0.0
159031250000.0,0.21654147324079923,0.0,-13.289178256450265,0.0,-0.0
159058593750.0,0.21654147324079923,0.0,-13.289178256450265,0.0,-0.0
159085937500.0,0.21654147324079923,0.0,-13.289178256450265,0.0,-0.0
159113281250.0,0.21654147324079923,0.0,-13.289178256450265,0.0,-0.0
159140625000.0,0.21654147324079923,0.0,-13.289178256450265,0.0,-0.0
159167968750.0,0.21654147324079923,0.0,-13.289178256450265,0.0,-0.0
159195312500.0,0.21654147324079923,0.0,-13.289178256450265,0.0,-0.0
159222656250.0,0.21654147324079923,0.0,-13.289178256450265,0.0,-0.0
159250000000.0,0.21654147324079923,0.0,-13.289178256450265,0.0,-0.0
159277343750.0,0.21654147324079923,0.0,-13.289178256450265,0.0,-0.0
159304687500.0,0.21654147324079923,0.0,-13.289178256450265,0.0,-0.0
159332031250.0,0.21654147324079923,0.0,-13.289178256450265,0.0,-0.0
159359375000.0,0.21654147324079923,0.0,-13.289178256450265,0.0,-0.0
159386718750.0,0.21654147324079923,0.0,-13.289178256450265,0.0,-0.0
159414062500.0,0.21654147324079923,0.0,-13.289178256450265,0.0,-0.0
159441406250.0,0.21654147324079923,0.0,-13.289178256450265,0.0,-0.0
159468750000.0,0.21654147324079923,0.0,-13.289178256450265,0.0,-0.0
159496093750.0,0.21654147324079923,0.0,-13.289178256450265,0.0,-0.0
159523437500.0,0.21654147324079923,0.0,-13.289178256450265,0.0,-0.0
159550781250.0,0.21654147324079923,0.0,-13.289178256450265,0.0,-0.0
159578125000.0,0.21654147324079923,0.0,-13.289178256450265,0.0,-0.0
159605468750.0,0.21654147324079923,0.0,-13.289178256450265,0.0,-0.0
159632812500.0,0.21654147324079923,0.0,-13.289178256450265,0.0,-0.0
159660156250.0,0.21654147324079923,0.0,-13.289178256450265,0.0,-0.0
159687500000.0,0.21654147324079923,0.0,-13.289178256450265,0.0,-0.0
159714843750.0,0.21654147324079923,0.0,-13.289178256450265,0.0,-0.0
159742187500.0,0.21654147324079923,0.0,-13.289178256450265,0.0,-0.0
159769531250.0,0.21654147324079923,0.0,-13.289178256450265,0.0,-0.0
159796875000.0,0.21654147324079923,0.0,-13.289178256450265,0.0,-0.0
159824218750.0,0.21654147324079923,0.0,-13.289178256450265,0.0,-0.0
159851562500.0,0.21654147324079923,0.0,-13.289178256450265,0.0,-0.0
159878906250.0,0.21654147324079923,0.0,-13.289178256450265,0.0,-0.0
159906250000.0,0.21654147324079923,0.0,-13.289178256450265,0.0,-0.0
159933593750.0,0.21654147324079923,0.0,-13.289178256450265,0.0,-0.0
159960937500.0,0.21654147324079923,0.0,-13.289178256450265,0.0,-0.0
159988281250.0,0.21654147324079923,0.0,-13.289178256450265,0.0,-0.0
160015625000.0,0.21654147324079923,0.0,-13.289178256450265,0.0,-0.0
160042968750.0,0.21654147324079923,0.0,-13.289178256450265,0.0,-0.0
160070312500.0,0.21654147324079923,0.0,-13.289178256450265,0.0,-0.0
160097656250.0,0.21654147324079923,0.0,-13.289178256450265,0.0,-0.0
160125000000.0,0.21654147324079923,0.0,-13.289178256450265,0.0,-0.0
160152343750.0,0.21654147324079923,0.0,-13.289178256450265,0.0,-0.0
160179687500.0,0.21654147324079923,0.0,-13.289178256450265,0.0,-0.0
160207031250.0,0.21654147324079923,0.0,-13.289178256450265,0.0,-0.0
160234375000.0,0.21654147324079923,0.0,-13.289178256450265,0.0,-0.0
160261718750.0,0.21654147324079923,0.0,-13.289178256450265,0.0,-0.0
160289062500.0,0.21654147324079923,0.0,-13.289178256450265,0.0,-0.0
160316406250.0,0.21654147324079923,0.0,-13.289178256450265,0.0,-0.0
160343750000.0,0.21654147324079923,0.0,-13.289178256450265,0.0,-0.0
160371093750.0,0.21654147324079923,0.0,-13.289178256450265,0.0,-0.0
160398437500.0,0.21654147324079923,0.0,-13.289178256450265,0.0,-0.0
160425781250.0,0.21654147324079923,0.0,-13.289178256450265,0.0,-0.0
160453125000.0,0.21654147324079923,0.0,-13.289178256450265,0.0,-0.0
160480468750.0,0.21654147324079923,0.0,-13.289178256450265,0.0,-0.0
160507812500.0,0.21654147324079923,0.0,-13.289178256450265,0.0,-0.0
160535156250.0,0.21654147324079923,0.0,-13.289178256450265,0.0,-0.0
160562500000.0,0.21654147324079923,0.0,-13.289178256450265,0.0,-0.0
160589843750.0,0.21654147324079923,0.0,-13.289178256450265,0.0,-0.0
160617187500.0,0.21654147324079923,0.0,-13.289178256450265,0.0,-0.0
160644531250.0,0.21654147324079923,0.0,-13.289178256450265,0.0,-0.0
160671875000.0,0.21654147324079923,0.0,-13.289178256450265,0.0,-0.0
160699218750.0,0.21654147324079923,0.0,-13.289178256450265,0.0,-0.0
160726562500.0,0.21654147324079923,0.0,-13.289178256450265,0.0,-0.0
160753906250.0,0.21654147324079923,0.0,-13.289178256450265,0.0,-0.0
160781250000.0,0.21654147324079923,0.0,-13.289178256450265,0.0,-0.0
160808593750.0,0.21654147324079923,0.0,-13.289178256450265,0.0,-0.0
160835937500.0,0.21654147324079923,0.0,-13.289178256450265,0.0,-0.0
160863281250.0,0.21654147324079923,0.0,-13.289178256450265,0.0,-0.0
160890625000.0,0.21654147324079923,0.0,-13.289178256450265,0.0,-0.0
160917968750.0,0.21654147324079923,0.0,-13.289178256450265,0.0,-0.0
160945312500.0,0.21654147324079923,0.0,-13.289178256450265,0.0,-0.0
160972656250.0,0.21654147324079923,0.0,-13.289178256450265,0.0,-0.0
161000000000.0,0.21654147324079923,0.0,-13.289178256450265,0.0,-0.0
161027343750.0,0.21654147324079923,0.0,-13.289178256450265,0.0,-0.0
161054687500.0,0.21654147324079923,0.0,-13.289178256450265,0.0,-0.0
161082031250.0,0.21654147324079923,0.0,-13.289178256450265,0.0,-0.0
161109375000.0,0.21654147324079923,0.0,-13.289178256450265,0.0,-0.0
161136718750.0,0.21654147324079923,0.0,-13.289178256450265,0.0,-0.0
161164062500.0,0.21654147324079923,0.0,-13.289178256450265,0.0,-0.0
161191406250.0,0.21654147324079923,0.0,-13.289178256450265,0.0,-0.0
161218750000.0,0.21654147324079923,0.0,-13.289178256450265,0.0,-0.0
161246093750.0,0.21654147324079923,0.0,-13.289178256450265,0.0,-0.0
161273437500.0,0.21654147324079923,0.0,-13.289178256450265,0.0,-0.0
161300781250.0,0.21654147324079923,0.0,-13.289178256450265,0.0,-0.0
161328125000.0,0.21654147324079923,0.0,-13.289178256450265,0.0,-0.0
161355468750.0,0.21654147324079923,0.0,-13.289178256450265,0.0,-0.0
161382812500.0,0.21654147324079923,0.0,-13.289178256450265,0.0,-0.0
161410156250.0,0.21654147324079923,0.0,-13.289178256450265,0.0,-0.0
161437500000.0,0.21654147324079923,0.0,-13.289178256450265,0.0,-0.0
161464843750.0,0.21654147324079923,0.0,-13.289178256450265,0.0,-0.0
161492187500.0,0.21654147324079923,0.0,-13.289178256450265,0.0,-0.0
161519531250.0,0.21654147324079923,0.0,-13.289178256450265,0.0,-0.0
161546875000.0,0.21654147324079923,0.0,-13.289178256450265,0.0,-0.0
161574218750.0,0.21654147324079923,0.0,-13.289178256450265,0.0,-0.0
161601562500.0,0.21654147324079923,0.0,-13.289178256450265,0.0,-0.0
161628906250.0,0.21654147324079923,0.0,-13.289178256450265,0.0,-0.0
161656250000.0,0.21654147324079923,0.0,-13.289178256450265,0.0,-0.0
161683593750.0,0.21654147324079923,0.0,-13.289178256450265,0.0,-0.0
161710937500.0,0.21654147324079923,0.0,-13.289178256450265,0.0,-0.0
161738281250.0,0.21654147324079923,0.0,-13.289178256450265,0.0,-0.0
161765625000.0,0.21654147324079923,0.0,-13.289178256450265,0.0,-0.0
161792968750.0,0.21654147324079923,0.0,-13.289178256450265,0.0,-0.0
161820312500.0,0.21654147324079923,0.0,-13.289178256450265,0.0,-0.0
161847656250.0,0.21654147324079923,0.0,-13.289178256450265,0.0,-0.0
161875000000.0,0.21654147324079923,0.0,-13.289178256450265,0.0,-0.0
161902343750.0,0.21654147324079923,0.0,-13.289178256450265,0.0,-0.0
161929687500.0,0.21654147324079923,0.0,-13.289178256450265,0.0,-0.0
161957031250.0,0.21654147324079923,0.0,-13.289178256450265,0.0,-0.0
161984375000.0,0.21654147324079923,0.0,-13.289178256450265,0.0,-0.0
162011718750.0,0.21654147324079923,0.0,-13.289178256450265,0.0,-0.0
162039062500.0,0.21654147324079923,0.0,-13.289178256450265,0.0,-0.0
162066406250.0,0.21654147324079923,0.0,-13.289178256450265,0.0,-0.0
162093750000.0,0.21654147324079923,0.0,-13.289178256450265,0.0,-0.0
162121093750.0,0.21654147324079923,0.0,-13.289178256450265,0.0,-0.0
162148437500.0,0.21654147324079923,0.0,-13.289178256450265,0.0,-0.0
162175781250.0,0.21654147324079923,0.0,-13.289178256450265,0.0,-0.0
162203125000.0,0.21654147324079923,0.0,-13.289178256450265,0.0,-0.0
162230468750.0,0.21654147324079923,0.0,-13.289178256450265,0.0,-0.0
162257812500.0,0.21654147324079923,0.0,-13.289178256450265,0.0,-0.0
162285156250.0,0.21654147324079923,0.0,-13.289178256450265,0.0,-0.0
162312500000.0,0.21654147324079923,0.0,-13.289178256450265,0.0,-0.0
162339843750.0,0.21654147324079923,0.0,-13.289178256450265,0.0,-0.0
162367187500.0,0.21654147324079923,0.0,-13.289178256450265,0.0,-0.0
162394531250.0,0.21654147324079923,0.0,-13.289178256450265,0.0,-0.0
162421875000.0,0.21654147324079923,0.0,-13.289178256450265,0.0,-0.0
162449218750.0,0.21654147324079923,0.0,-13.289178256450265,0.0,-0.0
162476562500.0,0.21654147324079923,0.0,-13.289178256450265,0.0,-0.0
162503906250.0,0.21654147324079923,0.0,-13.289178256450265,0.0,-0.0
162531250000.0,0.21654147324079923,0.0,-13.289178256450265,0.0,-0.0
162558593750.0,0.21654147324079923,0.0,-13.289178256450265,0.0,-0.0
162585937500.0,0.21654147324079923,0.0,-13.289178256450265,0.0,-0.0
162613281250.0,0.21654147324079923,0.0,-13.289178256450265,0.0,-0.0
162640625000.0,0.21654147324079923,0.0,-13.289178256450265,0.0,-0.0
162667968750.0,0.21654147324079923,0.0,-13.289178256450265,0.0,-0.0
162695312500.0,0.21654147324079923,0.0,-13.289178256450265,0.0,-0.0
162722656250.0,0.21654147324079923,0.0,-13.289178256450265,0.0,-0.0
162750000000.0,0.21654147324079923,0.0,-13.289178256450265,0.0,-0.0
162777343750.0,0.21654147324079923,0.0,-13.289178256450265,0.0,-0.0
162804687500.0,0.21654147324079923,0.0,-13.289178256450265,0.0,-0.0
162832031250.0,0.21654147324079923,0.0,-13.289178256450265,0.0,-0.0
162859375000.0,0.21654147324079923,0.0,-13.289178256450265,0.0,-0.0
162886718750.0,0.21654147324079923,0.0,-13.289178256450265,0.0,-0.0
162914062500.0,0.21654147324079923,0.0,-13.289178256450265,0.0,-0.0
162941406250.0,0.21654147324079923,0.0,-13.289178256450265,0.0,-0.0
162968750000.0,0.21654147324079923,0.0,-13.289178256450265,0.0,-0.0
162996093750.0,0.21654147324079923,0.0,-13.289178256450265,0.0,-0.0
163023437500.0,0.21654147324079923,0.0,-13.289178256450265,0.0,-0.0
163050781250.0,0.21654147324079923,0.0,-13.289178256450265,0.0,-0.0
163078125000.0,0.21654147324079923,0.0,-13.289178256450265,0.0,-0.0
163105468750.0,0.21654147324079923,0.0,-13.289178256450265,0.0,-0.0
163132812500.0,0.21654147324079923,0.0,-13.289178256450265,0.0,-0.0
163160156250.0,0.21654147324079923,0.0,-13.289178256450265,0.0,-0.0
163187500000.0,0.21654147324079923,0.0,-13.289178256450265,0.0,-0.0
163214843750.0,0.21654147324079923,0.0,-13.289178256450265,0.0,-0.0
163242187500.0,0.21654147324079923,0.0,-13.289178256450265,0.0,-0.0
163269531250.0,0.21654147324079923,0.0,-13.289178256450265,0.0,-0.0
163296875000.0,0.21654147324079923,0.0,-13.289178256450265,0.0,-0.0
163324218750.0,0.21654147324079923,0.0,-13.289178256450265,0.0,-0.0
163351562500.0,0.21654147324079923,0.0,-13.289178256450265,0.0,-0.0
163378906250.0,0.21654147324079923,0.0,-13.289178256450265,0.0,-0.0
163406250000.0,0.21654147324079923,0.0,-13.289178256450265,0.0,-0.0
163433593750.0,0.21654147324079923,0.0,-13.289178256450265,0.0,-0.0
163460937500.0,0.21654147324079923,0.0,-13.289178256450265,0.0,-0.0
163488281250.0,0.21654147324079923,0.0,-13.289178256450265,0.0,-0.0
163515625000.0,0.21654147324079923,0.0,-13.289178256450265,0.0,-0.0
163542968750.0,0.21654147324079923,0.0,-13.289178256450265,0.0,-0.0
163570312500.0,0.21654147324079923,0.0,-13.289178256450265,0.0,-0.0
163597656250.0,0.21654147324079923,0.0,-13.289178256450265,0.0,-0.0
163625000000.0,0.21654147324079923,0.0,-13.289178256450265,0.0,-0.0
163652343750.0,0.21654147324079923,0.0,-13.289178256450265,0.0,-0.0
163679687500.0,0.21654147324079923,0.0,-13.289178256450265,0.0,-0.0
163707031250.0,0.21654147324079923,0.0,-13.289178256450265,0.0,-0.0
163734375000.0,0.21654147324079923,0.0,-13.289178256450265,0.0,-0.0
163761718750.0,0.21654147324079923,0.0,-13.289178256450265,0.0,-0.0
163789062500.0,0.21654147324079923,0.0,-13.289178256450265,0.0,-0.0
163816406250.0,0.21654147324079923,0.0,-13.289178256450265,0.0,-0.0
163843750000.0,0.21654147324079923,0.0,-13.289178256450265,0.0,-0.0
163871093750.0,0.21654147324079923,0.0,-13.289178256450265,0.0,-0.0
163898437500.0,0.21654147324079923,0.0,-13.289178256450265,0.0,-0.0
163925781250.0,0.21654147324079923,0.0,-13.289178256450265,0.0,-0.0
163953125000.0,0.21654147324079923,0.0,-13.289178256450265,0.0,-0.0
163980468750.0,0.21654147324079923,0.0,-13.289178256450265,0.0,-0.0
164007812500.0,0.21654147324079923,0.0,-13.289178256450265,0.0,-0.0
164035156250.0,0.21654147324079923,0.0,-13.289178256450265,0.0,-0.0
164062500000.0,0.21654147324079923,0.0,-13.289178256450265,0.0,-0.0
164089843750.0,0.21654147324079923,0.0,-13.289178256450265,0.0,-0.0
164117187500.0,0.21654147324079923,0.0,-13.289178256450265,0.0,-0.0
164144531250.0,0.21654147324079923,0.0,-13.289178256450265,0.0,-0.0
164171875000.0,0.21654147324079923,0.0,-13.289178256450265,0.0,-0.0
164199218750.0,0.21654147324079923,0.0,-13.289178256450265,0.0,-0.0
164226562500.0,0.21654147324079923,0.0,-13.289178256450265,0.0,-0.0
164253906250.0,0.21654147324079923,0.0,-13.289178256450265,0.0,-0.0
164281250000.0,0.21654147324079923,0.0,-13.289178256450265,0.0,-0.0
164308593750.0,0.21654147324079923,0.0,-13.289178256450265,0.0,-0.0
164335937500.0,0.21654147324079923,0.0,-13.289178256450265,0.0,-0.0
164363281250.0,0.21654147324079923,0.0,-13.289178256450265,0.0,-0.0
164390625000.0,0.21654147324079923,0.0,-13.289178256450265,0.0,-0.0
164417968750.0,0.21654147324079923,0.0,-13.289178256450265,0.0,-0.0
164445312500.0,0.21654147324079923,0.0,-13.289178256450265,0.0,-0.0
164472656250.0,0.21654147324079923,0.0,-13.289178256450265,0.0,-0.0
164500000000.0,0.21654147324079923,0.0,-13.289178256450265,0.0,-0.0
164527343750.0,0.21654147324079923,0.0,-13.289178256450265,0.0,-0.0
164554687500.0,0.21654147324079923,0.0,-13.289178256450265,0.0,-0.0
164582031250.0,0.21654147324079923,0.0,-13.289178256450265,0.0,-0.0
164609375000.0,0.21654147324079923,0.0,-13.289178256450265,0.0,-0.0
164636718750.0,0.21654147324079923,0.0,-13.289178256450265,0.0,-0.0
164664062500.0,0.21654147324079923,0.0,-13.289178256450265,0.0,-0.0
164691406250.0,0.21654147324079923,0.0,-13.289178256450265,0.0,-0.0
164718750000.0,0.21654147324079923,0.0,-13.289178256450265,0.0,-0.0
164746093750.0,0.21654147324079923,0.0,-13.289178256450265,0.0,-0.0
164773437500.0,0.21654147324079923,0.0,-13.289178256450265,0.0,-0.0
164800781250.0,0.21654147324079923,0.0,-13.289178256450265,0.0,-0.0
164828125000.0,0.21654147324079923,0.0,-13.289178256450265,0.0,-0.0
164855468750.0,0.21654147324079923,0.0,-13.289178256450265,0.0,-0.0
164882812500.0,0.21654147324079923,0.0,-13.289178256450265,0.0,-0.0
164910156250.0,0.21654147324079923,0.0,-13.289178256450265,0.0,-0.0
164937500000.0,0.21654147324079923,0.0,-13.289178256450265,0.0,-0.0
164964843750.0,0.21654147324079923,0.0,-13.289178256450265,0.0,-0.0
164992187500.0,0.21654147324079923,0.0,-13.289178256450265,0.0,-0.0
165019531250.0,0.21654147324079923,0.0,-13.289178256450265,0.0,-0.0
165046875000.0,0.21654147324079923,0.0,-13.289178256450265,0.0,-0.0
165074218750.0,0.21654147324079923,0.0,-13.289178256450265,0.0,-0.0
165101562500.0,0.21654147324079923,0.0,-13.289178256450265,0.0,-0.0
165128906250.0,0.21654147324079923,0.0,-13.289178256450265,0.0,-0.0
165156250000.0,0.21654147324079923,0.0,-13.289178256450265,0.0,-0.0
165183593750.0,0.21654147324079923,0.0,-13.289178256450265,0.0,-0.0
165210937500.0,0.21654147324079923,0.0,-13.289178256450265,0.0,-0.0
165238281250.0,0.21654147324079923,0.0,-13.289178256450265,0.0,-0.0
165265625000.0,0.21654147324079923,0.0,-13.289178256450265,0.0,-0.0
165292968750.0,0.21654147324079923,0.0,-13.289178256450265,0.0,-0.0
165320312500.0,0.21654147324079923,0.0,-13.289178256450265,0.0,-0.0
165347656250.0,0.21654147324079923,0.0,-13.289178256450265,0.0,-0.0
165375000000.0,0.21654147324079923,0.0,-13.289178256450265,0.0,-0.0
165402343750.0,0.21654147324079923,0.0,-13.289178256450265,0.0,-0.0
165429687500.0,0.21654147324079923,0.0,-13.289178256450265,0.0,-0.0
165457031250.0,0.21654147324079923,0.0,-13.289178256450265,0.0,-0.0
165484375000.0,0.21654147324079923,0.0,-13.289178256450265,0.0,-0.0
165511718750.0,0.21654147324079923,0.0,-13.289178256450265,0.0,-0.0
165539062500.0,0.21654147324079923,0.0,-13.289178256450265,0.0,-0.0
165566406250.0,0.21654147324079923,0.0,-13.289178256450265,0.0,-0.0
165593750000.0,0.21654147324079923,0.0,-13.289178256450265,0.0,-0.0
165621093750.0,0.21654147324079923,0.0,-13.289178256450265,0.0,-0.0
165648437500.0,0.21654147324079923,0.0,-13.289178256450265,0.0,-0.0
165675781250.0,0.21654147324079923,0.0,-13.289178256450265,0.0,-0.0
165703125000.0,0.21654147324079923,0.0,-13.289178256450265,0.0,-0.0
165730468750.0,0.21654147324079923,0.0,-13.289178256450265,0.0,-0.0
165757812500.0,0.21654147324079923,0.0,-13.289178256450265,0.0,-0.0
165785156250.0,0.21654147324079923,0.0,-13.289178256450265,0.0,-0.0
165812500000.0,0.21654147324079923,0.0,-13.289178256450265,0.0,-0.0
165839843750.0,0.21654147324079923,0.0,-13.289178256450265,0.0,-0.0
165867187500.0,0.21654147324079923,0.0,-13.289178256450265,0.0,-0.0
165894531250.0,0.21654147324079923,0.0,-13.289178256450265,0.0,-0.0
165921875000.0,0.21654147324079923,0.0,-13.289178256450265,0.0,-0.0
165949218750.0,0.21654147324079923,0.0,-13.289178256450265,0.0,-0.0
165976562500.0,0.21654147324079923,0.0,-13.289178256450265,0.0,-0.0
166003906250.0,0.21654147324079923,0.0,-13.289178256450265,0.0,-0.0
166031250000.0,0.21654147324079923,0.0,-13.289178256450265,0.0,-0.0
166058593750.0,0.21654147324079923,0.0,-13.289178256450265,0.0,-0.0
166085937500.0,0.21654147324079923,0.0,-13.289178256450265,0.0,-0.0
166113281250.0,0.21654147324079923,0.0,-13.289178256450265,0.0,-0.0
166140625000.0,0.21654147324079923,0.0,-13.289178256450265,0.0,-0.0
166167968750.0,0.21654147324079923,0.0,-13.289178256450265,0.0,-0.0
166195312500.0,0.21654147324079923,0.0,-13.289178256450265,0.0,-0.0
166222656250.0,0.21654147324079923,0.0,-13.289178256450265,0.0,-0.0
166250000000.0,0.21654147324079923,0.0,-13.289178256450265,0.0,-0.0
166277343750.0,0.21654147324079923,0.0,-13.289178256450265,0.0,-0.0
166304687500.0,0.21654147324079923,0.0,-13.289178256450265,0.0,-0.0
166332031250.0,0.21654147324079923,0.0,-13.289178256450265,0.0,-0.0
166359375000.0,0.21654147324079923,0.0,-13.289178256450265,0.0,-0.0
166386718750.0,0.21654147324079923,0.0,-13.289178256450265,0.0,-0.0
166414062500.0,0.21654147324079923,0.0,-13.289178256450265,0.0,-0.0
166441406250.0,0.21654147324079923,0.0,-13.289178256450265,0.0,-0.0
166468750000.0,0.21654147324079923,0.0,-13.289178256450265,0.0,-0.0
166496093750.0,0.21654147324079923,0.0,-13.289178256450265,0.0,-0.0
166523437500.0,0.21654147324079923,0.0,-13.289178256450265,0.0,-0.0
166550781250.0,0.21654147324079923,0.0,-13.289178256450265,0.0,-0.0
166578125000.0,0.21654147324079923,0.0,-13.289178256450265,0.0,-0.0
166605468750.0,0.21654147324079923,0.0,-13.289178256450265,0.0,-0.0
166632812500.0,0.21654147324079923,0.0,-13.289178256450265,0.0,-0.0
166660156250.0,0.21654147324079923,0.0,-13.289178256450265,0.0,-0.0
166687500000.0,0.21654147324079923,0.0,-13.289178256450265,0.0,-0.0
166714843750.0,0.21654147324079923,0.0,-13.289178256450265,0.0,-0.0
166742187500.0,0.21654147324079923,0.0,-13.289178256450265,0.0,-0.0
166769531250.0,0.21654147324079923,0.0,-13.289178256450265,0.0,-0.0
166796875000.0,0.21654147324079923,0.0,-13.289178256450265,0.0,-0.0
166824218750.0,0.21654147324079923,0.0,-13.289178256450265,0.0,-0.0
166851562500.0,0.21654147324079923,0.0,-13.289178256450265,0.0,-0.0
166878906250.0,0.21654147324079923,0.0,-13.289178256450265,0.0,-0.0
166906250000.0,0.21654147324079923,0.0,-13.289178256450265,0.0,-0.0
166933593750.0,0.21654147324079923,0.0,-13.289178256450265,0.0,-0.0
166960937500.0,0.21654147324079923,0.0,-13.289178256450265,0.0,-0.0
166988281250.0,0.21654147324079923,0.0,-13.289178256450265,0.0,-0.0
167015625000.0,0.21654147324079923,0.0,-13.289178256450265,0.0,-0.0
167042968750.0,0.21654147324079923,0.0,-13.289178256450265,0.0,-0.0
167070312500.0,0.21654147324079923,0.0,-13.289178256450265,0.0,-0.0
167097656250.0,0.21654147324079923,0.0,-13.289178256450265,0.0,-0.0
167125000000.0,0.21654147324079923,0.0,-13.289178256450265,0.0,-0.0
167152343750.0,0.21654147324079923,0.0,-13.289178256450265,0.0,-0.0
167179687500.0,0.21654147324079923,0.0,-13.289178256450265,0.0,-0.0
167207031250.0,0.21654147324079923,0.0,-13.289178256450265,0.0,-0.0
167234375000.0,0.21654147324079923,0.0,-13.289178256450265,0.0,-0.0
167261718750.0,0.21654147324079923,0.0,-13.289178256450265,0.0,-0.0
167289062500.0,0.21654147324079923,0.0,-13.289178256450265,0.0,-0.0
167316406250.0,0.21654147324079923,0.0,-13.289178256450265,0.0,-0.0
167343750000.0,0.21654147324079923,0.0,-13.289178256450265,0.0,-0.0
167371093750.0,0.21654147324079923,0.0,-13.289178256450265,0.0,-0.0
167398437500.0,0.21654147324079923,0.0,-13.289178256450265,0.0,-0.0
167425781250.0,0.21654147324079923,0.0,-13.289178256450265,0.0,-0.0
167453125000.0,0.21654147324079923,0.0,-13.289178256450265,0.0,-0.0
167480468750.0,0.21654147324079923,0.0,-13.289178256450265,0.0,-0.0
167507812500.0,0.21654147324079923,0.0,-13.289178256450265,0.0,-0.0
167535156250.0,0.21654147324079923,0.0,-13.289178256450265,0.0,-0.0
167562500000.0,0.21654147324079923,0.0,-13.289178256450265,0.0,-0.0
167589843750.0,0.21654147324079923,0.0,-13.289178256450265,0.0,-0.0
167617187500.0,0.21654147324079923,0.0,-13.289178256450265,0.0,-0.0
167644531250.0,0.21654147324079923,0.0,-13.289178256450265,0.0,-0.0
167671875000.0,0.21654147324079923,0.0,-13.289178256450265,0.0,-0.0
167699218750.0,0.21654147324079923,0.0,-13.289178256450265,0.0,-0.0
167726562500.0,0.21654147324079923,0.0,-13.289178256450265,0.0,-0.0
167753906250.0,0.21654147324079923,0.0,-13.289178256450265,0.0,-0.0
167781250000.0,0.21654147324079923,0.0,-13.289178256450265,0.0,-0.0
167808593750.0,0.21654147324079923,0.0,-13.289178256450265,0.0,-0.0
167835937500.0,0.21654147324079923,0.0,-13.289178256450265,0.0,-0.0
167863281250.0,0.21654147324079923,0.0,-13.289178256450265,0.0,-0.0
167890625000.0,0.21654147324079923,0.0,-13.289178256450265,0.0,-0.0
167917968750.0,0.21654147324079923,0.0,-13.289178256450265,0.0,-0.0
167945312500.0,0.21654147324079923,0.0,-13.289178256450265,0.0,-0.0
167972656250.0,0.21654147324079923,0.0,-13.289178256450265,0.0,-0.0
168000000000.0,0.21654147324079923,0.0,-13.289178256450265,0.0,-0.0
168027343750.0,0.21654147324079923,0.0,-13.289178256450265,0.0,-0.0
168054687500.0,0.21654147324079923,0.0,-13.289178256450265,0.0,-0.0
168082031250.0,0.21654147324079923,0.0,-13.289178256450265,0.0,-0.0
168109375000.0,0.21654147324079923,0.0,-13.289178256450265,0.0,-0.0
168136718750.0,0.21654147324079923,0.0,-13.289178256450265,0.0,-0.0
168164062500.0,0.21654147324079923,0.0,-13.289178256450265,0.0,-0.0
168191406250.0,0.21654147324079923,0.0,-13.289178256450265,0.0,-0.0
168218750000.0,0.21654147324079923,0.0,-13.289178256450265,0.0,-0.0
168246093750.0,0.21654147324079923,0.0,-13.289178256450265,0.0,-0.0
168273437500.0,0.21654147324079923,0.0,-13.289178256450265,0.0,-0.0
168300781250.0,0.21654147324079923,0.0,-13.289178256450265,0.0,-0.0
168328125000.0,0.21654147324079923,0.0,-13.289178256450265,0.0,-0.0
168355468750.0,0.21654147324079923,0.0,-13.289178256450265,0.0,-0.0
168382812500.0,0.21654147324079923,0.0,-13.289178256450265,0.0,-0.0
168410156250.0,0.21654147324079923,0.0,-13.289178256450265,0.0,-0.0
168437500000.0,0.21654147324079923,0.0,-13.289178256450265,0.0,-0.0
168464843750.0,0.21654147324079923,0.0,-13.289178256450265,0.0,-0.0
168492187500.0,0.21654147324079923,0.0,-13.289178256450265,0.0,-0.0
168519531250.0,0.21654147324079923,0.0,-13.289178256450265,0.0,-0.0
168546875000.0,0.21654147324079923,0.0,-13.289178256450265,0.0,-0.0
168574218750.0,0.21654147324079923,0.0,-13.289178256450265,0.0,-0.0
168601562500.0,0.21654147324079923,0.0,-13.289178256450265,0.0,-0.0
168628906250.0,0.21654147324079923,0.0,-13.289178256450265,0.0,-0.0
168656250000.0,0.21654147324079923,0.0,-13.289178256450265,0.0,-0.0
168683593750.0,0.21654147324079923,0.0,-13.289178256450265,0.0,-0.0
168710937500.0,0.21654147324079923,0.0,-13.289178256450265,0.0,-0.0
168738281250.0,0.21654147324079923,0.0,-13.289178256450265,0.0,-0.0
168765625000.0,0.21654147324079923,0.0,-13.289178256450265,0.0,-0.0
168792968750.0,0.21654147324079923,0.0,-13.289178256450265,0.0,-0.0
168820312500.0,0.21654147324079923,0.0,-13.289178256450265,0.0,-0.0
168847656250.0,0.21654147324079923,0.0,-13.289178256450265,0.0,-0.0
168875000000.0,0.21654147324079923,0.0,-13.289178256450265,0.0,-0.0
168902343750.0,0.21654147324079923,0.0,-13.289178256450265,0.0,-0.0
168929687500.0,0.21654147324079923,0.0,-13.289178256450265,0.0,-0.0
168957031250.0,0.21654147324079923,0.0,-13.289178256450265,0.0,-0.0
168984375000.0,0.21654147324079923,0.0,-13.289178256450265,0.0,-0.0
169011718750.0,0.21654147324079923,0.0,-13.289178256450265,0.0,-0.0
169039062500.0,0.21654147324079923,0.0,-13.289178256450265,0.0,-0.0
169066406250.0,0.21654147324079923,0.0,-13.289178256450265,0.0,-0.0
169093750000.0,0.21654147324079923,0.0,-13.289178256450265,0.0,-0.0
169121093750.0,0.21654147324079923,0.0,-13.289178256450265,0.0,-0.0
169148437500.0,0.21654147324079923,0.0,-13.289178256450265,0.0,-0.0
169175781250.0,0.21654147324079923,0.0,-13.289178256450265,0.0,-0.0
169203125000.0,0.21654147324079923,0.0,-13.289178256450265,0.0,-0.0
169230468750.0,0.21654147324079923,0.0,-13.289178256450265,0.0,-0.0
169257812500.0,0.21654147324079923,0.0,-13.289178256450265,0.0,-0.0
169285156250.0,0.21654147324079923,0.0,-13.289178256450265,0.0,-0.0
169312500000.0,0.21654147324079923,0.0,-13.289178256450265,0.0,-0.0
169339843750.0,0.21654147324079923,0.0,-13.289178256450265,0.0,-0.0
169367187500.0,0.21654147324079923,0.0,-13.289178256450265,0.0,-0.0
169394531250.0,0.21654147324079923,0.0,-13.289178256450265,0.0,-0.0
169421875000.0,0.21654147324079923,0.0,-13.289178256450265,0.0,-0.0
169449218750.0,0.21654147324079923,0.0,-13.289178256450265,0.0,-0.0
169476562500.0,0.21654147324079923,0.0,-13.289178256450265,0.0,-0.0
169503906250.0,0.21654147324079923,0.0,-13.289178256450265,0.0,-0.0
169531250000.0,0.21654147324079923,0.0,-13.289178256450265,0.0,-0.0
169558593750.0,0.21654147324079923,0.0,-13.289178256450265,0.0,-0.0
169585937500.0,0.21654147324079923,0.0,-13.289178256450265,0.0,-0.0
169613281250.0,0.21654147324079923,0.0,-13.289178256450265,0.0,-0.0
169640625000.0,0.21654147324079923,0.0,-13.289178256450265,0.0,-0.0
169667968750.0,0.21654147324079923,0.0,-13.289178256450265,0.0,-0.0
169695312500.0,0.21654147324079923,0.0,-13.289178256450265,0.0,-0.0
169722656250.0,0.21654147324079923,0.0,-13.289178256450265,0.0,-0.0
169750000000.0,0.21654147324079923,0.0,-13.289178256450265,0.0,-0.0
169777343750.0,0.21654147324079923,0.0,-13.289178256450265,0.0,-0.0
169804687500.0,0.21654147324079923,0.0,-13.289178256450265,0.0,-0.0
169832031250.0,0.21654147324079923,0.0,-13.289178256450265,0.0,-0.0
169859375000.0,0.21654147324079923,0.0,-13.289178256450265,0.0,-0.0
169886718750.0,0.21654147324079923,0.0,-13.289178256450265,0.0,-0.0
169914062500.0,0.21654147324079923,0.0,-13.289178256450265,0.0,-0.0
169941406250.0,0.21654147324079923,0.0,-13.289178256450265,0.0,-0.0
169968750000.0,0.21654147324079923,0.0,-13.289178256450265,0.0,-0.0
169996093750.0,0.21654147324079923,0.0,-13.289178256450265,0.0,-0.0
170023437500.0,0.21654147324079923,0.0,-13.289178256450265,0.0,-0.0
170050781250.0,0.21654147324079923,0.0,-13.289178256450265,0.0,-0.0
170078125000.0,0.21654147324079923,0.0,-13.289178256450265,0.0,-0.0
170105468750.0,0.21654147324079923,0.0,-13.289178256450265,0.0,-0.0
170132812500.0,0.21654147324079923,0.0,-13.289178256450265,0.0,-0.0
170160156250.0,0.21654147324079923,0.0,-13.289178256450265,0.0,-0.0
170187500000.0,0.21654147324079923,0.0,-13.289178256450265,0.0,-0.0
170214843750.0,0.21654147324079923,0.0,-13.289178256450265,0.0,-0.0
170242187500.0,0.21654147324079923,0.0,-13.289178256450265,0.0,-0.0
170269531250.0,0.21654147324079923,0.0,-13.289178256450265,0.0,-0.0
170296875000.0,0.21654147324079923,0.0,-13.289178256450265,0.0,-0.0
170324218750.0,0.21654147324079923,0.0,-13.289178256450265,0.0,-0.0
170351562500.0,0.21654147324079923,0.0,-13.289178256450265,0.0,-0.0
170378906250.0,0.21654147324079923,0.0,-13.289178256450265,0.0,-0.0
170406250000.0,0.21654147324079923,0.0,-13.289178256450265,0.0,-0.0
170433593750.0,0.21654147324079923,0.0,-13.289178256450265,0.0,-0.0
170460937500.0,0.21654147324079923,0.0,-13.289178256450265,0.0,-0.0
170488281250.0,0.21654147324079923,0.0,-13.289178256450265,0.0,-0.0
170515625000.0,0.21654147324079923,0.0,-13.289178256450265,0.0,-0.0
170542968750.0,0.21654147324079923,0.0,-13.289178256450265,0.0,-0.0
170570312500.0,0.21654147324079923,0.0,-13.289178256450265,0.0,-0.0
170597656250.0,0.21654147324079923,0.0,-13.289178256450265,0.0,-0.0
170625000000.0,0.21654147324079923,0.0,-13.289178256450265,0.0,-0.0
170652343750.0,0.21654147324079923,0.0,-13.289178256450265,0.0,-0.0
170679687500.0,0.21654147324079923,0.0,-13.289178256450265,0.0,-0.0
170707031250.0,0.21654147324079923,0.0,-13.289178256450265,0.0,-0.0
170734375000.0,0.21654147324079923,0.0,-13.289178256450265,0.0,-0.0
170761718750.0,0.21654147324079923,0.0,-13.289178256450265,0.0,-0.0
170789062500.0,0.21654147324079923,0.0,-13.289178256450265,0.0,-0.0
170816406250.0,0.21654147324079923,0.0,-13.289178256450265,0.0,-0.0
170843750000.0,0.21654147324079923,0.0,-13.289178256450265,0.0,-0.0
170871093750.0,0.21654147324079923,0.0,-13.289178256450265,0.0,-0.0
170898437500.0,0.21654147324079923,0.0,-13.289178256450265,0.0,-0.0
170925781250.0,0.21654147324079923,0.0,-13.289178256450265,0.0,-0.0
170953125000.0,0.21654147324079923,0.0,-13.289178256450265,0.0,-0.0
170980468750.0,0.21654147324079923,0.0,-13.289178256450265,0.0,-0.0
171007812500.0,0.21654147324079923,0.0,-13.289178256450265,0.0,-0.0
171035156250.0,0.21654147324079923,0.0,-13.289178256450265,0.0,-0.0
171062500000.0,0.21654147324079923,0.0,-13.289178256450265,0.0,-0.0
171089843750.0,0.21654147324079923,0.0,-13.289178256450265,0.0,-0.0
171117187500.0,0.21654147324079923,0.0,-13.289178256450265,0.0,-0.0
171144531250.0,0.21654147324079923,0.0,-13.289178256450265,0.0,-0.0
171171875000.0,0.21654147324079923,0.0,-13.289178256450265,0.0,-0.0
171199218750.0,0.21654147324079923,0.0,-13.289178256450265,0.0,-0.0
171226562500.0,0.21654147324079923,0.0,-13.289178256450265,0.0,-0.0
171253906250.0,0.21654147324079923,0.0,-13.289178256450265,0.0,-0.0
171281250000.0,0.21654147324079923,0.0,-13.289178256450265,0.0,-0.0
171308593750.0,0.21654147324079923,0.0,-13.289178256450265,0.0,-0.0
171335937500.0,0.21654147324079923,0.0,-13.289178256450265,0.0,-0.0
171363281250.0,0.21654147324079923,0.0,-13.289178256450265,0.0,-0.0
171390625000.0,0.21654147324079923,0.0,-13.289178256450265,0.0,-0.0
171417968750.0,0.21654147324079923,0.0,-13.289178256450265,0.0,-0.0
171445312500.0,0.21654147324079923,0.0,-13.289178256450265,0.0,-0.0
171472656250.0,0.21654147324079923,0.0,-13.289178256450265,0.0,-0.0
171500000000.0,0.21654147324079923,0.0,-13.289178256450265,0.0,-0.0
171527343750.0,0.21654147324079923,0.0,-13.289178256450265,0.0,-0.0
171554687500.0,0.21654147324079923,0.0,-13.289178256450265,0.0,-0.0
171582031250.0,0.21654147324079923,0.0,-13.289178256450265,0.0,-0.0
171609375000.0,0.21654147324079923,0.0,-13.289178256450265,0.0,-0.0
171636718750.0,0.21654147324079923,0.0,-13.289178256450265,0.0,-0.0
171664062500.0,0.21654147324079923,0.0,-13.289178256450265,0.0,-0.0
171691406250.0,0.21654147324079923,0.0,-13.289178256450265,0.0,-0.0
171718750000.0,0.21654147324079923,0.0,-13.289178256450265,0.0,-0.0
171746093750.0,0.21654147324079923,0.0,-13.289178256450265,0.0,-0.0
171773437500.0,0.21654147324079923,0.0,-13.289178256450265,0.0,-0.0
171800781250.0,0.21654147324079923,0.0,-13.289178256450265,0.0,-0.0
171828125000.0,0.21654147324079923,0.0,-13.289178256450265,0.0,-0.0
171855468750.0,0.21654147324079923,0.0,-13.289178256450265,0.0,-0.0
171882812500.0,0.21654147324079923,0.0,-13.289178256450265,0.0,-0.0
171910156250.0,0.21654147324079923,0.0,-13.289178256450265,0.0,-0.0
171937500000.0,0.21654147324079923,0.0,-13.289178256450265,0.0,-0.0
171964843750.0,0.21654147324079923,0.0,-13.289178256450265,0.0,-0.0
171992187500.0,0.21654147324079923,0.0,-13.289178256450265,0.0,-0.0
172019531250.0,0.21654147324079923,0.0,-13.289178256450265,0.0,-0.0
172046875000.0,0.21654147324079923,0.0,-13.289178256450265,0.0,-0.0
172074218750.0,0.21654147324079923,0.0,-13.289178256450265,0.0,-0.0
172101562500.0,0.21654147324079923,0.0,-13.289178256450265,0.0,-0.0
172128906250.0,0.21654147324079923,0.0,-13.289178256450265,0.0,-0.0
172156250000.0,0.21654147324079923,0.0,-13.289178256450265,0.0,-0.0
172183593750.0,0.21654147324079923,0.0,-13.289178256450265,0.0,-0.0
172210937500.0,0.21654147324079923,0.0,-13.289178256450265,0.0,-0.0
172238281250.0,0.21654147324079923,0.0,-13.289178256450265,0.0,-0.0
172265625000.0,0.21654147324079923,0.0,-13.289178256450265,0.0,-0.0
172292968750.0,0.21654147324079923,0.0,-13.289178256450265,0.0,-0.0
172320312500.0,0.21654147324079923,0.0,-13.289178256450265,0.0,-0.0
172347656250.0,0.21654147324079923,0.0,-13.289178256450265,0.0,-0.0
172375000000.0,0.21654147324079923,0.0,-13.289178256450265,0.0,-0.0
172402343750.0,0.21654147324079923,0.0,-13.289178256450265,0.0,-0.0
172429687500.0,0.21654147324079923,0.0,-13.289178256450265,0.0,-0.0
172457031250.0,0.21654147324079923,0.0,-13.289178256450265,0.0,-0.0
172484375000.0,0.21654147324079923,0.0,-13.289178256450265,0.0,-0.0
172511718750.0,0.21654147324079923,0.0,-13.289178256450265,0.0,-0.0
172539062500.0,0.21654147324079923,0.0,-13.289178256450265,0.0,-0.0
172566406250.0,0.21654147324079923,0.0,-13.289178256450265,0.0,-0.0
172593750000.0,0.21654147324079923,0.0,-13.289178256450265,0.0,-0.0
172621093750.0,0.21654147324079923,0.0,-13.289178256450265,0.0,-0.0
172648437500.0,0.21654147324079923,0.0,-13.289178256450265,0.0,-0.0
172675781250.0,0.21654147324079923,0.0,-13.289178256450265,0.0,-0.0
172703125000.0,0.21654147324079923,0.0,-13.289178256450265,0.0,-0.0
172730468750.0,0.21654147324079923,0.0,-13.289178256450265,0.0,-0.0
172757812500.0,0.21654147324079923,0.0,-13.289178256450265,0.0,-0.0
172785156250.0,0.21654147324079923,0.0,-13.289178256450265,0.0,-0.0
172812500000.0,0.21654147324079923,0.0,-13.289178256450265,0.0,-0.0
172839843750.0,0.21654147324079923,0.0,-13.289178256450265,0.0,-0.0
172867187500.0,0.21654147324079923,0.0,-13.289178256450265,0.0,-0.0
172894531250.0,0.21654147324079923,0.0,-13.289178256450265,0.0,-0.0
172921875000.0,0.21654147324079923,0.0,-13.289178256450265,0.0,-0.0
172949218750.0,0.21654147324079923,0.0,-13.289178256450265,0.0,-0.0
172976562500.0,0.21654147324079923,0.0,-13.289178256450265,0.0,-0.0
173003906250.0,0.21654147324079923,0.0,-13.289178256450265,0.0,-0.0
173031250000.0,0.21654147324079923,0.0,-13.289178256450265,0.0,-0.0
173058593750.0,0.21654147324079923,0.0,-13.289178256450265,0.0,-0.0
173085937500.0,0.21654147324079923,0.0,-13.289178256450265,0.0,-0.0
173113281250.0,0.21654147324079923,0.0,-13.289178256450265,0.0,-0.0
173140625000.0,0.21654147324079923,0.0,-13.289178256450265,0.0,-0.0
173167968750.0,0.21654147324079923,0.0,-13.289178256450265,0.0,-0.0
173195312500.0,0.21654147324079923,0.0,-13.289178256450265,0.0,-0.0
173222656250.0,0.21654147324079923,0.0,-13.289178256450265,0.0,-0.0
173250000000.0,0.21654147324079923,0.0,-13.289178256450265,0.0,-0.0
173277343750.0,0.21654147324079923,0.0,-13.289178256450265,0.0,-0.0
173304687500.0,0.21654147324079923,0.0,-13.289178256450265,0.0,-0.0
173332031250.0,0.21654147324079923,0.0,-13.289178256450265,0.0,-0.0
173359375000.0,0.21654147324079923,0.0,-13.289178256450265,0.0,-0.0
173386718750.0,0.21654147324079923,0.0,-13.289178256450265,0.0,-0.0
173414062500.0,0.21654147324079923,0.0,-13.289178256450265,0.0,-0.0
173441406250.0,0.21654147324079923,0.0,-13.289178256450265,0.0,-0.0
173468750000.0,0.21654147324079923,0.0,-13.289178256450265,0.0,-0.0
173496093750.0,0.21654147324079923,0.0,-13.289178256450265,0.0,-0.0
173523437500.0,0.21654147324079923,0.0,-13.289178256450265,0.0,-0.0
173550781250.0,0.21654147324079923,0.0,-13.289178256450265,0.0,-0.0
173578125000.0,0.21654147324079923,0.0,-13.289178256450265,0.0,-0.0
173605468750.0,0.21654147324079923,0.0,-13.289178256450265,0.0,-0.0
173632812500.0,0.21654147324079923,0.0,-13.289178256450265,0.0,-0.0
173660156250.0,0.21654147324079923,0.0,-13.289178256450265,0.0,-0.0
173687500000.0,0.21654147324079923,0.0,-13.289178256450265,0.0,-0.0
173714843750.0,0.21654147324079923,0.0,-13.289178256450265,0.0,-0.0
173742187500.0,0.21654147324079923,0.0,-13.289178256450265,0.0,-0.0
173769531250.0,0.21654147324079923,0.0,-13.289178256450265,0.0,-0.0
173796875000.0,0.21654147324079923,0.0,-13.289178256450265,0.0,-0.0
173824218750.0,0.21654147324079923,0.0,-13.289178256450265,0.0,-0.0
173851562500.0,0.21654147324079923,0.0,-13.289178256450265,0.0,-0.0
173878906250.0,0.21654147324079923,0.0,-13.289178256450265,0.0,-0.0
173906250000.0,0.21654147324079923,0.0,-13.289178256450265,0.0,-0.0
173933593750.0,0.21654147324079923,0.0,-13.289178256450265,0.0,-0.0
173960937500.0,0.21654147324079923,0.0,-13.289178256450265,0.0,-0.0
173988281250.0,0.21654147324079923,0.0,-13.289178256450265,0.0,-0.0
174015625000.0,0.21654147324079923,0.0,-13.289178256450265,0.0,-0.0
174042968750.0,0.21654147324079923,0.0,-13.289178256450265,0.0,-0.0
174070312500.0,0.21654147324079923,0.0,-13.289178256450265,0.0,-0.0
174097656250.0,0.21654147324079923,0.0,-13.289178256450265,0.0,-0.0
174125000000.0,0.21654147324079923,0.0,-13.289178256450265,0.0,-0.0
174152343750.0,0.21654147324079923,0.0,-13.289178256450265,0.0,-0.0
174179687500.0,0.21654147324079923,0.0,-13.289178256450265,0.0,-0.0
174207031250.0,0.21654147324079923,0.0,-13.289178256450265,0.0,-0.0
174234375000.0,0.21654147324079923,0.0,-13.289178256450265,0.0,-0.0
174261718750.0,0.21654147324079923,0.0,-13.289178256450265,0.0,-0.0
174289062500.0,0.21654147324079923,0.0,-13.289178256450265,0.0,-0.0
174316406250.0,0.21654147324079923,0.0,-13.289178256450265,0.0,-0.0
174343750000.0,0.21654147324079923,0.0,-13.289178256450265,0.0,-0.0
174371093750.0,0.21654147324079923,0.0,-13.289178256450265,0.0,-0.0
174398437500.0,0.21654147324079923,0.0,-13.289178256450265,0.0,-0.0
174425781250.0,0.21654147324079923,0.0,-13.289178256450265,0.0,-0.0
174453125000.0,0.21654147324079923,0.0,-13.289178256450265,0.0,-0.0
174480468750.0,0.21654147324079923,0.0,-13.289178256450265,0.0,-0.0
174507812500.0,0.21654147324079923,0.0,-13.289178256450265,0.0,-0.0
174535156250.0,0.21654147324079923,0.0,-13.289178256450265,0.0,-0.0
174562500000.0,0.21654147324079923,0.0,-13.289178256450265,0.0,-0.0
174589843750.0,0.21654147324079923,0.0,-13.289178256450265,0.0,-0.0
174617187500.0,0.21654147324079923,0.0,-13.289178256450265,0.0,-0.0
174644531250.0,0.21654147324079923,0.0,-13.289178256450265,0.0,-0.0
174671875000.0,0.21654147324079923,0.0,-13.289178256450265,0.0,-0.0
174699218750.0,0.21654147324079923,0.0,-13.289178256450265,0.0,-0.0
174726562500.0,0.21654147324079923,0.0,-13.289178256450265,0.0,-0.0
174753906250.0,0.21654147324079923,0.0,-13.289178256450265,0.0,-0.0
174781250000.0,0.21654147324079923,0.0,-13.289178256450265,0.0,-0.0
174808593750.0,0.21654147324079923,0.0,-13.289178256450265,0.0,-0.0
174835937500.0,0.21654147324079923,0.0,-13.289178256450265,0.0,-0.0
174863281250.0,0.21654147324079923,0.0,-13.289178256450265,0.0,-0.0
174890625000.0,0.21654147324079923,0.0,-13.289178256450265,0.0,-0.0
174917968750.0,0.21654147324079923,0.0,-13.289178256450265,0.0,-0.0
174945312500.0,0.21654147324079923,0.0,-13.289178256450265,0.0,-0.0
174972656250.0,0.21654147324079923,0.0,-13.289178256450265,0.0,-0.0
175000000000.0,0.21654147324079923,0.0,-13.289178256450265,0.0,-0.0
175027343750.0,0.21654147324079923,0.0,-13.289178256450265,0.0,-0.0
175054687500.0,0.21654147324079923,0.0,-13.289178256450265,0.0,-0.0
175082031250.0,0.21654147324079923,0.0,-13.289178256450265,0.0,-0.0
175109375000.0,0.21654147324079923,0.0,-13.289178256450265,0.0,-0.0
175136718750.0,0.21654147324079923,0.0,-13.289178256450265,0.0,-0.0
175164062500.0,0.21654147324079923,0.0,-13.289178256450265,0.0,-0.0
175191406250.0,0.21654147324079923,0.0,-13.289178256450265,0.0,-0.0
175218750000.0,0.21654147324079923,0.0,-13.289178256450265,0.0,-0.0
175246093750.0,0.21654147324079923,0.0,-13.289178256450265,0.0,-0.0
175273437500.0,0.21654147324079923,0.0,-13.289178256450265,0.0,-0.0
175300781250.0,0.21654147324079923,0.0,-13.289178256450265,0.0,-0.0
175328125000.0,0.21654147324079923,0.0,-13.289178256450265,0.0,-0.0
175355468750.0,0.21654147324079923,0.0,-13.289178256450265,0.0,-0.0
175382812500.0,0.21654147324079923,0.0,-13.289178256450265,0.0,-0.0
175410156250.0,0.21654147324079923,0.0,-13.289178256450265,0.0,-0.0
175437500000.0,0.21654147324079923,0.0,-13.289178256450265,0.0,-0.0
175464843750.0,0.21654147324079923,0.0,-13.289178256450265,0.0,-0.0
175492187500.0,0.21654147324079923,0.0,-13.289178256450265,0.0,-0.0
175519531250.0,0.21654147324079923,0.0,-13.289178256450265,0.0,-0.0
175546875000.0,0.21654147324079923,0.0,-13.289178256450265,0.0,-0.0
175574218750.0,0.21654147324079923,0.0,-13.289178256450265,0.0,-0.0
175601562500.0,0.21654147324079923,0.0,-13.289178256450265,0.0,-0.0
175628906250.0,0.21654147324079923,0.0,-13.289178256450265,0.0,-0.0
175656250000.0,0.21654147324079923,0.0,-13.289178256450265,0.0,-0.0
175683593750.0,0.21654147324079923,0.0,-13.289178256450265,0.0,-0.0
175710937500.0,0.21654147324079923,0.0,-13.289178256450265,0.0,-0.0
175738281250.0,0.21654147324079923,0.0,-13.289178256450265,0.0,-0.0
175765625000.0,0.21654147324079923,0.0,-13.289178256450265,0.0,-0.0
175792968750.0,0.21654147324079923,0.0,-13.289178256450265,0.0,-0.0
175820312500.0,0.21654147324079923,0.0,-13.289178256450265,0.0,-0.0
175847656250.0,0.21654147324079923,0.0,-13.289178256450265,0.0,-0.0
175875000000.0,0.21654147324079923,0.0,-13.289178256450265,0.0,-0.0
175902343750.0,0.21654147324079923,0.0,-13.289178256450265,0.0,-0.0
175929687500.0,0.21654147324079923,0.0,-13.289178256450265,0.0,-0.0
175957031250.0,0.21654147324079923,0.0,-13.289178256450265,0.0,-0.0
175984375000.0,0.21654147324079923,0.0,-13.289178256450265,0.0,-0.0
176011718750.0,0.21654147324079923,0.0,-13.289178256450265,0.0,-0.0
176039062500.0,0.21654147324079923,0.0,-13.289178256450265,0.0,-0.0
176066406250.0,0.21654147324079923,0.0,-13.289178256450265,0.0,-0.0
176093750000.0,0.21654147324079923,0.0,-13.289178256450265,0.0,-0.0
176121093750.0,0.21654147324079923,0.0,-13.289178256450265,0.0,-0.0
176148437500.0,0.21654147324079923,0.0,-13.289178256450265,0.0,-0.0
176175781250.0,0.21654147324079923,0.0,-13.289178256450265,0.0,-0.0
176203125000.0,0.21654147324079923,0.0,-13.289178256450265,0.0,-0.0
176230468750.0,0.21654147324079923,0.0,-13.289178256450265,0.0,-0.0
176257812500.0,0.21654147324079923,0.0,-13.289178256450265,0.0,-0.0
176285156250.0,0.21654147324079923,0.0,-13.289178256450265,0.0,-0.0
176312500000.0,0.21654147324079923,0.0,-13.289178256450265,0.0,-0.0
176339843750.0,0.21654147324079923,0.0,-13.289178256450265,0.0,-0.0
176367187500.0,0.21654147324079923,0.0,-13.289178256450265,0.0,-0.0
176394531250.0,0.21654147324079923,0.0,-13.289178256450265,0.0,-0.0
176421875000.0,0.21654147324079923,0.0,-13.289178256450265,0.0,-0.0
176449218750.0,0.21654147324079923,0.0,-13.289178256450265,0.0,-0.0
176476562500.0,0.21654147324079923,0.0,-13.289178256450265,0.0,-0.0
176503906250.0,0.21654147324079923,0.0,-13.289178256450265,0.0,-0.0
176531250000.0,0.21654147324079923,0.0,-13.289178256450265,0.0,-0.0
176558593750.0,0.21654147324079923,0.0,-13.289178256450265,0.0,-0.0
176585937500.0,0.21654147324079923,0.0,-13.289178256450265,0.0,-0.0
176613281250.0,0.21654147324079923,0.0,-13.289178256450265,0.0,-0.0
176640625000.0,0.21654147324079923,0.0,-13.289178256450265,0.0,-0.0
176667968750.0,0.21654147324079923,0.0,-13.289178256450265,0.0,-0.0
176695312500.0,0.21654147324079923,0.0,-13.289178256450265,0.0,-0.0
176722656250.0,0.21654147324079923,0.0,-13.289178256450265,0.0,-0.0
176750000000.0,0.21654147324079923,0.0,-13.289178256450265,0.0,-0.0
176777343750.0,0.21654147324079923,0.0,-13.289178256450265,0.0,-0.0
176804687500.0,0.21654147324079923,0.0,-13.289178256450265,0.0,-0.0
176832031250.0,0.21654147324079923,0.0,-13.289178256450265,0.0,-0.0
176859375000.0,0.21654147324079923,0.0,-13.289178256450265,0.0,-0.0
176886718750.0,0.21654147324079923,0.0,-13.289178256450265,0.0,-0.0
176914062500.0,0.21654147324079923,0.0,-13.289178256450265,0.0,-0.0
176941406250.0,0.21654147324079923,0.0,-13.289178256450265,0.0,-0.0
176968750000.0,0.21654147324079923,0.0,-13.289178256450265,0.0,-0.0
176996093750.0,0.21654147324079923,0.0,-13.289178256450265,0.0,-0.0
177023437500.0,0.21654147324079923,0.0,-13.289178256450265,0.0,-0.0
177050781250.0,0.21654147324079923,0.0,-13.289178256450265,0.0,-0.0
177078125000.0,0.21654147324079923,0.0,-13.289178256450265,0.0,-0.0
177105468750.0,0.21654147324079923,0.0,-13.289178256450265,0.0,-0.0
177132812500.0,0.21654147324079923,0.0,-13.289178256450265,0.0,-0.0
177160156250.0,0.21654147324079923,0.0,-13.289178256450265,0.0,-0.0
177187500000.0,0.21654147324079923,0.0,-13.289178256450265,0.0,-0.0
177214843750.0,0.21654147324079923,0.0,-13.289178256450265,0.0,-0.0
177242187500.0,0.21654147324079923,0.0,-13.289178256450265,0.0,-0.0
177269531250.0,0.21654147324079923,0.0,-13.289178256450265,0.0,-0.0
177296875000.0,0.21654147324079923,0.0,-13.289178256450265,0.0,-0.0
177324218750.0,0.21654147324079923,0.0,-13.289178256450265,0.0,-0.0
177351562500.0,0.21654147324079923,0.0,-13.289178256450265,0.0,-0.0
177378906250.0,0.21654147324079923,0.0,-13.289178256450265,0.0,-0.0
177406250000.0,0.21654147324079923,0.0,-13.289178256450265,0.0,-0.0
177433593750.0,0.21654147324079923,0.0,-13.289178256450265,0.0,-0.0
177460937500.0,0.21654147324079923,0.0,-13.289178256450265,0.0,-0.0
177488281250.0,0.21654147324079923,0.0,-13.289178256450265,0.0,-0.0
177515625000.0,0.21654147324079923,0.0,-13.289178256450265,0.0,-0.0
177542968750.0,0.21654147324079923,0.0,-13.289178256450265,0.0,-0.0
177570312500.0,0.21654147324079923,0.0,-13.289178256450265,0.0,-0.0
177597656250.0,0.21654147324079923,0.0,-13.289178256450265,0.0,-0.0
177625000000.0,0.21654147324079923,0.0,-13.289178256450265,0.0,-0.0
177652343750.0,0.21654147324079923,0.0,-13.289178256450265,0.0,-0.0
177679687500.0,0.21654147324079923,0.0,-13.289178256450265,0.0,-0.0
177707031250.0,0.21654147324079923,0.0,-13.289178256450265,0.0,-0.0
177734375000.0,0.21654147324079923,0.0,-13.289178256450265,0.0,-0.0
177761718750.0,0.21654147324079923,0.0,-13.289178256450265,0.0,-0.0
177789062500.0,0.21654147324079923,0.0,-13.289178256450265,0.0,-0.0
177816406250.0,0.21654147324079923,0.0,-13.289178256450265,0.0,-0.0
177843750000.0,0.21654147324079923,0.0,-13.289178256450265,0.0,-0.0
177871093750.0,0.21654147324079923,0.0,-13.289178256450265,0.0,-0.0
177898437500.0,0.21654147324079923,0.0,-13.289178256450265,0.0,-0.0
177925781250.0,0.21654147324079923,0.0,-13.289178256450265,0.0,-0.0
177953125000.0,0.21654147324079923,0.0,-13.289178256450265,0.0,-0.0
177980468750.0,0.21654147324079923,0.0,-13.289178256450265,0.0,-0.0
178007812500.0,0.21654147324079923,0.0,-13.289178256450265,0.0,-0.0
178035156250.0,0.21654147324079923,0.0,-13.289178256450265,0.0,-0.0
178062500000.0,0.21654147324079923,0.0,-13.289178256450265,0.0,-0.0
178089843750.0,0.21654147324079923,0.0,-13.289178256450265,0.0,-0.0
178117187500.0,0.21654147324079923,0.0,-13.289178256450265,0.0,-0.0
178144531250.0,0.21654147324079923,0.0,-13.289178256450265,0.0,-0.0
178171875000.0,0.21654147324079923,0.0,-13.289178256450265,0.0,-0.0
178199218750.0,0.21654147324079923,0.0,-13.289178256450265,0.0,-0.0
178226562500.0,0.21654147324079923,0.0,-13.289178256450265,0.0,-0.0
178253906250.0,0.21654147324079923,0.0,-13.289178256450265,0.0,-0.0
178281250000.0,0.21654147324079923,0.0,-13.289178256450265,0.0,-0.0
178308593750.0,0.21654147324079923,0.0,-13.289178256450265,0.0,-0.0
178335937500.0,0.21654147324079923,0.0,-13.289178256450265,0.0,-0.0
178363281250.0,0.21654147324079923,0.0,-13.289178256450265,0.0,-0.0
178390625000.0,0.21654147324079923,0.0,-13.289178256450265,0.0,-0.0
178417968750.0,0.21654147324079923,0.0,-13.289178256450265,0.0,-0.0
178445312500.0,0.21654147324079923,0.0,-13.289178256450265,0.0,-0.0
178472656250.0,0.21654147324079923,0.0,-13.289178256450265,0.0,-0.0
178500000000.0,0.21654147324079923,0.0,-13.289178256450265,0.0,-0.0
178527343750.0,0.21654147324079923,0.0,-13.289178256450265,0.0,-0.0
178554687500.0,0.21654147324079923,0.0,-13.289178256450265,0.0,-0.0
178582031250.0,0.21654147324079923,0.0,-13.289178256450265,0.0,-0.0
178609375000.0,0.21654147324079923,0.0,-13.289178256450265,0.0,-0.0
178636718750.0,0.21654147324079923,0.0,-13.289178256450265,0.0,-0.0
178664062500.0,0.21654147324079923,0.0,-13.289178256450265,0.0,-0.0
178691406250.0,0.21654147324079923,0.0,-13.289178256450265,0.0,-0.0
178718750000.0,0.21654147324079923,0.0,-13.289178256450265,0.0,-0.0
178746093750.0,0.21654147324079923,0.0,-13.289178256450265,0.0,-0.0
178773437500.0,0.21654147324079923,0.0,-13.289178256450265,0.0,-0.0
178800781250.0,0.21654147324079923,0.0,-13.289178256450265,0.0,-0.0
178828125000.0,0.21654147324079923,0.0,-13.289178256450265,0.0,-0.0
178855468750.0,0.21654147324079923,0.0,-13.289178256450265,0.0,-0.0
178882812500.0,0.21654147324079923,0.0,-13.289178256450265,0.0,-0.0
178910156250.0,0.21654147324079923,0.0,-13.289178256450265,0.0,-0.0
178937500000.0,0.21654147324079923,0.0,-13.289178256450265,0.0,-0.0
178964843750.0,0.21654147324079923,0.0,-13.289178256450265,0.0,-0.0
178992187500.0,0.21654147324079923,0.0,-13.289178256450265,0.0,-0.0
179019531250.0,0.21654147324079923,0.0,-13.289178256450265,0.0,-0.0
179046875000.0,0.21654147324079923,0.0,-13.289178256450265,0.0,-0.0
179074218750.0,0.21654147324079923,0.0,-13.289178256450265,0.0,-0.0
179101562500.0,0.21654147324079923,0.0,-13.289178256450265,0.0,-0.0
179128906250.0,0.21654147324079923,0.0,-13.289178256450265,0.0,-0.0
179156250000.0,0.21654147324079923,0.0,-13.289178256450265,0.0,-0.0
179183593750.0,0.21654147324079923,0.0,-13.289178256450265,0.0,-0.0
179210937500.0,0.21654147324079923,0.0,-13.289178256450265,0.0,-0.0
179238281250.0,0.21654147324079923,0.0,-13.289178256450265,0.0,-0.0
179265625000.0,0.21654147324079923,0.0,-13.289178256450265,0.0,-0.0
179292968750.0,0.21654147324079923,0.0,-13.289178256450265,0.0,-0.0
179320312500.0,0.21654147324079923,0.0,-13.289178256450265,0.0,-0.0
179347656250.0,0.21654147324079923,0.0,-13.289178256450265,0.0,-0.0
179375000000.0,0.21654147324079923,0.0,-13.289178256450265,0.0,-0.0
179402343750.0,0.21654147324079923,0.0,-13.289178256450265,0.0,-0.0
179429687500.0,0.21654147324079923,0.0,-13.289178256450265,0.0,-0.0
179457031250.0,0.21654147324079923,0.0,-13.289178256450265,0.0,-0.0
179484375000.0,0.21654147324079923,0.0,-13.289178256450265,0.0,-0.0
179511718750.0,0.21654147324079923,0.0,-13.289178256450265,0.0,-0.0
179539062500.0,0.21654147324079923,0.0,-13.289178256450265,0.0,-0.0
179566406250.0,0.21654147324079923,0.0,-13.289178256450265,0.0,-0.0
179593750000.0,0.21654147324079923,0.0,-13.289178256450265,0.0,-0.0
179621093750.0,0.21654147324079923,0.0,-13.289178256450265,0.0,-0.0
179648437500.0,0.21654147324079923,0.0,-13.289178256450265,0.0,-0.0
179675781250.0,0.21654147324079923,0.0,-13.289178256450265,0.0,-0.0
179703125000.0,0.21654147324079923,0.0,-13.289178256450265,0.0,-0.0
179730468750.0,0.21654147324079923,0.0,-13.289178256450265,0.0,-0.0
179757812500.0,0.21654147324079923,0.0,-13.289178256450265,0.0,-0.0
179785156250.0,0.21654147324079923,0.0,-13.289178256450265,0.0,-0.0
179812500000.0,0.21654147324079923,0.0,-13.289178256450265,0.0,-0.0
179839843750.0,0.21654147324079923,0.0,-13.289178256450265,0.0,-0.0
179867187500.0,0.21654147324079923,0.0,-13.289178256450265,0.0,-0.0
179894531250.0,0.21654147324079923,0.0,-13.289178256450265,0.0,-0.0
179921875000.0,0.21654147324079923,0.0,-13.289178256450265,0.0,-0.0
179949218750.0,0.21654147324079923,0.0,-13.289178256450265,0.0,-0.0
179976562500.0,0.21654147324079923,0.0,-13.289178256450265,0.0,-0.0
180003906250.0,0.21654147324079923,0.0,-13.289178256450265,0.0,-0.0
180031250000.0,0.21654147324079923,0.0,-13.289178256450265,0.0,-0.0
180058593750.0,0.21654147324079923,0.0,-13.289178256450265,0.0,-0.0
180085937500.0,0.21654147324079923,0.0,-13.289178256450265,0.0,-0.0
180113281250.0,0.21654147324079923,0.0,-13.289178256450265,0.0,-0.0
180140625000.0,0.21654147324079923,0.0,-13.289178256450265,0.0,-0.0
180167968750.0,0.21654147324079923,0.0,-13.289178256450265,0.0,-0.0
180195312500.0,0.21654147324079923,0.0,-13.289178256450265,0.0,-0.0
180222656250.0,0.21654147324079923,0.0,-13.289178256450265,0.0,-0.0
180250000000.0,0.21654147324079923,0.0,-13.289178256450265,0.0,-0.0
180277343750.0,0.21654147324079923,0.0,-13.289178256450265,0.0,-0.0
180304687500.0,0.21654147324079923,0.0,-13.289178256450265,0.0,-0.0
180332031250.0,0.21654147324079923,0.0,-13.289178256450265,0.0,-0.0
180359375000.0,0.21654147324079923,0.0,-13.289178256450265,0.0,-0.0
180386718750.0,0.21654147324079923,0.0,-13.289178256450265,0.0,-0.0
180414062500.0,0.21654147324079923,0.0,-13.289178256450265,0.0,-0.0
180441406250.0,0.21654147324079923,0.0,-13.289178256450265,0.0,-0.0
180468750000.0,0.21654147324079923,0.0,-13.289178256450265,0.0,-0.0
180496093750.0,0.21654147324079923,0.0,-13.289178256450265,0.0,-0.0
180523437500.0,0.21654147324079923,0.0,-13.289178256450265,0.0,-0.0
180550781250.0,0.21654147324079923,0.0,-13.289178256450265,0.0,-0.0
180578125000.0,0.21654147324079923,0.0,-13.289178256450265,0.0,-0.0
180605468750.0,0.21654147324079923,0.0,-13.289178256450265,0.0,-0.0
180632812500.0,0.21654147324079923,0.0,-13.289178256450265,0.0,-0.0
180660156250.0,0.21654147324079923,0.0,-13.289178256450265,0.0,-0.0
180687500000.0,0.21654147324079923,0.0,-13.289178256450265,0.0,-0.0
180714843750.0,0.21654147324079923,0.0,-13.289178256450265,0.0,-0.0
180742187500.0,0.21654147324079923,0.0,-13.289178256450265,0.0,-0.0
180769531250.0,0.21654147324079923,0.0,-13.289178256450265,0.0,-0.0
180796875000.0,0.21654147324079923,0.0,-13.289178256450265,0.0,-0.0
180824218750.0,0.21654147324079923,0.0,-13.289178256450265,0.0,-0.0
180851562500.0,0.21654147324079923,0.0,-13.289178256450265,0.0,-0.0
180878906250.0,0.21654147324079923,0.0,-13.289178256450265,0.0,-0.0
180906250000.0,0.21654147324079923,0.0,-13.289178256450265,0.0,-0.0
180933593750.0,0.21654147324079923,0.0,-13.289178256450265,0.0,-0.0
180960937500.0,0.21654147324079923,0.0,-13.289178256450265,0.0,-0.0
180988281250.0,0.21654147324079923,0.0,-13.289178256450265,0.0,-0.0
181015625000.0,0.21654147324079923,0.0,-13.289178256450265,0.0,-0.0
181042968750.0,0.21654147324079923,0.0,-13.289178256450265,0.0,-0.0
181070312500.0,0.21654147324079923,0.0,-13.289178256450265,0.0,-0.0
181097656250.0,0.21654147324079923,0.0,-13.289178256450265,0.0,-0.0
181125000000.0,0.21654147324079923,0.0,-13.289178256450265,0.0,-0.0
181152343750.0,0.21654147324079923,0.0,-13.289178256450265,0.0,-0.0
181179687500.0,0.21654147324079923,0.0,-13.289178256450265,0.0,-0.0
181207031250.0,0.21654147324079923,0.0,-13.289178256450265,0.0,-0.0
181234375000.0,0.21654147324079923,0.0,-13.289178256450265,0.0,-0.0
181261718750.0,0.21654147324079923,0.0,-13.289178256450265,0.0,-0.0
181289062500.0,0.21654147324079923,0.0,-13.289178256450265,0.0,-0.0
181316406250.0,0.21654147324079923,0.0,-13.289178256450265,0.0,-0.0
181343750000.0,0.21654147324079923,0.0,-13.289178256450265,0.0,-0.0
181371093750.0,0.21654147324079923,0.0,-13.289178256450265,0.0,-0.0
181398437500.0,0.21654147324079923,0.0,-13.289178256450265,0.0,-0.0
181425781250.0,0.21654147324079923,0.0,-13.289178256450265,0.0,-0.0
181453125000.0,0.21654147324079923,0.0,-13.289178256450265,0.0,-0.0
181480468750.0,0.21654147324079923,0.0,-13.289178256450265,0.0,-0.0
181507812500.0,0.21654147324079923,0.0,-13.289178256450265,0.0,-0.0
181535156250.0,0.21654147324079923,0.0,-13.289178256450265,0.0,-0.0
181562500000.0,0.21654147324079923,0.0,-13.289178256450265,0.0,-0.0
181589843750.0,0.21654147324079923,0.0,-13.289178256450265,0.0,-0.0
181617187500.0,0.21654147324079923,0.0,-13.289178256450265,0.0,-0.0
181644531250.0,0.21654147324079923,0.0,-13.289178256450265,0.0,-0.0
181671875000.0,0.21654147324079923,0.0,-13.289178256450265,0.0,-0.0
181699218750.0,0.21654147324079923,0.0,-13.289178256450265,0.0,-0.0
181726562500.0,0.21654147324079923,0.0,-13.289178256450265,0.0,-0.0
181753906250.0,0.21654147324079923,0.0,-13.289178256450265,0.0,-0.0
181781250000.0,0.21654147324079923,0.0,-13.289178256450265,0.0,-0.0
181808593750.0,0.21654147324079923,0.0,-13.289178256450265,0.0,-0.0
181835937500.0,0.21654147324079923,0.0,-13.289178256450265,0.0,-0.0
181863281250.0,0.21654147324079923,0.0,-13.289178256450265,0.0,-0.0
181890625000.0,0.21654147324079923,0.0,-13.289178256450265,0.0,-0.0
181917968750.0,0.21654147324079923,0.0,-13.289178256450265,0.0,-0.0
181945312500.0,0.21654147324079923,0.0,-13.289178256450265,0.0,-0.0
181972656250.0,0.21654147324079923,0.0,-13.289178256450265,0.0,-0.0
182000000000.0,0.21654147324079923,0.0,-13.289178256450265,0.0,-0.0
182027343750.0,0.21654147324079923,0.0,-13.289178256450265,0.0,-0.0
182054687500.0,0.21654147324079923,0.0,-13.289178256450265,0.0,-0.0
182082031250.0,0.21654147324079923,0.0,-13.289178256450265,0.0,-0.0
182109375000.0,0.21654147324079923,0.0,-13.289178256450265,0.0,-0.0
182136718750.0,0.21654147324079923,0.0,-13.289178256450265,0.0,-0.0
182164062500.0,0.21654147324079923,0.0,-13.289178256450265,0.0,-0.0
182191406250.0,0.21654147324079923,0.0,-13.289178256450265,0.0,-0.0
182218750000.0,0.21654147324079923,0.0,-13.289178256450265,0.0,-0.0
182246093750.0,0.21654147324079923,0.0,-13.289178256450265,0.0,-0.0
182273437500.0,0.21654147324079923,0.0,-13.289178256450265,0.0,-0.0
182300781250.0,0.21654147324079923,0.0,-13.289178256450265,0.0,-0.0
182328125000.0,0.21654147324079923,0.0,-13.289178256450265,0.0,-0.0
182355468750.0,0.21654147324079923,0.0,-13.289178256450265,0.0,-0.0
182382812500.0,0.21654147324079923,0.0,-13.289178256450265,0.0,-0.0
182410156250.0,0.21654147324079923,0.0,-13.289178256450265,0.0,-0.0
182437500000.0,0.21654147324079923,0.0,-13.289178256450265,0.0,-0.0
182464843750.0,0.21654147324079923,0.0,-13.289178256450265,0.0,-0.0
182492187500.0,0.21654147324079923,0.0,-13.289178256450265,0.0,-0.0
182519531250.0,0.21654147324079923,0.0,-13.289178256450265,0.0,-0.0
182546875000.0,0.21654147324079923,0.0,-13.289178256450265,0.0,-0.0
182574218750.0,0.21654147324079923,0.0,-13.289178256450265,0.0,-0.0
182601562500.0,0.21654147324079923,0.0,-13.289178256450265,0.0,-0.0
182628906250.0,0.21654147324079923,0.0,-13.289178256450265,0.0,-0.0
182656250000.0,0.21654147324079923,0.0,-13.289178256450265,0.0,-0.0
182683593750.0,0.21654147324079923,0.0,-13.289178256450265,0.0,-0.0
182710937500.0,0.21654147324079923,0.0,-13.289178256450265,0.0,-0.0
182738281250.0,0.21654147324079923,0.0,-13.289178256450265,0.0,-0.0
182765625000.0,0.21654147324079923,0.0,-13.289178256450265,0.0,-0.0
182792968750.0,0.21654147324079923,0.0,-13.289178256450265,0.0,-0.0
182820312500.0,0.21654147324079923,0.0,-13.289178256450265,0.0,-0.0
182847656250.0,0.21654147324079923,0.0,-13.289178256450265,0.0,-0.0
182875000000.0,0.21654147324079923,0.0,-13.289178256450265,0.0,-0.0
182902343750.0,0.21654147324079923,0.0,-13.289178256450265,0.0,-0.0
182929687500.0,0.21654147324079923,0.0,-13.289178256450265,0.0,-0.0
182957031250.0,0.21654147324079923,0.0,-13.289178256450265,0.0,-0.0
182984375000.0,0.21654147324079923,0.0,-13.289178256450265,0.0,-0.0
183011718750.0,0.21654147324079923,0.0,-13.289178256450265,0.0,-0.0
183039062500.0,0.21654147324079923,0.0,-13.289178256450265,0.0,-0.0
183066406250.0,0.21654147324079923,0.0,-13.289178256450265,0.0,-0.0
183093750000.0,0.21654147324079923,0.0,-13.289178256450265,0.0,-0.0
183121093750.0,0.21654147324079923,0.0,-13.289178256450265,0.0,-0.0
183148437500.0,0.21654147324079923,0.0,-13.289178256450265,0.0,-0.0
183175781250.0,0.21654147324079923,0.0,-13.289178256450265,0.0,-0.0
183203125000.0,0.21654147324079923,0.0,-13.289178256450265,0.0,-0.0
183230468750.0,0.21654147324079923,0.0,-13.289178256450265,0.0,-0.0
183257812500.0,0.21654147324079923,0.0,-13.289178256450265,0.0,-0.0
183285156250.0,0.21654147324079923,0.0,-13.289178256450265,0.0,-0.0
183312500000.0,0.21654147324079923,0.0,-13.289178256450265,0.0,-0.0
183339843750.0,0.21654147324079923,0.0,-13.289178256450265,0.0,-0.0
183367187500.0,0.21654147324079923,0.0,-13.289178256450265,0.0,-0.0
183394531250.0,0.21654147324079923,0.0,-13.289178256450265,0.0,-0.0
183421875000.0,0.21654147324079923,0.0,-13.289178256450265,0.0,-0.0
183449218750.0,0.21654147324079923,0.0,-13.289178256450265,0.0,-0.0
183476562500.0,0.21654147324079923,0.0,-13.289178256450265,0.0,-0.0
183503906250.0,0.21654147324079923,0.0,-13.289178256450265,0.0,-0.0
183531250000.0,0.21654147324079923,0.0,-13.289178256450265,0.0,-0.0
183558593750.0,0.21654147324079923,0.0,-13.289178256450265,0.0,-0.0
183585937500.0,0.21654147324079923,0.0,-13.289178256450265,0.0,-0.0
183613281250.0,0.21654147324079923,0.0,-13.289178256450265,0.0,-0.0
183640625000.0,0.21654147324079923,0.0,-13.289178256450265,0.0,-0.0
183667968750.0,0.21654147324079923,0.0,-13.289178256450265,0.0,-0.0
183695312500.0,0.21654147324079923,0.0,-13.289178256450265,0.0,-0.0
183722656250.0,0.21654147324079923,0.0,-13.289178256450265,0.0,-0.0
183750000000.0,0.21654147324079923,0.0,-13.289178256450265,0.0,-0.0
183777343750.0,0.21654147324079923,0.0,-13.289178256450265,0.0,-0.0
183804687500.0,0.21654147324079923,0.0,-13.289178256450265,0.0,-0.0
183832031250.0,0.21654147324079923,0.0,-13.289178256450265,0.0,-0.0
183859375000.0,0.21654147324079923,0.0,-13.289178256450265,0.0,-0.0
183886718750.0,0.21654147324079923,0.0,-13.289178256450265,0.0,-0.0
183914062500.0,0.21654147324079923,0.0,-13.289178256450265,0.0,-0.0
183941406250.0,0.21654147324079923,0.0,-13.289178256450265,0.0,-0.0
183968750000.0,0.21654147324079923,0.0,-13.289178256450265,0.0,-0.0
183996093750.0,0.21654147324079923,0.0,-13.289178256450265,0.0,-0.0
184023437500.0,0.21654147324079923,0.0,-13.289178256450265,0.0,-0.0
184050781250.0,0.21654147324079923,0.0,-13.289178256450265,0.0,-0.0
184078125000.0,0.21654147324079923,0.0,-13.289178256450265,0.0,-0.0
184105468750.0,0.21654147324079923,0.0,-13.289178256450265,0.0,-0.0
184132812500.0,0.21654147324079923,0.0,-13.289178256450265,0.0,-0.0
184160156250.0,0.21654147324079923,0.0,-13.289178256450265,0.0,-0.0
184187500000.0,0.21654147324079923,0.0,-13.289178256450265,0.0,-0.0
184214843750.0,0.21654147324079923,0.0,-13.289178256450265,0.0,-0.0
184242187500.0,0.21654147324079923,0.0,-13.289178256450265,0.0,-0.0
184269531250.0,0.21654147324079923,0.0,-13.289178256450265,0.0,-0.0
184296875000.0,0.21654147324079923,0.0,-13.289178256450265,0.0,-0.0
184324218750.0,0.21654147324079923,0.0,-13.289178256450265,0.0,-0.0
184351562500.0,0.21654147324079923,0.0,-13.289178256450265,0.0,-0.0
184378906250.0,0.21654147324079923,0.0,-13.289178256450265,0.0,-0.0
184406250000.0,0.21654147324079923,0.0,-13.289178256450265,0.0,-0.0
184433593750.0,0.21654147324079923,0.0,-13.289178256450265,0.0,-0.0
184460937500.0,0.21654147324079923,0.0,-13.289178256450265,0.0,-0.0
184488281250.0,0.21654147324079923,0.0,-13.289178256450265,0.0,-0.0
184515625000.0,0.21654147324079923,0.0,-13.289178256450265,0.0,-0.0
184542968750.0,0.21654147324079923,0.0,-13.289178256450265,0.0,-0.0
184570312500.0,0.21654147324079923,0.0,-13.289178256450265,0.0,-0.0
184597656250.0,0.21654147324079923,0.0,-13.289178256450265,0.0,-0.0
184625000000.0,0.21654147324079923,0.0,-13.289178256450265,0.0,-0.0
184652343750.0,0.21654147324079923,0.0,-13.289178256450265,0.0,-0.0
184679687500.0,0.21654147324079923,0.0,-13.289178256450265,0.0,-0.0
184707031250.0,0.21654147324079923,0.0,-13.289178256450265,0.0,-0.0
184734375000.0,0.21654147324079923,0.0,-13.289178256450265,0.0,-0.0
184761718750.0,0.21654147324079923,0.0,-13.289178256450265,0.0,-0.0
184789062500.0,0.21654147324079923,0.0,-13.289178256450265,0.0,-0.0
184816406250.0,0.21654147324079923,0.0,-13.289178256450265,0.0,-0.0
184843750000.0,0.21654147324079923,0.0,-13.289178256450265,0.0,-0.0
184871093750.0,0.21654147324079923,0.0,-13.289178256450265,0.0,-0.0
184898437500.0,0.21654147324079923,0.0,-13.289178256450265,0.0,-0.0
184925781250.0,0.21654147324079923,0.0,-13.289178256450265,0.0,-0.0
184953125000.0,0.21654147324079923,0.0,-13.289178256450265,0.0,-0.0
184980468750.0,0.21654147324079923,0.0,-13.289178256450265,0.0,-0.0
185007812500.0,0.21654147324079923,0.0,-13.289178256450265,0.0,-0.0
185035156250.0,0.21654147324079923,0.0,-13.289178256450265,0.0,-0.0
185062500000.0,0.21654147324079923,0.0,-13.289178256450265,0.0,-0.0
185089843750.0,0.21654147324079923,0.0,-13.289178256450265,0.0,-0.0
185117187500.0,0.21654147324079923,0.0,-13.289178256450265,0.0,-0.0
185144531250.0,0.21654147324079923,0.0,-13.289178256450265,0.0,-0.0
185171875000.0,0.21654147324079923,0.0,-13.289178256450265,0.0,-0.0
185199218750.0,0.21654147324079923,0.0,-13.289178256450265,0.0,-0.0
185226562500.0,0.21654147324079923,0.0,-13.289178256450265,0.0,-0.0
185253906250.0,0.21654147324079923,0.0,-13.289178256450265,0.0,-0.0
185281250000.0,0.21654147324079923,0.0,-13.289178256450265,0.0,-0.0
185308593750.0,0.21654147324079923,0.0,-13.289178256450265,0.0,-0.0
185335937500.0,0.21654147324079923,0.0,-13.289178256450265,0.0,-0.0
185363281250.0,0.21654147324079923,0.0,-13.289178256450265,0.0,-0.0
185390625000.0,0.21654147324079923,0.0,-13.289178256450265,0.0,-0.0
185417968750.0,0.21654147324079923,0.0,-13.289178256450265,0.0,-0.0
185445312500.0,0.21654147324079923,0.0,-13.289178256450265,0.0,-0.0
185472656250.0,0.21654147324079923,0.0,-13.289178256450265,0.0,-0.0
185500000000.0,0.21654147324079923,0.0,-13.289178256450265,0.0,-0.0
185527343750.0,0.21654147324079923,0.0,-13.289178256450265,0.0,-0.0
185554687500.0,0.21654147324079923,0.0,-13.289178256450265,0.0,-0.0
185582031250.0,0.21654147324079923,0.0,-13.289178256450265,0.0,-0.0
185609375000.0,0.21654147324079923,0.0,-13.289178256450265,0.0,-0.0
185636718750.0,0.21654147324079923,0.0,-13.289178256450265,0.0,-0.0
185664062500.0,0.21654147324079923,0.0,-13.289178256450265,0.0,-0.0
185691406250.0,0.21654147324079923,0.0,-13.289178256450265,0.0,-0.0
185718750000.0,0.21654147324079923,0.0,-13.289178256450265,0.0,-0.0
185746093750.0,0.21654147324079923,0.0,-13.289178256450265,0.0,-0.0
185773437500.0,0.21654147324079923,0.0,-13.289178256450265,0.0,-0.0
185800781250.0,0.21654147324079923,0.0,-13.289178256450265,0.0,-0.0
185828125000.0,0.21654147324079923,0.0,-13.289178256450265,0.0,-0.0
185855468750.0,0.21654147324079923,0.0,-13.289178256450265,0.0,-0.0
185882812500.0,0.21654147324079923,0.0,-13.289178256450265,0.0,-0.0
185910156250.0,0.21654147324079923,0.0,-13.289178256450265,0.0,-0.0
185937500000.0,0.21654147324079923,0.0,-13.289178256450265,0.0,-0.0
185964843750.0,0.21654147324079923,0.0,-13.289178256450265,0.0,-0.0
185992187500.0,0.21654147324079923,0.0,-13.289178256450265,0.0,-0.0
186019531250.0,0.21654147324079923,0.0,-13.289178256450265,0.0,-0.0
186046875000.0,0.21654147324079923,0.0,-13.289178256450265,0.0,-0.0
186074218750.0,0.21654147324079923,0.0,-13.289178256450265,0.0,-0.0
186101562500.0,0.21654147324079923,0.0,-13.289178256450265,0.0,-0.0
186128906250.0,0.21654147324079923,0.0,-13.289178256450265,0.0,-0.0
186156250000.0,0.21654147324079923,0.0,-13.289178256450265,0.0,-0.0
186183593750.0,0.21654147324079923,0.0,-13.289178256450265,0.0,-0.0
186210937500.0,0.21654147324079923,0.0,-13.289178256450265,0.0,-0.0
186238281250.0,0.21654147324079923,0.0,-13.289178256450265,0.0,-0.0
186265625000.0,0.21654147324079923,0.0,-13.289178256450265,0.0,-0.0
186292968750.0,0.21654147324079923,0.0,-13.289178256450265,0.0,-0.0
186320312500.0,0.21654147324079923,0.0,-13.289178256450265,0.0,-0.0
186347656250.0,0.21654147324079923,0.0,-13.289178256450265,0.0,-0.0
186375000000.0,0.21654147324079923,0.0,-13.289178256450265,0.0,-0.0
186402343750.0,0.21654147324079923,0.0,-13.289178256450265,0.0,-0.0
186429687500.0,0.21654147324079923,0.0,-13.289178256450265,0.0,-0.0
186457031250.0,0.21654147324079923,0.0,-13.289178256450265,0.0,-0.0
186484375000.0,0.21654147324079923,0.0,-13.289178256450265,0.0,-0.0
186511718750.0,0.21654147324079923,0.0,-13.289178256450265,0.0,-0.0
186539062500.0,0.21654147324079923,0.0,-13.289178256450265,0.0,-0.0
186566406250.0,0.21654147324079923,0.0,-13.289178256450265,0.0,-0.0
186593750000.0,0.21654147324079923,0.0,-13.289178256450265,0.0,-0.0
186621093750.0,0.21654147324079923,0.0,-13.289178256450265,0.0,-0.0
186648437500.0,0.21654147324079923,0.0,-13.289178256450265,0.0,-0.0
186675781250.0,0.21654147324079923,0.0,-13.289178256450265,0.0,-0.0
186703125000.0,0.21654147324079923,0.0,-13.289178256450265,0.0,-0.0
186730468750.0,0.21654147324079923,0.0,-13.289178256450265,0.0,-0.0
186757812500.0,0.21654147324079923,0.0,-13.289178256450265,0.0,-0.0
186785156250.0,0.21654147324079923,0.0,-13.289178256450265,0.0,-0.0
186812500000.0,0.21654147324079923,0.0,-13.289178256450265,0.0,-0.0
186839843750.0,0.21654147324079923,0.0,-13.289178256450265,0.0,-0.0
186867187500.0,0.21654147324079923,0.0,-13.289178256450265,0.0,-0.0
186894531250.0,0.21654147324079923,0.0,-13.289178256450265,0.0,-0.0
186921875000.0,0.21654147324079923,0.0,-13.289178256450265,0.0,-0.0
186949218750.0,0.21654147324079923,0.0,-13.289178256450265,0.0,-0.0
186976562500.0,0.21654147324079923,0.0,-13.289178256450265,0.0,-0.0
187003906250.0,0.21654147324079923,0.0,-13.289178256450265,0.0,-0.0
187031250000.0,0.21654147324079923,0.0,-13.289178256450265,0.0,-0.0
187058593750.0,0.21654147324079923,0.0,-13.289178256450265,0.0,-0.0
187085937500.0,0.21654147324079923,0.0,-13.289178256450265,0.0,-0.0
187113281250.0,0.21654147324079923,0.0,-13.289178256450265,0.0,-0.0
187140625000.0,0.21654147324079923,0.0,-13.289178256450265,0.0,-0.0
187167968750.0,0.21654147324079923,0.0,-13.289178256450265,0.0,-0.0
187195312500.0,0.21654147324079923,0.0,-13.289178256450265,0.0,-0.0
187222656250.0,0.21654147324079923,0.0,-13.289178256450265,0.0,-0.0
187250000000.0,0.21654147324079923,0.0,-13.289178256450265,0.0,-0.0
187277343750.0,0.21654147324079923,0.0,-13.289178256450265,0.0,-0.0
187304687500.0,0.21654147324079923,0.0,-13.289178256450265,0.0,-0.0
187332031250.0,0.21654147324079923,0.0,-13.289178256450265,0.0,-0.0
187359375000.0,0.21654147324079923,0.0,-13.289178256450265,0.0,-0.0
187386718750.0,0.21654147324079923,0.0,-13.289178256450265,0.0,-0.0
187414062500.0,0.21654147324079923,0.0,-13.289178256450265,0.0,-0.0
187441406250.0,0.21654147324079923,0.0,-13.289178256450265,0.0,-0.0
187468750000.0,0.21654147324079923,0.0,-13.289178256450265,0.0,-0.0
187496093750.0,0.21654147324079923,0.0,-13.289178256450265,0.0,-0.0
187523437500.0,0.21654147324079923,0.0,-13.289178256450265,0.0,-0.0
187550781250.0,0.21654147324079923,0.0,-13.289178256450265,0.0,-0.0
187578125000.0,0.21654147324079923,0.0,-13.289178256450265,0.0,-0.0
187605468750.0,0.21654147324079923,0.0,-13.289178256450265,0.0,-0.0
187632812500.0,0.21654147324079923,0.0,-13.289178256450265,0.0,-0.0
187660156250.0,0.21654147324079923,0.0,-13.289178256450265,0.0,-0.0
187687500000.0,0.21654147324079923,0.0,-13.289178256450265,0.0,-0.0
187714843750.0,0.21654147324079923,0.0,-13.289178256450265,0.0,-0.0
187742187500.0,0.21654147324079923,0.0,-13.289178256450265,0.0,-0.0
187769531250.0,0.21654147324079923,0.0,-13.289178256450265,0.0,-0.0
187796875000.0,0.21654147324079923,0.0,-13.289178256450265,0.0,-0.0
187824218750.0,0.21654147324079923,0.0,-13.289178256450265,0.0,-0.0
187851562500.0,0.21654147324079923,0.0,-13.289178256450265,0.0,-0.0
187878906250.0,0.21654147324079923,0.0,-13.289178256450265,0.0,-0.0
187906250000.0,0.21654147324079923,0.0,-13.289178256450265,0.0,-0.0
187933593750.0,0.21654147324079923,0.0,-13.289178256450265,0.0,-0.0
187960937500.0,0.21654147324079923,0.0,-13.289178256450265,0.0,-0.0
187988281250.0,0.21654147324079923,0.0,-13.289178256450265,0.0,-0.0
188015625000.0,0.21654147324079923,0.0,-13.289178256450265,0.0,-0.0
188042968750.0,0.21654147324079923,0.0,-13.289178256450265,0.0,-0.0
188070312500.0,0.21654147324079923,0.0,-13.289178256450265,0.0,-0.0
188097656250.0,0.21654147324079923,0.0,-13.289178256450265,0.0,-0.0
188125000000.0,0.21654147324079923,0.0,-13.289178256450265,0.0,-0.0
188152343750.0,0.21654147324079923,0.0,-13.289178256450265,0.0,-0.0
188179687500.0,0.21654147324079923,0.0,-13.289178256450265,0.0,-0.0
188207031250.0,0.21654147324079923,0.0,-13.289178256450265,0.0,-0.0
188234375000.0,0.21654147324079923,0.0,-13.289178256450265,0.0,-0.0
188261718750.0,0.21654147324079923,0.0,-13.289178256450265,0.0,-0.0
188289062500.0,0.21654147324079923,0.0,-13.289178256450265,0.0,-0.0
188316406250.0,0.21654147324079923,0.0,-13.289178256450265,0.0,-0.0
188343750000.0,0.21654147324079923,0.0,-13.289178256450265,0.0,-0.0
188371093750.0,0.21654147324079923,0.0,-13.289178256450265,0.0,-0.0
188398437500.0,0.21654147324079923,0.0,-13.289178256450265,0.0,-0.0
188425781250.0,0.21654147324079923,0.0,-13.289178256450265,0.0,-0.0
188453125000.0,0.21654147324079923,0.0,-13.289178256450265,0.0,-0.0
188480468750.0,0.21654147324079923,0.0,-13.289178256450265,0.0,-0.0
188507812500.0,0.21654147324079923,0.0,-13.289178256450265,0.0,-0.0
188535156250.0,0.21654147324079923,0.0,-13.289178256450265,0.0,-0.0
188562500000.0,0.21654147324079923,0.0,-13.289178256450265,0.0,-0.0
188589843750.0,0.21654147324079923,0.0,-13.289178256450265,0.0,-0.0
188617187500.0,0.21654147324079923,0.0,-13.289178256450265,0.0,-0.0
188644531250.0,0.21654147324079923,0.0,-13.289178256450265,0.0,-0.0
188671875000.0,0.21654147324079923,0.0,-13.289178256450265,0.0,-0.0
188699218750.0,0.21654147324079923,0.0,-13.289178256450265,0.0,-0.0
188726562500.0,0.21654147324079923,0.0,-13.289178256450265,0.0,-0.0
188753906250.0,0.21654147324079923,0.0,-13.289178256450265,0.0,-0.0
188781250000.0,0.21654147324079923,0.0,-13.289178256450265,0.0,-0.0
188808593750.0,0.21654147324079923,0.0,-13.289178256450265,0.0,-0.0
188835937500.0,0.21654147324079923,0.0,-13.289178256450265,0.0,-0.0
188863281250.0,0.21654147324079923,0.0,-13.289178256450265,0.0,-0.0
188890625000.0,0.21654147324079923,0.0,-13.289178256450265,0.0,-0.0
188917968750.0,0.21654147324079923,0.0,-13.289178256450265,0.0,-0.0
188945312500.0,0.21654147324079923,0.0,-13.289178256450265,0.0,-0.0
188972656250.0,0.21654147324079923,0.0,-13.289178256450265,0.0,-0.0
189000000000.0,0.21654147324079923,0.0,-13.289178256450265,0.0,-0.0
189027343750.0,0.21654147324079923,0.0,-13.289178256450265,0.0,-0.0
189054687500.0,0.21654147324079923,0.0,-13.289178256450265,0.0,-0.0
189082031250.0,0.21654147324079923,0.0,-13.289178256450265,0.0,-0.0
189109375000.0,0.21654147324079923,0.0,-13.289178256450265,0.0,-0.0
189136718750.0,0.21654147324079923,0.0,-13.289178256450265,0.0,-0.0
189164062500.0,0.21654147324079923,0.0,-13.289178256450265,0.0,-0.0
189191406250.0,0.21654147324079923,0.0,-13.289178256450265,0.0,-0.0
189218750000.0,0.21654147324079923,0.0,-13.289178256450265,0.0,-0.0
189246093750.0,0.21654147324079923,0.0,-13.289178256450265,0.0,-0.0
189273437500.0,0.21654147324079923,0.0,-13.289178256450265,0.0,-0.0
189300781250.0,0.21654147324079923,0.0,-13.289178256450265,0.0,-0.0
189328125000.0,0.21654147324079923,0.0,-13.289178256450265,0.0,-0.0
189355468750.0,0.21654147324079923,0.0,-13.289178256450265,0.0,-0.0
189382812500.0,0.21654147324079923,0.0,-13.289178256450265,0.0,-0.0
189410156250.0,0.21654147324079923,0.0,-13.289178256450265,0.0,-0.0
189437500000.0,0.21654147324079923,0.0,-13.289178256450265,0.0,-0.0
189464843750.0,0.21654147324079923,0.0,-13.289178256450265,0.0,-0.0
189492187500.0,0.21654147324079923,0.0,-13.289178256450265,0.0,-0.0
189519531250.0,0.21654147324079923,0.0,-13.289178256450265,0.0,-0.0
189546875000.0,0.21654147324079923,0.0,-13.289178256450265,0.0,-0.0
189574218750.0,0.21654147324079923,0.0,-13.289178256450265,0.0,-0.0
189601562500.0,0.21654147324079923,0.0,-13.289178256450265,0.0,-0.0
189628906250.0,0.21654147324079923,0.0,-13.289178256450265,0.0,-0.0
189656250000.0,0.21654147324079923,0.0,-13.289178256450265,0.0,-0.0
189683593750.0,0.21654147324079923,0.0,-13.289178256450265,0.0,-0.0
189710937500.0,0.21654147324079923,0.0,-13.289178256450265,0.0,-0.0
189738281250.0,0.21654147324079923,0.0,-13.289178256450265,0.0,-0.0
189765625000.0,0.21654147324079923,0.0,-13.289178256450265,0.0,-0.0
189792968750.0,0.21654147324079923,0.0,-13.289178256450265,0.0,-0.0
189820312500.0,0.21654147324079923,0.0,-13.289178256450265,0.0,-0.0
189847656250.0,0.21654147324079923,0.0,-13.289178256450265,0.0,-0.0
189875000000.0,0.21654147324079923,0.0,-13.289178256450265,0.0,-0.0
189902343750.0,0.21654147324079923,0.0,-13.289178256450265,0.0,-0.0
189929687500.0,0.21654147324079923,0.0,-13.289178256450265,0.0,-0.0
189957031250.0,0.21654147324079923,0.0,-13.289178256450265,0.0,-0.0
189984375000.0,0.21654147324079923,0.0,-13.289178256450265,0.0,-0.0
190011718750.0,0.21654147324079923,0.0,-13.289178256450265,0.0,-0.0
190039062500.0,0.21654147324079923,0.0,-13.289178256450265,0.0,-0.0
190066406250.0,0.21654147324079923,0.0,-13.289178256450265,0.0,-0.0
190093750000.0,0.21654147324079923,0.0,-13.289178256450265,0.0,-0.0
190121093750.0,0.21654147324079923,0.0,-13.289178256450265,0.0,-0.0
190148437500.0,0.21654147324079923,0.0,-13.289178256450265,0.0,-0.0
190175781250.0,0.21654147324079923,0.0,-13.289178256450265,0.0,-0.0
190203125000.0,0.21654147324079923,0.0,-13.289178256450265,0.0,-0.0
190230468750.0,0.21654147324079923,0.0,-13.289178256450265,0.0,-0.0
190257812500.0,0.21654147324079923,0.0,-13.289178256450265,0.0,-0.0
190285156250.0,0.21654147324079923,0.0,-13.289178256450265,0.0,-0.0
190312500000.0,0.21654147324079923,0.0,-13.289178256450265,0.0,-0.0
190339843750.0,0.21654147324079923,0.0,-13.289178256450265,0.0,-0.0
190367187500.0,0.21654147324079923,0.0,-13.289178256450265,0.0,-0.0
190394531250.0,0.21654147324079923,0.0,-13.289178256450265,0.0,-0.0
190421875000.0,0.21654147324079923,0.0,-13.289178256450265,0.0,-0.0
190449218750.0,0.21654147324079923,0.0,-13.289178256450265,0.0,-0.0
190476562500.0,0.21654147324079923,0.0,-13.289178256450265,0.0,-0.0
190503906250.0,0.21654147324079923,0.0,-13.289178256450265,0.0,-0.0
190531250000.0,0.21654147324079923,0.0,-13.289178256450265,0.0,-0.0
190558593750.0,0.21654147324079923,0.0,-13.289178256450265,0.0,-0.0
190585937500.0,0.21654147324079923,0.0,-13.289178256450265,0.0,-0.0
190613281250.0,0.21654147324079923,0.0,-13.289178256450265,0.0,-0.0
190640625000.0,0.21654147324079923,0.0,-13.289178256450265,0.0,-0.0
190667968750.0,0.21654147324079923,0.0,-13.289178256450265,0.0,-0.0
190695312500.0,0.21654147324079923,0.0,-13.289178256450265,0.0,-0.0
190722656250.0,0.21654147324079923,0.0,-13.289178256450265,0.0,-0.0
190750000000.0,0.21654147324079923,0.0,-13.289178256450265,0.0,-0.0
190777343750.0,0.21654147324079923,0.0,-13.289178256450265,0.0,-0.0
190804687500.0,0.21654147324079923,0.0,-13.289178256450265,0.0,-0.0
190832031250.0,0.21654147324079923,0.0,-13.289178256450265,0.0,-0.0
190859375000.0,0.21654147324079923,0.0,-13.289178256450265,0.0,-0.0
190886718750.0,0.21654147324079923,0.0,-13.289178256450265,0.0,-0.0
190914062500.0,0.21654147324079923,0.0,-13.289178256450265,0.0,-0.0
190941406250.0,0.21654147324079923,0.0,-13.289178256450265,0.0,-0.0
190968750000.0,0.21654147324079923,0.0,-13.289178256450265,0.0,-0.0
190996093750.0,0.21654147324079923,0.0,-13.289178256450265,0.0,-0.0
191023437500.0,0.21654147324079923,0.0,-13.289178256450265,0.0,-0.0
191050781250.0,0.21654147324079923,0.0,-13.289178256450265,0.0,-0.0
191078125000.0,0.21654147324079923,0.0,-13.289178256450265,0.0,-0.0
191105468750.0,0.21654147324079923,0.0,-13.289178256450265,0.0,-0.0
191132812500.0,0.21654147324079923,0.0,-13.289178256450265,0.0,-0.0
191160156250.0,0.21654147324079923,0.0,-13.289178256450265,0.0,-0.0
191187500000.0,0.21654147324079923,0.0,-13.289178256450265,0.0,-0.0
191214843750.0,0.21654147324079923,0.0,-13.289178256450265,0.0,-0.0
191242187500.0,0.21654147324079923,0.0,-13.289178256450265,0.0,-0.0
191269531250.0,0.21654147324079923,0.0,-13.289178256450265,0.0,-0.0
191296875000.0,0.21654147324079923,0.0,-13.289178256450265,0.0,-0.0
191324218750.0,0.21654147324079923,0.0,-13.289178256450265,0.0,-0.0
191351562500.0,0.21654147324079923,0.0,-13.289178256450265,0.0,-0.0
191378906250.0,0.21654147324079923,0.0,-13.289178256450265,0.0,-0.0
191406250000.0,0.21654147324079923,0.0,-13.289178256450265,0.0,-0.0
191433593750.0,0.21654147324079923,0.0,-13.289178256450265,0.0,-0.0
191460937500.0,0.21654147324079923,0.0,-13.289178256450265,0.0,-0.0
191488281250.0,0.21654147324079923,0.0,-13.289178256450265,0.0,-0.0
191515625000.0,0.21654147324079923,0.0,-13.289178256450265,0.0,-0.0
191542968750.0,0.21654147324079923,0.0,-13.289178256450265,0.0,-0.0
191570312500.0,0.21654147324079923,0.0,-13.289178256450265,0.0,-0.0
191597656250.0,0.21654147324079923,0.0,-13.289178256450265,0.0,-0.0
191625000000.0,0.21654147324079923,0.0,-13.289178256450265,0.0,-0.0
191652343750.0,0.21654147324079923,0.0,-13.289178256450265,0.0,-0.0
191679687500.0,0.21654147324079923,0.0,-13.289178256450265,0.0,-0.0
191707031250.0,0.21654147324079923,0.0,-13.289178256450265,0.0,-0.0
191734375000.0,0.21654147324079923,0.0,-13.289178256450265,0.0,-0.0
191761718750.0,0.21654147324079923,0.0,-13.289178256450265,0.0,-0.0
191789062500.0,0.21654147324079923,0.0,-13.289178256450265,0.0,-0.0
191816406250.0,0.21654147324079923,0.0,-13.289178256450265,0.0,-0.0
191843750000.0,0.21654147324079923,0.0,-13.289178256450265,0.0,-0.0
191871093750.0,0.21654147324079923,0.0,-13.289178256450265,0.0,-0.0
191898437500.0,0.21654147324079923,0.0,-13.289178256450265,0.0,-0.0
191925781250.0,0.21654147324079923,0.0,-13.289178256450265,0.0,-0.0
191953125000.0,0.21654147324079923,0.0,-13.289178256450265,0.0,-0.0
191980468750.0,0.21654147324079923,0.0,-13.289178256450265,0.0,-0.0
192007812500.0,0.21654147324079923,0.0,-13.289178256450265,0.0,-0.0
192035156250.0,0.21654147324079923,0.0,-13.289178256450265,0.0,-0.0
192062500000.0,0.21654147324079923,0.0,-13.289178256450265,0.0,-0.0
192089843750.0,0.21654147324079923,0.0,-13.289178256450265,0.0,-0.0
192117187500.0,0.21654147324079923,0.0,-13.289178256450265,0.0,-0.0
192144531250.0,0.21654147324079923,0.0,-13.289178256450265,0.0,-0.0
192171875000.0,0.21654147324079923,0.0,-13.289178256450265,0.0,-0.0
192199218750.0,0.21654147324079923,0.0,-13.289178256450265,0.0,-0.0
192226562500.0,0.21654147324079923,0.0,-13.289178256450265,0.0,-0.0
192253906250.0,0.21654147324079923,0.0,-13.289178256450265,0.0,-0.0
192281250000.0,0.21654147324079923,0.0,-13.289178256450265,0.0,-0.0
192308593750.0,0.21654147324079923,0.0,-13.289178256450265,0.0,-0.0
192335937500.0,0.21654147324079923,0.0,-13.289178256450265,0.0,-0.0
192363281250.0,0.21654147324079923,0.0,-13.289178256450265,0.0,-0.0
192390625000.0,0.21654147324079923,0.0,-13.289178256450265,0.0,-0.0
192417968750.0,0.21654147324079923,0.0,-13.289178256450265,0.0,-0.0
192445312500.0,0.21654147324079923,0.0,-13.289178256450265,0.0,-0.0
192472656250.0,0.21654147324079923,0.0,-13.289178256450265,0.0,-0.0
192500000000.0,0.21654147324079923,0.0,-13.289178256450265,0.0,-0.0
192527343750.0,0.21654147324079923,0.0,-13.289178256450265,0.0,-0.0
192554687500.0,0.21654147324079923,0.0,-13.289178256450265,0.0,-0.0
192582031250.0,0.21654147324079923,0.0,-13.289178256450265,0.0,-0.0
192609375000.0,0.21654147324079923,0.0,-13.289178256450265,0.0,-0.0
192636718750.0,0.21654147324079923,0.0,-13.289178256450265,0.0,-0.0
192664062500.0,0.21654147324079923,0.0,-13.289178256450265,0.0,-0.0
192691406250.0,0.21654147324079923,0.0,-13.289178256450265,0.0,-0.0
192718750000.0,0.21654147324079923,0.0,-13.289178256450265,0.0,-0.0
192746093750.0,0.21654147324079923,0.0,-13.289178256450265,0.0,-0.0
192773437500.0,0.21654147324079923,0.0,-13.289178256450265,0.0,-0.0
192800781250.0,0.21654147324079923,0.0,-13.289178256450265,0.0,-0.0
192828125000.0,0.21654147324079923,0.0,-13.289178256450265,0.0,-0.0
192855468750.0,0.21654147324079923,0.0,-13.289178256450265,0.0,-0.0
192882812500.0,0.21654147324079923,0.0,-13.289178256450265,0.0,-0.0
192910156250.0,0.21654147324079923,0.0,-13.289178256450265,0.0,-0.0
192937500000.0,0.21654147324079923,0.0,-13.289178256450265,0.0,-0.0
192964843750.0,0.21654147324079923,0.0,-13.289178256450265,0.0,-0.0
192992187500.0,0.21654147324079923,0.0,-13.289178256450265,0.0,-0.0
193019531250.0,0.21654147324079923,0.0,-13.289178256450265,0.0,-0.0
193046875000.0,0.21654147324079923,0.0,-13.289178256450265,0.0,-0.0
193074218750.0,0.21654147324079923,0.0,-13.289178256450265,0.0,-0.0
193101562500.0,0.21654147324079923,0.0,-13.289178256450265,0.0,-0.0
193128906250.0,0.21654147324079923,0.0,-13.289178256450265,0.0,-0.0
193156250000.0,0.21654147324079923,0.0,-13.289178256450265,0.0,-0.0
193183593750.0,0.21654147324079923,0.0,-13.289178256450265,0.0,-0.0
193210937500.0,0.21654147324079923,0.0,-13.289178256450265,0.0,-0.0
193238281250.0,0.21654147324079923,0.0,-13.289178256450265,0.0,-0.0
193265625000.0,0.21654147324079923,0.0,-13.289178256450265,0.0,-0.0
193292968750.0,0.21654147324079923,0.0,-13.289178256450265,0.0,-0.0
193320312500.0,0.21654147324079923,0.0,-13.289178256450265,0.0,-0.0
193347656250.0,0.21654147324079923,0.0,-13.289178256450265,0.0,-0.0
193375000000.0,0.21654147324079923,0.0,-13.289178256450265,0.0,-0.0
193402343750.0,0.21654147324079923,0.0,-13.289178256450265,0.0,-0.0
193429687500.0,0.21654147324079923,0.0,-13.289178256450265,0.0,-0.0
193457031250.0,0.21654147324079923,0.0,-13.289178256450265,0.0,-0.0
193484375000.0,0.21654147324079923,0.0,-13.289178256450265,0.0,-0.0
193511718750.0,0.21654147324079923,0.0,-13.289178256450265,0.0,-0.0
193539062500.0,0.21654147324079923,0.0,-13.289178256450265,0.0,-0.0
193566406250.0,0.21654147324079923,0.0,-13.289178256450265,0.0,-0.0
193593750000.0,0.21654147324079923,0.0,-13.289178256450265,0.0,-0.0
193621093750.0,0.21654147324079923,0.0,-13.289178256450265,0.0,-0.0
193648437500.0,0.21654147324079923,0.0,-13.289178256450265,0.0,-0.0
193675781250.0,0.21654147324079923,0.0,-13.289178256450265,0.0,-0.0
193703125000.0,0.21654147324079923,0.0,-13.289178256450265,0.0,-0.0
193730468750.0,0.21654147324079923,0.0,-13.289178256450265,0.0,-0.0
193757812500.0,0.21654147324079923,0.0,-13.289178256450265,0.0,-0.0
193785156250.0,0.21654147324079923,0.0,-13.289178256450265,0.0,-0.0
193812500000.0,0.21654147324079923,0.0,-13.289178256450265,0.0,-0.0
193839843750.0,0.21654147324079923,0.0,-13.289178256450265,0.0,-0.0
193867187500.0,0.21654147324079923,0.0,-13.289178256450265,0.0,-0.0
193894531250.0,0.21654147324079923,0.0,-13.289178256450265,0.0,-0.0
193921875000.0,0.21654147324079923,0.0,-13.289178256450265,0.0,-0.0
193949218750.0,0.21654147324079923,0.0,-13.289178256450265,0.0,-0.0
193976562500.0,0.21654147324079923,0.0,-13.289178256450265,0.0,-0.0
194003906250.0,0.21654147324079923,0.0,-13.289178256450265,0.0,-0.0
194031250000.0,0.21654147324079923,0.0,-13.289178256450265,0.0,-0.0
194058593750.0,0.21654147324079923,0.0,-13.289178256450265,0.0,-0.0
194085937500.0,0.21654147324079923,0.0,-13.289178256450265,0.0,-0.0
194113281250.0,0.21654147324079923,0.0,-13.289178256450265,0.0,-0.0
194140625000.0,0.21654147324079923,0.0,-13.289178256450265,0.0,-0.0
194167968750.0,0.21654147324079923,0.0,-13.289178256450265,0.0,-0.0
194195312500.0,0.21654147324079923,0.0,-13.289178256450265,0.0,-0.0
194222656250.0,0.21654147324079923,0.0,-13.289178256450265,0.0,-0.0
194250000000.0,0.21654147324079923,0.0,-13.289178256450265,0.0,-0.0
194277343750.0,0.21654147324079923,0.0,-13.289178256450265,0.0,-0.0
194304687500.0,0.21654147324079923,0.0,-13.289178256450265,0.0,-0.0
194332031250.0,0.21654147324079923,0.0,-13.289178256450265,0.0,-0.0
194359375000.0,0.21654147324079923,0.0,-13.289178256450265,0.0,-0.0
194386718750.0,0.21654147324079923,0.0,-13.289178256450265,0.0,-0.0
194414062500.0,0.21654147324079923,0.0,-13.289178256450265,0.0,-0.0
194441406250.0,0.21654147324079923,0.0,-13.289178256450265,0.0,-0.0
194468750000.0,0.21654147324079923,0.0,-13.289178256450265,0.0,-0.0
194496093750.0,0.21654147324079923,0.0,-13.289178256450265,0.0,-0.0
194523437500.0,0.21654147324079923,0.0,-13.289178256450265,0.0,-0.0
194550781250.0,0.21654147324079923,0.0,-13.289178256450265,0.0,-0.0
194578125000.0,0.21654147324079923,0.0,-13.289178256450265,0.0,-0.0
194605468750.0,0.21654147324079923,0.0,-13.289178256450265,0.0,-0.0
194632812500.0,0.21654147324079923,0.0,-13.289178256450265,0.0,-0.0
194660156250.0,0.21654147324079923,0.0,-13.289178256450265,0.0,-0.0
194687500000.0,0.21654147324079923,0.0,-13.289178256450265,0.0,-0.0
194714843750.0,0.21654147324079923,0.0,-13.289178256450265,0.0,-0.0
194742187500.0,0.21654147324079923,0.0,-13.289178256450265,0.0,-0.0
194769531250.0,0.21654147324079923,0.0,-13.289178256450265,0.0,-0.0
194796875000.0,0.21654147324079923,0.0,-13.289178256450265,0.0,-0.0
194824218750.0,0.21654147324079923,0.0,-13.289178256450265,0.0,-0.0
194851562500.0,0.21654147324079923,0.0,-13.289178256450265,0.0,-0.0
194878906250.0,0.21654147324079923,0.0,-13.289178256450265,0.0,-0.0
194906250000.0,0.21654147324079923,0.0,-13.289178256450265,0.0,-0.0
194933593750.0,0.21654147324079923,0.0,-13.289178256450265,0.0,-0.0
194960937500.0,0.21654147324079923,0.0,-13.289178256450265,0.0,-0.0
194988281250.0,0.21654147324079923,0.0,-13.289178256450265,0.0,-0.0
195015625000.0,0.21654147324079923,0.0,-13.289178256450265,0.0,-0.0
195042968750.0,0.21654147324079923,0.0,-13.289178256450265,0.0,-0.0
195070312500.0,0.21654147324079923,0.0,-13.289178256450265,0.0,-0.0
195097656250.0,0.21654147324079923,0.0,-13.289178256450265,0.0,-0.0
195125000000.0,0.21654147324079923,0.0,-13.289178256450265,0.0,-0.0
195152343750.0,0.21654147324079923,0.0,-13.289178256450265,0.0,-0.0
195179687500.0,0.21654147324079923,0.0,-13.289178256450265,0.0,-0.0
195207031250.0,0.21654147324079923,0.0,-13.289178256450265,0.0,-0.0
195234375000.0,0.21654147324079923,0.0,-13.289178256450265,0.0,-0.0
195261718750.0,0.21654147324079923,0.0,-13.289178256450265,0.0,-0.0
195289062500.0,0.21654147324079923,0.0,-13.289178256450265,0.0,-0.0
195316406250.0,0.21654147324079923,0.0,-13.289178256450265,0.0,-0.0
195343750000.0,0.21654147324079923,0.0,-13.289178256450265,0.0,-0.0
195371093750.0,0.21654147324079923,0.0,-13.289178256450265,0.0,-0.0
195398437500.0,0.21654147324079923,0.0,-13.289178256450265,0.0,-0.0
195425781250.0,0.21654147324079923,0.0,-13.289178256450265,0.0,-0.0
195453125000.0,0.21654147324079923,0.0,-13.289178256450265,0.0,-0.0
195480468750.0,0.21654147324079923,0.0,-13.289178256450265,0.0,-0.0
195507812500.0,0.21654147324079923,0.0,-13.289178256450265,0.0,-0.0
195535156250.0,0.21654147324079923,0.0,-13.289178256450265,0.0,-0.0
195562500000.0,0.21654147324079923,0.0,-13.289178256450265,0.0,-0.0
195589843750.0,0.21654147324079923,0.0,-13.289178256450265,0.0,-0.0
195617187500.0,0.21654147324079923,0.0,-13.289178256450265,0.0,-0.0
195644531250.0,0.21654147324079923,0.0,-13.289178256450265,0.0,-0.0
195671875000.0,0.21654147324079923,0.0,-13.289178256450265,0.0,-0.0
195699218750.0,0.21654147324079923,0.0,-13.289178256450265,0.0,-0.0
195726562500.0,0.21654147324079923,0.0,-13.289178256450265,0.0,-0.0
195753906250.0,0.21654147324079923,0.0,-13.289178256450265,0.0,-0.0
195781250000.0,0.21654147324079923,0.0,-13.289178256450265,0.0,-0.0
195808593750.0,0.21654147324079923,0.0,-13.289178256450265,0.0,-0.0
195835937500.0,0.21654147324079923,0.0,-13.289178256450265,0.0,-0.0
195863281250.0,0.21654147324079923,0.0,-13.289178256450265,0.0,-0.0
195890625000.0,0.21654147324079923,0.0,-13.289178256450265,0.0,-0.0
195917968750.0,0.21654147324079923,0.0,-13.289178256450265,0.0,-0.0
195945312500.0,0.21654147324079923,0.0,-13.289178256450265,0.0,-0.0
195972656250.0,0.21654147324079923,0.0,-13.289178256450265,0.0,-0.0
196000000000.0,0.21654147324079923,0.0,-13.289178256450265,0.0,-0.0
196027343750.0,0.21654147324079923,0.0,-13.289178256450265,0.0,-0.0
196054687500.0,0.21654147324079923,0.0,-13.289178256450265,0.0,-0.0
196082031250.0,0.21654147324079923,0.0,-13.289178256450265,0.0,-0.0
196109375000.0,0.21654147324079923,0.0,-13.289178256450265,0.0,-0.0
196136718750.0,0.21654147324079923,0.0,-13.289178256450265,0.0,-0.0
196164062500.0,0.21654147324079923,0.0,-13.289178256450265,0.0,-0.0
196191406250.0,0.21654147324079923,0.0,-13.289178256450265,0.0,-0.0
196218750000.0,0.21654147324079923,0.0,-13.289178256450265,0.0,-0.0
196246093750.0,0.21654147324079923,0.0,-13.289178256450265,0.0,-0.0
196273437500.0,0.21654147324079923,0.0,-13.289178256450265,0.0,-0.0
196300781250.0,0.21654147324079923,0.0,-13.289178256450265,0.0,-0.0
196328125000.0,0.21654147324079923,0.0,-13.289178256450265,0.0,-0.0
196355468750.0,0.21654147324079923,0.0,-13.289178256450265,0.0,-0.0
196382812500.0,0.21654147324079923,0.0,-13.289178256450265,0.0,-0.0
196410156250.0,0.21654147324079923,0.0,-13.289178256450265,0.0,-0.0
196437500000.0,0.21654147324079923,0.0,-13.289178256450265,0.0,-0.0
196464843750.0,0.21654147324079923,0.0,-13.289178256450265,0.0,-0.0
196492187500.0,0.21654147324079923,0.0,-13.289178256450265,0.0,-0.0
196519531250.0,0.21654147324079923,0.0,-13.289178256450265,0.0,-0.0
196546875000.0,0.21654147324079923,0.0,-13.289178256450265,0.0,-0.0
196574218750.0,0.21654147324079923,0.0,-13.289178256450265,0.0,-0.0
196601562500.0,0.21654147324079923,0.0,-13.289178256450265,0.0,-0.0
196628906250.0,0.21654147324079923,0.0,-13.289178256450265,0.0,-0.0
196656250000.0,0.21654147324079923,0.0,-13.289178256450265,0.0,-0.0
196683593750.0,0.21654147324079923,0.0,-13.289178256450265,0.0,-0.0
196710937500.0,0.21654147324079923,0.0,-13.289178256450265,0.0,-0.0
196738281250.0,0.21654147324079923,0.0,-13.289178256450265,0.0,-0.0
196765625000.0,0.21654147324079923,0.0,-13.289178256450265,0.0,-0.0
196792968750.0,0.21654147324079923,0.0,-13.289178256450265,0.0,-0.0
196820312500.0,0.21654147324079923,0.0,-13.289178256450265,0.0,-0.0
196847656250.0,0.21654147324079923,0.0,-13.289178256450265,0.0,-0.0
196875000000.0,0.21654147324079923,0.0,-13.289178256450265,0.0,-0.0
196902343750.0,0.21654147324079923,0.0,-13.289178256450265,0.0,-0.0
196929687500.0,0.21654147324079923,0.0,-13.289178256450265,0.0,-0.0
196957031250.0,0.21654147324079923,0.0,-13.289178256450265,0.0,-0.0
196984375000.0,0.21654147324079923,0.0,-13.289178256450265,0.0,-0.0
197011718750.0,0.21654147324079923,0.0,-13.289178256450265,0.0,-0.0
197039062500.0,0.21654147324079923,0.0,-13.289178256450265,0.0,-0.0
197066406250.0,0.21654147324079923,0.0,-13.289178256450265,0.0,-0.0
197093750000.0,0.21654147324079923,0.0,-13.289178256450265,0.0,-0.0
197121093750.0,0.21654147324079923,0.0,-13.289178256450265,0.0,-0.0
197148437500.0,0.21654147324079923,0.0,-13.289178256450265,0.0,-0.0
197175781250.0,0.21654147324079923,0.0,-13.289178256450265,0.0,-0.0
197203125000.0,0.21654147324079923,0.0,-13.289178256450265,0.0,-0.0
197230468750.0,0.21654147324079923,0.0,-13.289178256450265,0.0,-0.0
197257812500.0,0.21654147324079923,0.0,-13.289178256450265,0.0,-0.0
197285156250.0,0.21654147324079923,0.0,-13.289178256450265,0.0,-0.0
197312500000.0,0.21654147324079923,0.0,-13.289178256450265,0.0,-0.0
197339843750.0,0.21654147324079923,0.0,-13.289178256450265,0.0,-0.0
197367187500.0,0.21654147324079923,0.0,-13.289178256450265,0.0,-0.0
197394531250.0,0.21654147324079923,0.0,-13.289178256450265,0.0,-0.0
197421875000.0,0.21654147324079923,0.0,-13.289178256450265,0.0,-0.0
197449218750.0,0.21654147324079923,0.0,-13.289178256450265,0.0,-0.0
197476562500.0,0.21654147324079923,0.0,-13.289178256450265,0.0,-0.0
197503906250.0,0.21654147324079923,0.0,-13.289178256450265,0.0,-0.0
197531250000.0,0.21654147324079923,0.0,-13.289178256450265,0.0,-0.0
197558593750.0,0.21654147324079923,0.0,-13.289178256450265,0.0,-0.0
197585937500.0,0.21654147324079923,0.0,-13.289178256450265,0.0,-0.0
197613281250.0,0.21654147324079923,0.0,-13.289178256450265,0.0,-0.0
197640625000.0,0.21654147324079923,0.0,-13.289178256450265,0.0,-0.0
197667968750.0,0.21654147324079923,0.0,-13.289178256450265,0.0,-0.0
197695312500.0,0.21654147324079923,0.0,-13.289178256450265,0.0,-0.0
197722656250.0,0.21654147324079923,0.0,-13.289178256450265,0.0,-0.0
197750000000.0,0.21654147324079923,0.0,-13.289178256450265,0.0,-0.0
197777343750.0,0.21654147324079923,0.0,-13.289178256450265,0.0,-0.0
197804687500.0,0.21654147324079923,0.0,-13.289178256450265,0.0,-0.0
197832031250.0,0.21654147324079923,0.0,-13.289178256450265,0.0,-0.0
197859375000.0,0.21654147324079923,0.0,-13.289178256450265,0.0,-0.0
197886718750.0,0.21654147324079923,0.0,-13.289178256450265,0.0,-0.0
197914062500.0,0.21654147324079923,0.0,-13.289178256450265,0.0,-0.0
197941406250.0,0.21654147324079923,0.0,-13.289178256450265,0.0,-0.0
197968750000.0,0.21654147324079923,0.0,-13.289178256450265,0.0,-0.0
197996093750.0,0.21654147324079923,0.0,-13.289178256450265,0.0,-0.0
198023437500.0,0.21654147324079923,0.0,-13.289178256450265,0.0,-0.0
198050781250.0,0.21654147324079923,0.0,-13.289178256450265,0.0,-0.0
198078125000.0,0.21654147324079923,0.0,-13.289178256450265,0.0,-0.0
198105468750.0,0.21654147324079923,0.0,-13.289178256450265,0.0,-0.0
198132812500.0,0.21654147324079923,0.0,-13.289178256450265,0.0,-0.0
198160156250.0,0.21654147324079923,0.0,-13.289178256450265,0.0,-0.0
198187500000.0,0.21654147324079923,0.0,-13.289178256450265,0.0,-0.0
198214843750.0,0.21654147324079923,0.0,-13.289178256450265,0.0,-0.0
198242187500.0,0.21654147324079923,0.0,-13.289178256450265,0.0,-0.0
198269531250.0,0.21654147324079923,0.0,-13.289178256450265,0.0,-0.0
198296875000.0,0.21654147324079923,0.0,-13.289178256450265,0.0,-0.0
198324218750.0,0.21654147324079923,0.0,-13.289178256450265,0.0,-0.0
198351562500.0,0.21654147324079923,0.0,-13.289178256450265,0.0,-0.0
198378906250.0,0.21654147324079923,0.0,-13.289178256450265,0.0,-0.0
198406250000.0,0.21654147324079923,0.0,-13.289178256450265,0.0,-0.0
198433593750.0,0.21654147324079923,0.0,-13.289178256450265,0.0,-0.0
198460937500.0,0.21654147324079923,0.0,-13.289178256450265,0.0,-0.0
198488281250.0,0.21654147324079923,0.0,-13.289178256450265,0.0,-0.0
198515625000.0,0.21654147324079923,0.0,-13.289178256450265,0.0,-0.0
198542968750.0,0.21654147324079923,0.0,-13.289178256450265,0.0,-0.0
198570312500.0,0.21654147324079923,0.0,-13.289178256450265,0.0,-0.0
198597656250.0,0.21654147324079923,0.0,-13.289178256450265,0.0,-0.0
198625000000.0,0.21654147324079923,0.0,-13.289178256450265,0.0,-0.0
198652343750.0,0.21654147324079923,0.0,-13.289178256450265,0.0,-0.0
198679687500.0,0.21654147324079923,0.0,-13.289178256450265,0.0,-0.0
198707031250.0,0.21654147324079923,0.0,-13.289178256450265,0.0,-0.0
198734375000.0,0.21654147324079923,0.0,-13.289178256450265,0.0,-0.0
198761718750.0,0.21654147324079923,0.0,-13.289178256450265,0.0,-0.0
198789062500.0,0.21654147324079923,0.0,-13.289178256450265,0.0,-0.0
198816406250.0,0.21654147324079923,0.0,-13.289178256450265,0.0,-0.0
198843750000.0,0.21654147324079923,0.0,-13.289178256450265,0.0,-0.0
198871093750.0,0.21654147324079923,0.0,-13.289178256450265,0.0,-0.0
198898437500.0,0.21654147324079923,0.0,-13.289178256450265,0.0,-0.0
198925781250.0,0.21654147324079923,0.0,-13.289178256450265,0.0,-0.0
198953125000.0,0.21654147324079923,0.0,-13.289178256450265,0.0,-0.0
198980468750.0,0.21654147324079923,0.0,-13.289178256450265,0.0,-0.0
199007812500.0,0.21654147324079923,0.0,-13.289178256450265,0.0,-0.0
199035156250.0,0.21654147324079923,0.0,-13.289178256450265,0.0,-0.0
199062500000.0,0.21654147324079923,0.0,-13.289178256450265,0.0,-0.0
199089843750.0,0.21654147324079923,0.0,-13.289178256450265,0.0,-0.0
199117187500.0,0.21654147324079923,0.0,-13.289178256450265,0.0,-0.0
199144531250.0,0.21654147324079923,0.0,-13.289178256450265,0.0,-0.0
199171875000.0,0.21654147324079923,0.0,-13.289178256450265,0.0,-0.0
199199218750.0,0.21654147324079923,0.0,-13.289178256450265,0.0,-0.0
199226562500.0,0.21654147324079923,0.0,-13.289178256450265,0.0,-0.0
199253906250.0,0.21654147324079923,0.0,-13.289178256450265,0.0,-0.0
199281250000.0,0.21654147324079923,0.0,-13.289178256450265,0.0,-0.0
199308593750.0,0.21654147324079923,0.0,-13.289178256450265,0.0,-0.0
199335937500.0,0.21654147324079923,0.0,-13.289178256450265,0.0,-0.0
199363281250.0,0.21654147324079923,0.0,-13.289178256450265,0.0,-0.0
199390625000.0,0.21654147324079923,0.0,-13.289178256450265,0.0,-0.0
199417968750.0,0.21654147324079923,0.0,-13.289178256450265,0.0,-0.0
199445312500.0,0.21654147324079923,0.0,-13.289178256450265,0.0,-0.0
199472656250.0,0.21654147324079923,0.0,-13.289178256450265,0.0,-0.0
199500000000.0,0.21654147324079923,0.0,-13.289178256450265,0.0,-0.0
199527343750.0,0.21654147324079923,0.0,-13.289178256450265,0.0,-0.0
199554687500.0,0.21654147324079923,0.0,-13.289178256450265,0.0,-0.0
199582031250.0,0.21654147324079923,0.0,-13.289178256450265,0.0,-0.0
199609375000.0,0.21654147324079923,0.0,-13.289178256450265,0.0,-0.0
199636718750.0,0.21654147324079923,0.0,-13.289178256450265,0.0,-0.0
199664062500.0,0.21654147324079923,0.0,-13.289178256450265,0.0,-0.0
199691406250.0,0.21654147324079923,0.0,-13.289178256450265,0.0,-0.0
199718750000.0,0.21654147324079923,0.0,-13.289178256450265,0.0,-0.0
199746093750.0,0.21654147324079923,0.0,-13.289178256450265,0.0,-0.0
199773437500.0,0.21654147324079923,0.0,-13.289178256450265,0.0,-0.0
199800781250.0,0.21654147324079923,0.0,-13.289178256450265,0.0,-0.0
199828125000.0,0.21654147324079923,0.0,-13.289178256450265,0.0,-0.0
199855468750.0,0.21654147324079923,0.0,-13.289178256450265,0.0,-0.0
199882812500.0,0.21654147324079923,0.0,-13.289178256450265,0.0,-0.0
199910156250.0,0.21654147324079923,0.0,-13.289178256450265,0.0,-0.0
199937500000.0,0.21654147324079923,0.0,-13.289178256450265,0.0,-0.0
199964843750.0,0.21654147324079923,0.0,-13.289178256450265,0.0,-0.0
199992187500.0,0.21654147324079923,0.0,-13.289178256450265,0.0,-0.0
200019531250.0,0.21654147324079923,0.0,-13.289178256450265,0.0,-0.0
200046875000.0,0.21654147324079923,0.0,-13.289178256450265,0.0,-0.0
200074218750.0,0.21654147324079923,0.0,-13.289178256450265,0.0,-0.0
200101562500.0,0.21654147324079923,0.0,-13.289178256450265,0.0,-0.0
200128906250.0,0.21654147324079923,0.0,-13.289178256450265,0.0,-0.0
200156250000.0,0.21654147324079923,0.0,-13.289178256450265,0.0,-0.0
200183593750.0,0.21654147324079923,0.0,-13.289178256450265,0.0,-0.0
200210937500.0,0.21654147324079923,0.0,-13.289178256450265,0.0,-0.0
200238281250.0,0.21654147324079923,0.0,-13.289178256450265,0.0,-0.0
200265625000.0,0.21654147324079923,0.0,-13.289178256450265,0.0,-0.0
200292968750.0,0.21654147324079923,0.0,-13.289178256450265,0.0,-0.0
200320312500.0,0.21654147324079923,0.0,-13.289178256450265,0.0,-0.0
200347656250.0,0.21654147324079923,0.0,-13.289178256450265,0.0,-0.0
200375000000.0,0.21654147324079923,0.0,-13.289178256450265,0.0,-0.0
200402343750.0,0.21654147324079923,0.0,-13.289178256450265,0.0,-0.0
200429687500.0,0.21654147324079923,0.0,-13.289178256450265,0.0,-0.0
200457031250.0,0.21654147324079923,0.0,-13.289178256450265,0.0,-0.0
200484375000.0,0.21654147324079923,0.0,-13.289178256450265,0.0,-0.0
200511718750.0,0.21654147324079923,0.0,-13.289178256450265,0.0,-0.0
200539062500.0,0.21654147324079923,0.0,-13.289178256450265,0.0,-0.0
200566406250.0,0.21654147324079923,0.0,-13.289178256450265,0.0,-0.0
200593750000.0,0.21654147324079923,0.0,-13.289178256450265,0.0,-0.0
200621093750.0,0.21654147324079923,0.0,-13.289178256450265,0.0,-0.0
200648437500.0,0.21654147324079923,0.0,-13.289178256450265,0.0,-0.0
200675781250.0,0.21654147324079923,0.0,-13.289178256450265,0.0,-0.0
200703125000.0,0.21654147324079923,0.0,-13.289178256450265,0.0,-0.0
200730468750.0,0.21654147324079923,0.0,-13.289178256450265,0.0,-0.0
200757812500.0,0.21654147324079923,0.0,-13.289178256450265,0.0,-0.0
200785156250.0,0.21654147324079923,0.0,-13.289178256450265,0.0,-0.0
200812500000.0,0.21654147324079923,0.0,-13.289178256450265,0.0,-0.0
200839843750.0,0.21654147324079923,0.0,-13.289178256450265,0.0,-0.0
200867187500.0,0.21654147324079923,0.0,-13.289178256450265,0.0,-0.0
200894531250.0,0.21654147324079923,0.0,-13.289178256450265,0.0,-0.0
200921875000.0,0.21654147324079923,0.0,-13.289178256450265,0.0,-0.0
200949218750.0,0.21654147324079923,0.0,-13.289178256450265,0.0,-0.0
200976562500.0,0.21654147324079923,0.0,-13.289178256450265,0.0,-0.0
201003906250.0,0.21654147324079923,0.0,-13.289178256450265,0.0,-0.0
201031250000.0,0.21654147324079923,0.0,-13.289178256450265,0.0,-0.0
201058593750.0,0.21654147324079923,0.0,-13.289178256450265,0.0,-0.0
201085937500.0,0.21654147324079923,0.0,-13.289178256450265,0.0,-0.0
201113281250.0,0.21654147324079923,0.0,-13.289178256450265,0.0,-0.0
201140625000.0,0.21654147324079923,0.0,-13.289178256450265,0.0,-0.0
201167968750.0,0.21654147324079923,0.0,-13.289178256450265,0.0,-0.0
201195312500.0,0.21654147324079923,0.0,-13.289178256450265,0.0,-0.0
201222656250.0,0.21654147324079923,0.0,-13.289178256450265,0.0,-0.0
201250000000.0,0.21654147324079923,0.0,-13.289178256450265,0.0,-0.0
201277343750.0,0.21654147324079923,0.0,-13.289178256450265,0.0,-0.0
201304687500.0,0.21654147324079923,0.0,-13.289178256450265,0.0,-0.0
201332031250.0,0.21654147324079923,0.0,-13.289178256450265,0.0,-0.0
201359375000.0,0.21654147324079923,0.0,-13.289178256450265,0.0,-0.0
201386718750.0,0.21654147324079923,0.0,-13.289178256450265,0.0,-0.0
201414062500.0,0.21654147324079923,0.0,-13.289178256450265,0.0,-0.0
201441406250.0,0.21654147324079923,0.0,-13.289178256450265,0.0,-0.0
201468750000.0,0.21654147324079923,0.0,-13.289178256450265,0.0,-0.0
201496093750.0,0.21654147324079923,0.0,-13.289178256450265,0.0,-0.0
201523437500.0,0.21654147324079923,0.0,-13.289178256450265,0.0,-0.0
201550781250.0,0.21654147324079923,0.0,-13.289178256450265,0.0,-0.0
201578125000.0,0.21654147324079923,0.0,-13.289178256450265,0.0,-0.0
201605468750.0,0.21654147324079923,0.0,-13.289178256450265,0.0,-0.0
201632812500.0,0.21654147324079923,0.0,-13.289178256450265,0.0,-0.0
201660156250.0,0.21654147324079923,0.0,-13.289178256450265,0.0,-0.0
201687500000.0,0.21654147324079923,0.0,-13.289178256450265,0.0,-0.0
201714843750.0,0.21654147324079923,0.0,-13.289178256450265,0.0,-0.0
201742187500.0,0.21654147324079923,0.0,-13.289178256450265,0.0,-0.0
201769531250.0,0.21654147324079923,0.0,-13.289178256450265,0.0,-0.0
201796875000.0,0.21654147324079923,0.0,-13.289178256450265,0.0,-0.0
201824218750.0,0.21654147324079923,0.0,-13.289178256450265,0.0,-0.0
201851562500.0,0.21654147324079923,0.0,-13.289178256450265,0.0,-0.0
201878906250.0,0.21654147324079923,0.0,-13.289178256450265,0.0,-0.0
201906250000.0,0.21654147324079923,0.0,-13.289178256450265,0.0,-0.0
201933593750.0,0.21654147324079923,0.0,-13.289178256450265,0.0,-0.0
201960937500.0,0.21654147324079923,0.0,-13.289178256450265,0.0,-0.0
201988281250.0,0.21654147324079923,0.0,-13.289178256450265,0.0,-0.0
202015625000.0,0.21654147324079923,0.0,-13.289178256450265,0.0,-0.0
202042968750.0,0.21654147324079923,0.0,-13.289178256450265,0.0,-0.0
202070312500.0,0.21654147324079923,0.0,-13.289178256450265,0.0,-0.0
202097656250.0,0.21654147324079923,0.0,-13.289178256450265,0.0,-0.0
202125000000.0,0.21654147324079923,0.0,-13.289178256450265,0.0,-0.0
202152343750.0,0.21654147324079923,0.0,-13.289178256450265,0.0,-0.0
202179687500.0,0.21654147324079923,0.0,-13.289178256450265,0.0,-0.0
202207031250.0,0.21654147324079923,0.0,-13.289178256450265,0.0,-0.0
202234375000.0,0.21654147324079923,0.0,-13.289178256450265,0.0,-0.0
202261718750.0,0.21654147324079923,0.0,-13.289178256450265,0.0,-0.0
202289062500.0,0.21654147324079923,0.0,-13.289178256450265,0.0,-0.0
202316406250.0,0.21654147324079923,0.0,-13.289178256450265,0.0,-0.0
202343750000.0,0.21654147324079923,0.0,-13.289178256450265,0.0,-0.0
202371093750.0,0.21654147324079923,0.0,-13.289178256450265,0.0,-0.0
202398437500.0,0.21654147324079923,0.0,-13.289178256450265,0.0,-0.0
202425781250.0,0.21654147324079923,0.0,-13.289178256450265,0.0,-0.0
202453125000.0,0.21654147324079923,0.0,-13.289178256450265,0.0,-0.0
202480468750.0,0.21654147324079923,0.0,-13.289178256450265,0.0,-0.0
202507812500.0,0.21654147324079923,0.0,-13.289178256450265,0.0,-0.0
202535156250.0,0.21654147324079923,0.0,-13.289178256450265,0.0,-0.0
202562500000.0,0.21654147324079923,0.0,-13.289178256450265,0.0,-0.0
202589843750.0,0.21654147324079923,0.0,-13.289178256450265,0.0,-0.0
202617187500.0,0.21654147324079923,0.0,-13.289178256450265,0.0,-0.0
202644531250.0,0.21654147324079923,0.0,-13.289178256450265,0.0,-0.0
202671875000.0,0.21654147324079923,0.0,-13.289178256450265,0.0,-0.0
202699218750.0,0.21654147324079923,0.0,-13.289178256450265,0.0,-0.0
202726562500.0,0.21654147324079923,0.0,-13.289178256450265,0.0,-0.0
202753906250.0,0.21654147324079923,0.0,-13.289178256450265,0.0,-0.0
202781250000.0,0.21654147324079923,0.0,-13.289178256450265,0.0,-0.0
202808593750.0,0.21654147324079923,0.0,-13.289178256450265,0.0,-0.0
202835937500.0,0.21654147324079923,0.0,-13.289178256450265,0.0,-0.0
202863281250.0,0.21654147324079923,0.0,-13.289178256450265,0.0,-0.0
202890625000.0,0.21654147324079923,0.0,-13.289178256450265,0.0,-0.0
202917968750.0,0.21654147324079923,0.0,-13.289178256450265,0.0,-0.0
202945312500.0,0.21654147324079923,0.0,-13.289178256450265,0.0,-0.0
202972656250.0,0.21654147324079923,0.0,-13.289178256450265,0.0,-0.0
203000000000.0,0.21654147324079923,0.0,-13.289178256450265,0.0,-0.0
203027343750.0,0.21654147324079923,0.0,-13.289178256450265,0.0,-0.0
203054687500.0,0.21654147324079923,0.0,-13.289178256450265,0.0,-0.0
203082031250.0,0.21654147324079923,0.0,-13.289178256450265,0.0,-0.0
203109375000.0,0.21654147324079923,0.0,-13.289178256450265,0.0,-0.0
203136718750.0,0.21654147324079923,0.0,-13.289178256450265,0.0,-0.0
203164062500.0,0.21654147324079923,0.0,-13.289178256450265,0.0,-0.0
203191406250.0,0.21654147324079923,0.0,-13.289178256450265,0.0,-0.0
203218750000.0,0.21654147324079923,0.0,-13.289178256450265,0.0,-0.0
203246093750.0,0.21654147324079923,0.0,-13.289178256450265,0.0,-0.0
203273437500.0,0.21654147324079923,0.0,-13.289178256450265,0.0,-0.0
203300781250.0,0.21654147324079923,0.0,-13.289178256450265,0.0,-0.0
203328125000.0,0.21654147324079923,0.0,-13.289178256450265,0.0,-0.0
203355468750.0,0.21654147324079923,0.0,-13.289178256450265,0.0,-0.0
203382812500.0,0.21654147324079923,0.0,-13.289178256450265,0.0,-0.0
203410156250.0,0.21654147324079923,0.0,-13.289178256450265,0.0,-0.0
203437500000.0,0.21654147324079923,0.0,-13.289178256450265,0.0,-0.0
203464843750.0,0.21654147324079923,0.0,-13.289178256450265,0.0,-0.0
203492187500.0,0.21654147324079923,0.0,-13.289178256450265,0.0,-0.0
203519531250.0,0.21654147324079923,0.0,-13.289178256450265,0.0,-0.0
203546875000.0,0.21654147324079923,0.0,-13.289178256450265,0.0,-0.0
203574218750.0,0.21654147324079923,0.0,-13.289178256450265,0.0,-0.0
203601562500.0,0.21654147324079923,0.0,-13.289178256450265,0.0,-0.0
203628906250.0,0.21654147324079923,0.0,-13.289178256450265,0.0,-0.0
203656250000.0,0.21654147324079923,0.0,-13.289178256450265,0.0,-0.0
203683593750.0,0.21654147324079923,0.0,-13.289178256450265,0.0,-0.0
203710937500.0,0.21654147324079923,0.0,-13.289178256450265,0.0,-0.0
203738281250.0,0.21654147324079923,0.0,-13.289178256450265,0.0,-0.0
203765625000.0,0.21654147324079923,0.0,-13.289178256450265,0.0,-0.0
203792968750.0,0.21654147324079923,0.0,-13.289178256450265,0.0,-0.0
203820312500.0,0.21654147324079923,0.0,-13.289178256450265,0.0,-0.0
203847656250.0,0.21654147324079923,0.0,-13.289178256450265,0.0,-0.0
203875000000.0,0.21654147324079923,0.0,-13.289178256450265,0.0,-0.0
203902343750.0,0.21654147324079923,0.0,-13.289178256450265,0.0,-0.0
203929687500.0,0.21654147324079923,0.0,-13.289178256450265,0.0,-0.0
203957031250.0,0.21654147324079923,0.0,-13.289178256450265,0.0,-0.0
203984375000.0,0.21654147324079923,0.0,-13.289178256450265,0.0,-0.0
204011718750.0,0.21654147324079923,0.0,-13.289178256450265,0.0,-0.0
204039062500.0,0.21654147324079923,0.0,-13.289178256450265,0.0,-0.0
204066406250.0,0.21654147324079923,0.0,-13.289178256450265,0.0,-0.0
204093750000.0,0.21654147324079923,0.0,-13.289178256450265,0.0,-0.0
204121093750.0,0.21654147324079923,0.0,-13.289178256450265,0.0,-0.0
204148437500.0,0.21654147324079923,0.0,-13.289178256450265,0.0,-0.0
204175781250.0,0.21654147324079923,0.0,-13.289178256450265,0.0,-0.0
204203125000.0,0.21654147324079923,0.0,-13.289178256450265,0.0,-0.0
204230468750.0,0.21654147324079923,0.0,-13.289178256450265,0.0,-0.0
204257812500.0,0.21654147324079923,0.0,-13.289178256450265,0.0,-0.0
204285156250.0,0.21654147324079923,0.0,-13.289178256450265,0.0,-0.0
204312500000.0,0.21654147324079923,0.0,-13.289178256450265,0.0,-0.0
204339843750.0,0.21654147324079923,0.0,-13.289178256450265,0.0,-0.0
204367187500.0,0.21654147324079923,0.0,-13.289178256450265,0.0,-0.0
204394531250.0,0.21654147324079923,0.0,-13.289178256450265,0.0,-0.0
204421875000.0,0.21654147324079923,0.0,-13.289178256450265,0.0,-0.0
204449218750.0,0.21654147324079923,0.0,-13.289178256450265,0.0,-0.0
204476562500.0,0.21654147324079923,0.0,-13.289178256450265,0.0,-0.0
204503906250.0,0.21654147324079923,0.0,-13.289178256450265,0.0,-0.0
204531250000.0,0.21654147324079923,0.0,-13.289178256450265,0.0,-0.0
204558593750.0,0.21654147324079923,0.0,-13.289178256450265,0.0,-0.0
204585937500.0,0.21654147324079923,0.0,-13.289178256450265,0.0,-0.0
204613281250.0,0.21654147324079923,0.0,-13.289178256450265,0.0,-0.0
204640625000.0,0.21654147324079923,0.0,-13.289178256450265,0.0,-0.0
204667968750.0,0.21654147324079923,0.0,-13.289178256450265,0.0,-0.0
204695312500.0,0.21654147324079923,0.0,-13.289178256450265,0.0,-0.0
204722656250.0,0.21654147324079923,0.0,-13.289178256450265,0.0,-0.0
204750000000.0,0.21654147324079923,0.0,-13.289178256450265,0.0,-0.0
204777343750.0,0.21654147324079923,0.0,-13.289178256450265,0.0,-0.0
204804687500.0,0.21654147324079923,0.0,-13.289178256450265,0.0,-0.0
204832031250.0,0.21654147324079923,0.0,-13.289178256450265,0.0,-0.0
204859375000.0,0.21654147324079923,0.0,-13.289178256450265,0.0,-0.0
204886718750.0,0.21654147324079923,0.0,-13.289178256450265,0.0,-0.0
204914062500.0,0.21654147324079923,0.0,-13.289178256450265,0.0,-0.0
204941406250.0,0.21654147324079923,0.0,-13.289178256450265,0.0,-0.0
204968750000.0,0.21654147324079923,0.0,-13.289178256450265,0.0,-0.0
204996093750.0,0.21654147324079923,0.0,-13.289178256450265,0.0,-0.0
205023437500.0,0.21654147324079923,0.0,-13.289178256450265,0.0,-0.0
205050781250.0,0.21654147324079923,0.0,-13.289178256450265,0.0,-0.0
205078125000.0,0.21654147324079923,0.0,-13.289178256450265,0.0,-0.0
205105468750.0,0.21654147324079923,0.0,-13.289178256450265,0.0,-0.0
205132812500.0,0.21654147324079923,0.0,-13.289178256450265,0.0,-0.0
205160156250.0,0.21654147324079923,0.0,-13.289178256450265,0.0,-0.0
205187500000.0,0.21654147324079923,0.0,-13.289178256450265,0.0,-0.0
205214843750.0,0.21654147324079923,0.0,-13.289178256450265,0.0,-0.0
205242187500.0,0.21654147324079923,0.0,-13.289178256450265,0.0,-0.0
205269531250.0,0.21654147324079923,0.0,-13.289178256450265,0.0,-0.0
205296875000.0,0.21654147324079923,0.0,-13.289178256450265,0.0,-0.0
205324218750.0,0.21654147324079923,0.0,-13.289178256450265,0.0,-0.0
205351562500.0,0.21654147324079923,0.0,-13.289178256450265,0.0,-0.0
205378906250.0,0.21654147324079923,0.0,-13.289178256450265,0.0,-0.0
205406250000.0,0.21654147324079923,0.0,-13.289178256450265,0.0,-0.0
205433593750.0,0.21654147324079923,0.0,-13.289178256450265,0.0,-0.0
205460937500.0,0.21654147324079923,0.0,-13.289178256450265,0.0,-0.0
205488281250.0,0.21654147324079923,0.0,-13.289178256450265,0.0,-0.0
205515625000.0,0.21654147324079923,0.0,-13.289178256450265,0.0,-0.0
205542968750.0,0.21654147324079923,0.0,-13.289178256450265,0.0,-0.0
205570312500.0,0.21654147324079923,0.0,-13.289178256450265,0.0,-0.0
205597656250.0,0.21654147324079923,0.0,-13.289178256450265,0.0,-0.0
205625000000.0,0.21654147324079923,0.0,-13.289178256450265,0.0,-0.0
205652343750.0,0.21654147324079923,0.0,-13.289178256450265,0.0,-0.0
205679687500.0,0.21654147324079923,0.0,-13.289178256450265,0.0,-0.0
205707031250.0,0.21654147324079923,0.0,-13.289178256450265,0.0,-0.0
205734375000.0,0.21654147324079923,0.0,-13.289178256450265,0.0,-0.0
205761718750.0,0.21654147324079923,0.0,-13.289178256450265,0.0,-0.0
205789062500.0,0.21654147324079923,0.0,-13.289178256450265,0.0,-0.0
205816406250.0,0.21654147324079923,0.0,-13.289178256450265,0.0,-0.0
205843750000.0,0.21654147324079923,0.0,-13.289178256450265,0.0,-0.0
205871093750.0,0.21654147324079923,0.0,-13.289178256450265,0.0,-0.0
205898437500.0,0.21654147324079923,0.0,-13.289178256450265,0.0,-0.0
205925781250.0,0.21654147324079923,0.0,-13.289178256450265,0.0,-0.0
205953125000.0,0.21654147324079923,0.0,-13.289178256450265,0.0,-0.0
205980468750.0,0.21654147324079923,0.0,-13.289178256450265,0.0,-0.0
206007812500.0,0.21654147324079923,0.0,-13.289178256450265,0.0,-0.0
206035156250.0,0.21654147324079923,0.0,-13.289178256450265,0.0,-0.0
206062500000.0,0.21654147324079923,0.0,-13.289178256450265,0.0,-0.0
206089843750.0,0.21654147324079923,0.0,-13.289178256450265,0.0,-0.0
206117187500.0,0.21654147324079923,0.0,-13.289178256450265,0.0,-0.0
206144531250.0,0.21654147324079923,0.0,-13.289178256450265,0.0,-0.0
206171875000.0,0.21654147324079923,0.0,-13.289178256450265,0.0,-0.0
206199218750.0,0.21654147324079923,0.0,-13.289178256450265,0.0,-0.0
206226562500.0,0.21654147324079923,0.0,-13.289178256450265,0.0,-0.0
206253906250.0,0.21654147324079923,0.0,-13.289178256450265,0.0,-0.0
206281250000.0,0.21654147324079923,0.0,-13.289178256450265,0.0,-0.0
206308593750.0,0.21654147324079923,0.0,-13.289178256450265,0.0,-0.0
206335937500.0,0.21654147324079923,0.0,-13.289178256450265,0.0,-0.0
206363281250.0,0.21654147324079923,0.0,-13.289178256450265,0.0,-0.0
206390625000.0,0.21654147324079923,0.0,-13.289178256450265,0.0,-0.0
206417968750.0,0.21654147324079923,0.0,-13.289178256450265,0.0,-0.0
206445312500.0,0.21654147324079923,0.0,-13.289178256450265,0.0,-0.0
206472656250.0,0.21654147324079923,0.0,-13.289178256450265,0.0,-0.0
206500000000.0,0.21654147324079923,0.0,-13.289178256450265,0.0,-0.0
206527343750.0,0.21654147324079923,0.0,-13.289178256450265,0.0,-0.0
206554687500.0,0.21654147324079923,0.0,-13.289178256450265,0.0,-0.0
206582031250.0,0.21654147324079923,0.0,-13.289178256450265,0.0,-0.0
206609375000.0,0.21654147324079923,0.0,-13.289178256450265,0.0,-0.0
206636718750.0,0.21654147324079923,0.0,-13.289178256450265,0.0,-0.0
206664062500.0,0.21654147324079923,0.0,-13.289178256450265,0.0,-0.0
206691406250.0,0.21654147324079923,0.0,-13.289178256450265,0.0,-0.0
206718750000.0,0.21654147324079923,0.0,-13.289178256450265,0.0,-0.0
206746093750.0,0.21654147324079923,0.0,-13.289178256450265,0.0,-0.0
206773437500.0,0.21654147324079923,0.0,-13.289178256450265,0.0,-0.0
206800781250.0,0.21654147324079923,0.0,-13.289178256450265,0.0,-0.0
206828125000.0,0.21654147324079923,0.0,-13.289178256450265,0.0,-0.0
206855468750.0,0.21654147324079923,0.0,-13.289178256450265,0.0,-0.0
206882812500.0,0.21654147324079923,0.0,-13.289178256450265,0.0,-0.0
206910156250.0,0.21654147324079923,0.0,-13.289178256450265,0.0,-0.0
206937500000.0,0.21654147324079923,0.0,-13.289178256450265,0.0,-0.0
206964843750.0,0.21654147324079923,0.0,-13.289178256450265,0.0,-0.0
206992187500.0,0.21654147324079923,0.0,-13.289178256450265,0.0,-0.0
207019531250.0,0.21654147324079923,0.0,-13.289178256450265,0.0,-0.0
207046875000.0,0.21654147324079923,0.0,-13.289178256450265,0.0,-0.0
207074218750.0,0.21654147324079923,0.0,-13.289178256450265,0.0,-0.0
207101562500.0,0.21654147324079923,0.0,-13.289178256450265,0.0,-0.0
207128906250.0,0.21654147324079923,0.0,-13.289178256450265,0.0,-0.0
207156250000.0,0.21654147324079923,0.0,-13.289178256450265,0.0,-0.0
207183593750.0,0.21654147324079923,0.0,-13.289178256450265,0.0,-0.0
207210937500.0,0.21654147324079923,0.0,-13.289178256450265,0.0,-0.0
207238281250.0,0.21654147324079923,0.0,-13.289178256450265,0.0,-0.0
207265625000.0,0.21654147324079923,0.0,-13.289178256450265,0.0,-0.0
207292968750.0,0.21654147324079923,0.0,-13.289178256450265,0.0,-0.0
207320312500.0,0.21654147324079923,0.0,-13.289178256450265,0.0,-0.0
207347656250.0,0.21654147324079923,0.0,-13.289178256450265,0.0,-0.0
207375000000.0,0.21654147324079923,0.0,-13.289178256450265,0.0,-0.0
207402343750.0,0.21654147324079923,0.0,-13.289178256450265,0.0,-0.0
207429687500.0,0.21654147324079923,0.0,-13.289178256450265,0.0,-0.0
207457031250.0,0.21654147324079923,0.0,-13.289178256450265,0.0,-0.0
207484375000.0,0.21654147324079923,0.0,-13.289178256450265,0.0,-0.0
207511718750.0,0.21654147324079923,0.0,-13.289178256450265,0.0,-0.0
207539062500.0,0.21654147324079923,0.0,-13.289178256450265,0.0,-0.0
207566406250.0,0.21654147324079923,0.0,-13.289178256450265,0.0,-0.0
207593750000.0,0.21654147324079923,0.0,-13.289178256450265,0.0,-0.0
207621093750.0,0.21654147324079923,0.0,-13.289178256450265,0.0,-0.0
207648437500.0,0.21654147324079923,0.0,-13.289178256450265,0.0,-0.0
207675781250.0,0.21654147324079923,0.0,-13.289178256450265,0.0,-0.0
207703125000.0,0.21654147324079923,0.0,-13.289178256450265,0.0,-0.0
207730468750.0,0.21654147324079923,0.0,-13.289178256450265,0.0,-0.0
207757812500.0,0.21654147324079923,0.0,-13.289178256450265,0.0,-0.0
207785156250.0,0.21654147324079923,0.0,-13.289178256450265,0.0,-0.0
207812500000.0,0.21654147324079923,0.0,-13.289178256450265,0.0,-0.0
207839843750.0,0.21654147324079923,0.0,-13.289178256450265,0.0,-0.0
207867187500.0,0.21654147324079923,0.0,-13.289178256450265,0.0,-0.0
207894531250.0,0.21654147324079923,0.0,-13.289178256450265,0.0,-0.0
207921875000.0,0.21654147324079923,0.0,-13.289178256450265,0.0,-0.0
207949218750.0,0.21654147324079923,0.0,-13.289178256450265,0.0,-0.0
207976562500.0,0.21654147324079923,0.0,-13.289178256450265,0.0,-0.0
208003906250.0,0.21654147324079923,0.0,-13.289178256450265,0.0,-0.0
208031250000.0,0.21654147324079923,0.0,-13.289178256450265,0.0,-0.0
208058593750.0,0.21654147324079923,0.0,-13.289178256450265,0.0,-0.0
208085937500.0,0.21654147324079923,0.0,-13.289178256450265,0.0,-0.0
208113281250.0,0.21654147324079923,0.0,-13.289178256450265,0.0,-0.0
208140625000.0,0.21654147324079923,0.0,-13.289178256450265,0.0,-0.0
208167968750.0,0.21654147324079923,0.0,-13.289178256450265,0.0,-0.0
208195312500.0,0.21654147324079923,0.0,-13.289178256450265,0.0,-0.0
208222656250.0,0.21654147324079923,0.0,-13.289178256450265,0.0,-0.0
208250000000.0,0.21654147324079923,0.0,-13.289178256450265,0.0,-0.0
208277343750.0,0.21654147324079923,0.0,-13.289178256450265,0.0,-0.0
208304687500.0,0.21654147324079923,0.0,-13.289178256450265,0.0,-0.0
208332031250.0,0.21654147324079923,0.0,-13.289178256450265,0.0,-0.0
208359375000.0,0.21654147324079923,0.0,-13.289178256450265,0.0,-0.0
208386718750.0,0.21654147324079923,0.0,-13.289178256450265,0.0,-0.0
208414062500.0,0.21654147324079923,0.0,-13.289178256450265,0.0,-0.0
208441406250.0,0.21654147324079923,0.0,-13.289178256450265,0.0,-0.0
208468750000.0,0.21654147324079923,0.0,-13.289178256450265,0.0,-0.0
208496093750.0,0.21654147324079923,0.0,-13.289178256450265,0.0,-0.0
208523437500.0,0.21654147324079923,0.0,-13.289178256450265,0.0,-0.0
208550781250.0,0.21654147324079923,0.0,-13.289178256450265,0.0,-0.0
208578125000.0,0.21654147324079923,0.0,-13.289178256450265,0.0,-0.0
208605468750.0,0.21654147324079923,0.0,-13.289178256450265,0.0,-0.0
208632812500.0,0.21654147324079923,0.0,-13.289178256450265,0.0,-0.0
208660156250.0,0.21654147324079923,0.0,-13.289178256450265,0.0,-0.0
208687500000.0,0.21654147324079923,0.0,-13.289178256450265,0.0,-0.0
208714843750.0,0.21654147324079923,0.0,-13.289178256450265,0.0,-0.0
208742187500.0,0.21654147324079923,0.0,-13.289178256450265,0.0,-0.0
208769531250.0,0.21654147324079923,0.0,-13.289178256450265,0.0,-0.0
208796875000.0,0.21654147324079923,0.0,-13.289178256450265,0.0,-0.0
208824218750.0,0.21654147324079923,0.0,-13.289178256450265,0.0,-0.0
208851562500.0,0.21654147324079923,0.0,-13.289178256450265,0.0,-0.0
208878906250.0,0.21654147324079923,0.0,-13.289178256450265,0.0,-0.0
208906250000.0,0.21654147324079923,0.0,-13.289178256450265,0.0,-0.0
208933593750.0,0.21654147324079923,0.0,-13.289178256450265,0.0,-0.0
208960937500.0,0.21654147324079923,0.0,-13.289178256450265,0.0,-0.0
208988281250.0,0.21654147324079923,0.0,-13.289178256450265,0.0,-0.0
209015625000.0,0.21654147324079923,0.0,-13.289178256450265,0.0,-0.0
209042968750.0,0.21654147324079923,0.0,-13.289178256450265,0.0,-0.0
209070312500.0,0.21654147324079923,0.0,-13.289178256450265,0.0,-0.0
209097656250.0,0.21654147324079923,0.0,-13.289178256450265,0.0,-0.0
209125000000.0,0.21654147324079923,0.0,-13.289178256450265,0.0,-0.0
209152343750.0,0.21654147324079923,0.0,-13.289178256450265,0.0,-0.0
209179687500.0,0.21654147324079923,0.0,-13.289178256450265,0.0,-0.0
209207031250.0,0.21654147324079923,0.0,-13.289178256450265,0.0,-0.0
209234375000.0,0.21654147324079923,0.0,-13.289178256450265,0.0,-0.0
209261718750.0,0.21654147324079923,0.0,-13.289178256450265,0.0,-0.0
209289062500.0,0.21654147324079923,0.0,-13.289178256450265,0.0,-0.0
209316406250.0,0.21654147324079923,0.0,-13.289178256450265,0.0,-0.0
209343750000.0,0.21654147324079923,0.0,-13.289178256450265,0.0,-0.0
209371093750.0,0.21654147324079923,0.0,-13.289178256450265,0.0,-0.0
209398437500.0,0.21654147324079923,0.0,-13.289178256450265,0.0,-0.0
209425781250.0,0.21654147324079923,0.0,-13.289178256450265,0.0,-0.0
209453125000.0,0.21654147324079923,0.0,-13.289178256450265,0.0,-0.0
209480468750.0,0.21654147324079923,0.0,-13.289178256450265,0.0,-0.0
209507812500.0,0.21654147324079923,0.0,-13.289178256450265,0.0,-0.0
209535156250.0,0.21654147324079923,0.0,-13.289178256450265,0.0,-0.0
209562500000.0,0.21654147324079923,0.0,-13.289178256450265,0.0,-0.0
209589843750.0,0.21654147324079923,0.0,-13.289178256450265,0.0,-0.0
209617187500.0,0.21654147324079923,0.0,-13.289178256450265,0.0,-0.0
209644531250.0,0.21654147324079923,0.0,-13.289178256450265,0.0,-0.0
209671875000.0,0.21654147324079923,0.0,-13.289178256450265,0.0,-0.0
209699218750.0,0.21654147324079923,0.0,-13.289178256450265,0.0,-0.0
209726562500.0,0.21654147324079923,0.0,-13.289178256450265,0.0,-0.0
209753906250.0,0.21654147324079923,0.0,-13.289178256450265,0.0,-0.0
209781250000.0,0.21654147324079923,0.0,-13.289178256450265,0.0,-0.0
209808593750.0,0.21654147324079923,0.0,-13.289178256450265,0.0,-0.0
209835937500.0,0.21654147324079923,0.0,-13.289178256450265,0.0,-0.0
209863281250.0,0.21654147324079923,0.0,-13.289178256450265,0.0,-0.0
209890625000.0,0.21654147324079923,0.0,-13.289178256450265,0.0,-0.0
209917968750.0,0.21654147324079923,0.0,-13.289178256450265,0.0,-0.0
209945312500.0,0.21654147324079923,0.0,-13.289178256450265,0.0,-0.0
209972656250.0,0.21654147324079923,0.0,-13.289178256450265,0.0,-0.0
210000000000.0,0.21654147324079923,0.0,-13.289178256450265,0.0,-0.0
210027343750.0,0.21654147324079923,0.0,-13.289178256450265,0.0,-0.0
210054687500.0,0.21654147324079923,0.0,-13.289178256450265,0.0,-0.0
210082031250.0,0.21654147324079923,0.0,-13.289178256450265,0.0,-0.0
210109375000.0,0.21654147324079923,0.0,-13.289178256450265,0.0,-0.0
210136718750.0,0.21654147324079923,0.0,-13.289178256450265,0.0,-0.0
210164062500.0,0.21654147324079923,0.0,-13.289178256450265,0.0,-0.0
210191406250.0,0.21654147324079923,0.0,-13.289178256450265,0.0,-0.0
210218750000.0,0.21654147324079923,0.0,-13.289178256450265,0.0,-0.0
210246093750.0,0.21654147324079923,0.0,-13.289178256450265,0.0,-0.0
210273437500.0,0.21654147324079923,0.0,-13.289178256450265,0.0,-0.0
210300781250.0,0.21654147324079923,0.0,-13.289178256450265,0.0,-0.0
210328125000.0,0.21654147324079923,0.0,-13.289178256450265,0.0,-0.0
210355468750.0,0.21654147324079923,0.0,-13.289178256450265,0.0,-0.0
210382812500.0,0.21654147324079923,0.0,-13.289178256450265,0.0,-0.0
210410156250.0,0.21654147324079923,0.0,-13.289178256450265,0.0,-0.0
210437500000.0,0.21654147324079923,0.0,-13.289178256450265,0.0,-0.0
210464843750.0,0.21654147324079923,0.0,-13.289178256450265,0.0,-0.0
210492187500.0,0.21654147324079923,0.0,-13.289178256450265,0.0,-0.0
210519531250.0,0.21654147324079923,0.0,-13.289178256450265,0.0,-0.0
210546875000.0,0.21654147324079923,0.0,-13.289178256450265,0.0,-0.0
210574218750.0,0.21654147324079923,0.0,-13.289178256450265,0.0,-0.0
210601562500.0,0.21654147324079923,0.0,-13.289178256450265,0.0,-0.0
210628906250.0,0.21654147324079923,0.0,-13.289178256450265,0.0,-0.0
210656250000.0,0.21654147324079923,0.0,-13.289178256450265,0.0,-0.0
210683593750.0,0.21654147324079923,0.0,-13.289178256450265,0.0,-0.0
210710937500.0,0.21654147324079923,0.0,-13.289178256450265,0.0,-0.0
210738281250.0,0.21654147324079923,0.0,-13.289178256450265,0.0,-0.0
210765625000.0,0.21654147324079923,0.0,-13.289178256450265,0.0,-0.0
210792968750.0,0.21654147324079923,0.0,-13.289178256450265,0.0,-0.0
210820312500.0,0.21654147324079923,0.0,-13.289178256450265,0.0,-0.0
210847656250.0,0.21654147324079923,0.0,-13.289178256450265,0.0,-0.0
210875000000.0,0.21654147324079923,0.0,-13.289178256450265,0.0,-0.0
210902343750.0,0.21654147324079923,0.0,-13.289178256450265,0.0,-0.0
210929687500.0,0.21654147324079923,0.0,-13.289178256450265,0.0,-0.0
210957031250.0,0.21654147324079923,0.0,-13.289178256450265,0.0,-0.0
210984375000.0,0.21654147324079923,0.0,-13.289178256450265,0.0,-0.0
211011718750.0,0.21654147324079923,0.0,-13.289178256450265,0.0,-0.0
211039062500.0,0.21654147324079923,0.0,-13.289178256450265,0.0,-0.0
211066406250.0,0.21654147324079923,0.0,-13.289178256450265,0.0,-0.0
211093750000.0,0.21654147324079923,0.0,-13.289178256450265,0.0,-0.0
211121093750.0,0.21654147324079923,0.0,-13.289178256450265,0.0,-0.0
211148437500.0,0.21654147324079923,0.0,-13.289178256450265,0.0,-0.0
211175781250.0,0.21654147324079923,0.0,-13.289178256450265,0.0,-0.0
211203125000.0,0.21654147324079923,0.0,-13.289178256450265,0.0,-0.0
211230468750.0,0.21654147324079923,0.0,-13.289178256450265,0.0,-0.0
211257812500.0,0.21654147324079923,0.0,-13.289178256450265,0.0,-0.0
211285156250.0,0.21654147324079923,0.0,-13.289178256450265,0.0,-0.0
211312500000.0,0.21654147324079923,0.0,-13.289178256450265,0.0,-0.0
211339843750.0,0.21654147324079923,0.0,-13.289178256450265,0.0,-0.0
211367187500.0,0.21654147324079923,0.0,-13.289178256450265,0.0,-0.0
211394531250.0,0.21654147324079923,0.0,-13.289178256450265,0.0,-0.0
211421875000.0,0.21654147324079923,0.0,-13.289178256450265,0.0,-0.0
211449218750.0,0.21654147324079923,0.0,-13.289178256450265,0.0,-0.0
211476562500.0,0.21654147324079923,0.0,-13.289178256450265,0.0,-0.0
211503906250.0,0.21654147324079923,0.0,-13.289178256450265,0.0,-0.0
211531250000.0,0.21654147324079923,0.0,-13.289178256450265,0.0,-0.0
211558593750.0,0.21654147324079923,0.0,-13.289178256450265,0.0,-0.0
211585937500.0,0.21654147324079923,0.0,-13.289178256450265,0.0,-0.0
211613281250.0,0.21654147324079923,0.0,-13.289178256450265,0.0,-0.0
211640625000.0,0.21654147324079923,0.0,-13.289178256450265,0.0,-0.0
211667968750.0,0.21654147324079923,0.0,-13.289178256450265,0.0,-0.0
211695312500.0,0.21654147324079923,0.0,-13.289178256450265,0.0,-0.0
211722656250.0,0.21654147324079923,0.0,-13.289178256450265,0.0,-0.0
211750000000.0,0.21654147324079923,0.0,-13.289178256450265,0.0,-0.0
211777343750.0,0.21654147324079923,0.0,-13.289178256450265,0.0,-0.0
211804687500.0,0.21654147324079923,0.0,-13.289178256450265,0.0,-0.0
211832031250.0,0.21654147324079923,0.0,-13.289178256450265,0.0,-0.0
211859375000.0,0.21654147324079923,0.0,-13.289178256450265,0.0,-0.0
211886718750.0,0.21654147324079923,0.0,-13.289178256450265,0.0,-0.0
211914062500.0,0.21654147324079923,0.0,-13.289178256450265,0.0,-0.0
211941406250.0,0.21654147324079923,0.0,-13.289178256450265,0.0,-0.0
211968750000.0,0.21654147324079923,0.0,-13.289178256450265,0.0,-0.0
211996093750.0,0.21654147324079923,0.0,-13.289178256450265,0.0,-0.0
212023437500.0,0.21654147324079923,0.0,-13.289178256450265,0.0,-0.0
212050781250.0,0.21654147324079923,0.0,-13.289178256450265,0.0,-0.0
212078125000.0,0.21654147324079923,0.0,-13.289178256450265,0.0,-0.0
212105468750.0,0.21654147324079923,0.0,-13.289178256450265,0.0,-0.0
212132812500.0,0.21654147324079923,0.0,-13.289178256450265,0.0,-0.0
212160156250.0,0.21654147324079923,0.0,-13.289178256450265,0.0,-0.0
212187500000.0,0.21654147324079923,0.0,-13.289178256450265,0.0,-0.0
212214843750.0,0.21654147324079923,0.0,-13.289178256450265,0.0,-0.0
212242187500.0,0.21654147324079923,0.0,-13.289178256450265,0.0,-0.0
212269531250.0,0.21654147324079923,0.0,-13.289178256450265,0.0,-0.0
212296875000.0,0.21654147324079923,0.0,-13.289178256450265,0.0,-0.0
212324218750.0,0.21654147324079923,0.0,-13.289178256450265,0.0,-0.0
212351562500.0,0.21654147324079923,0.0,-13.289178256450265,0.0,-0.0
212378906250.0,0.21654147324079923,0.0,-13.289178256450265,0.0,-0.0
212406250000.0,0.21654147324079923,0.0,-13.289178256450265,0.0,-0.0
212433593750.0,0.21654147324079923,0.0,-13.289178256450265,0.0,-0.0
212460937500.0,0.21654147324079923,0.0,-13.289178256450265,0.0,-0.0
212488281250.0,0.21654147324079923,0.0,-13.289178256450265,0.0,-0.0
212515625000.0,0.21654147324079923,0.0,-13.289178256450265,0.0,-0.0
212542968750.0,0.21654147324079923,0.0,-13.289178256450265,0.0,-0.0
212570312500.0,0.21654147324079923,0.0,-13.289178256450265,0.0,-0.0
212597656250.0,0.21654147324079923,0.0,-13.289178256450265,0.0,-0.0
212625000000.0,0.21654147324079923,0.0,-13.289178256450265,0.0,-0.0
212652343750.0,0.21654147324079923,0.0,-13.289178256450265,0.0,-0.0
212679687500.0,0.21654147324079923,0.0,-13.289178256450265,0.0,-0.0
212707031250.0,0.21654147324079923,0.0,-13.289178256450265,0.0,-0.0
212734375000.0,0.21654147324079923,0.0,-13.289178256450265,0.0,-0.0
212761718750.0,0.21654147324079923,0.0,-13.289178256450265,0.0,-0.0
212789062500.0,0.21654147324079923,0.0,-13.289178256450265,0.0,-0.0
212816406250.0,0.21654147324079923,0.0,-13.289178256450265,0.0,-0.0
212843750000.0,0.21654147324079923,0.0,-13.289178256450265,0.0,-0.0
212871093750.0,0.21654147324079923,0.0,-13.289178256450265,0.0,-0.0
212898437500.0,0.21654147324079923,0.0,-13.289178256450265,0.0,-0.0
212925781250.0,0.21654147324079923,0.0,-13.289178256450265,0.0,-0.0
212953125000.0,0.21654147324079923,0.0,-13.289178256450265,0.0,-0.0
212980468750.0,0.21654147324079923,0.0,-13.289178256450265,0.0,-0.0
213007812500.0,0.21654147324079923,0.0,-13.289178256450265,0.0,-0.0
213035156250.0,0.21654147324079923,0.0,-13.289178256450265,0.0,-0.0
213062500000.0,0.21654147324079923,0.0,-13.289178256450265,0.0,-0.0
213089843750.0,0.21654147324079923,0.0,-13.289178256450265,0.0,-0.0
213117187500.0,0.21654147324079923,0.0,-13.289178256450265,0.0,-0.0
213144531250.0,0.21654147324079923,0.0,-13.289178256450265,0.0,-0.0
213171875000.0,0.21654147324079923,0.0,-13.289178256450265,0.0,-0.0
213199218750.0,0.21654147324079923,0.0,-13.289178256450265,0.0,-0.0
213226562500.0,0.21654147324079923,0.0,-13.289178256450265,0.0,-0.0
213253906250.0,0.21654147324079923,0.0,-13.289178256450265,0.0,-0.0
213281250000.0,0.21654147324079923,0.0,-13.289178256450265,0.0,-0.0
213308593750.0,0.21654147324079923,0.0,-13.289178256450265,0.0,-0.0
213335937500.0,0.21654147324079923,0.0,-13.289178256450265,0.0,-0.0
213363281250.0,0.21654147324079923,0.0,-13.289178256450265,0.0,-0.0
213390625000.0,0.21654147324079923,0.0,-13.289178256450265,0.0,-0.0
213417968750.0,0.21654147324079923,0.0,-13.289178256450265,0.0,-0.0
213445312500.0,0.21654147324079923,0.0,-13.289178256450265,0.0,-0.0
213472656250.0,0.21654147324079923,0.0,-13.289178256450265,0.0,-0.0
213500000000.0,0.21654147324079923,0.0,-13.289178256450265,0.0,-0.0
213527343750.0,0.21654147324079923,0.0,-13.289178256450265,0.0,-0.0
213554687500.0,0.21654147324079923,0.0,-13.289178256450265,0.0,-0.0
213582031250.0,0.21654147324079923,0.0,-13.289178256450265,0.0,-0.0
213609375000.0,0.21654147324079923,0.0,-13.289178256450265,0.0,-0.0
213636718750.0,0.21654147324079923,0.0,-13.289178256450265,0.0,-0.0
213664062500.0,0.21654147324079923,0.0,-13.289178256450265,0.0,-0.0
213691406250.0,0.21654147324079923,0.0,-13.289178256450265,0.0,-0.0
213718750000.0,0.21654147324079923,0.0,-13.289178256450265,0.0,-0.0
213746093750.0,0.21654147324079923,0.0,-13.289178256450265,0.0,-0.0
213773437500.0,0.21654147324079923,0.0,-13.289178256450265,0.0,-0.0
213800781250.0,0.21654147324079923,0.0,-13.289178256450265,0.0,-0.0
213828125000.0,0.21654147324079923,0.0,-13.289178256450265,0.0,-0.0
213855468750.0,0.21654147324079923,0.0,-13.289178256450265,0.0,-0.0
213882812500.0,0.21654147324079923,0.0,-13.289178256450265,0.0,-0.0
213910156250.0,0.21654147324079923,0.0,-13.289178256450265,0.0,-0.0
213937500000.0,0.21654147324079923,0.0,-13.289178256450265,0.0,-0.0
213964843750.0,0.21654147324079923,0.0,-13.289178256450265,0.0,-0.0
213992187500.0,0.21654147324079923,0.0,-13.289178256450265,0.0,-0.0
214019531250.0,0.21654147324079923,0.0,-13.289178256450265,0.0,-0.0
214046875000.0,0.21654147324079923,0.0,-13.289178256450265,0.0,-0.0
214074218750.0,0.21654147324079923,0.0,-13.289178256450265,0.0,-0.0
214101562500.0,0.21654147324079923,0.0,-13.289178256450265,0.0,-0.0
214128906250.0,0.21654147324079923,0.0,-13.289178256450265,0.0,-0.0
214156250000.0,0.21654147324079923,0.0,-13.289178256450265,0.0,-0.0
214183593750.0,0.21654147324079923,0.0,-13.289178256450265,0.0,-0.0
214210937500.0,0.21654147324079923,0.0,-13.289178256450265,0.0,-0.0
214238281250.0,0.21654147324079923,0.0,-13.289178256450265,0.0,-0.0
214265625000.0,0.21654147324079923,0.0,-13.289178256450265,0.0,-0.0
214292968750.0,0.21654147324079923,0.0,-13.289178256450265,0.0,-0.0
214320312500.0,0.21654147324079923,0.0,-13.289178256450265,0.0,-0.0
214347656250.0,0.21654147324079923,0.0,-13.289178256450265,0.0,-0.0
214375000000.0,0.21654147324079923,0.0,-13.289178256450265,0.0,-0.0
214402343750.0,0.21654147324079923,0.0,-13.289178256450265,0.0,-0.0
214429687500.0,0.21654147324079923,0.0,-13.289178256450265,0.0,-0.0
214457031250.0,0.21654147324079923,0.0,-13.289178256450265,0.0,-0.0
214484375000.0,0.21654147324079923,0.0,-13.289178256450265,0.0,-0.0
214511718750.0,0.21654147324079923,0.0,-13.289178256450265,0.0,-0.0
214539062500.0,0.21654147324079923,0.0,-13.289178256450265,0.0,-0.0
214566406250.0,0.21654147324079923,0.0,-13.289178256450265,0.0,-0.0
214593750000.0,0.21654147324079923,0.0,-13.289178256450265,0.0,-0.0
214621093750.0,0.21654147324079923,0.0,-13.289178256450265,0.0,-0.0
214648437500.0,0.21654147324079923,0.0,-13.289178256450265,0.0,-0.0
214675781250.0,0.21654147324079923,0.0,-13.289178256450265,0.0,-0.0
214703125000.0,0.21654147324079923,0.0,-13.289178256450265,0.0,-0.0
214730468750.0,0.21654147324079923,0.0,-13.289178256450265,0.0,-0.0
214757812500.0,0.21654147324079923,0.0,-13.289178256450265,0.0,-0.0
214785156250.0,0.21654147324079923,0.0,-13.289178256450265,0.0,-0.0
214812500000.0,0.21654147324079923,0.0,-13.289178256450265,0.0,-0.0
214839843750.0,0.21654147324079923,0.0,-13.289178256450265,0.0,-0.0
214867187500.0,0.21654147324079923,0.0,-13.289178256450265,0.0,-0.0
214894531250.0,0.21654147324079923,0.0,-13.289178256450265,0.0,-0.0
214921875000.0,0.21654147324079923,0.0,-13.289178256450265,0.0,-0.0
214949218750.0,0.21654147324079923,0.0,-13.289178256450265,0.0,-0.0
214976562500.0,0.21654147324079923,0.0,-13.289178256450265,0.0,-0.0
215003906250.0,0.21654147324079923,0.0,-13.289178256450265,0.0,-0.0
215031250000.0,0.21654147324079923,0.0,-13.289178256450265,0.0,-0.0
215058593750.0,0.21654147324079923,0.0,-13.289178256450265,0.0,-0.0
215085937500.0,0.21654147324079923,0.0,-13.289178256450265,0.0,-0.0
215113281250.0,0.21654147324079923,0.0,-13.289178256450265,0.0,-0.0
215140625000.0,0.21654147324079923,0.0,-13.289178256450265,0.0,-0.0
215167968750.0,0.21654147324079923,0.0,-13.289178256450265,0.0,-0.0
215195312500.0,0.21654147324079923,0.0,-13.289178256450265,0.0,-0.0
215222656250.0,0.21654147324079923,0.0,-13.289178256450265,0.0,-0.0
215250000000.0,0.21654147324079923,0.0,-13.289178256450265,0.0,-0.0
215277343750.0,0.21654147324079923,0.0,-13.289178256450265,0.0,-0.0
215304687500.0,0.21654147324079923,0.0,-13.289178256450265,0.0,-0.0
215332031250.0,0.21654147324079923,0.0,-13.289178256450265,0.0,-0.0
215359375000.0,0.21654147324079923,0.0,-13.289178256450265,0.0,-0.0
215386718750.0,0.21654147324079923,0.0,-13.289178256450265,0.0,-0.0
215414062500.0,0.21654147324079923,0.0,-13.289178256450265,0.0,-0.0
215441406250.0,0.21654147324079923,0.0,-13.289178256450265,0.0,-0.0
215468750000.0,0.21654147324079923,0.0,-13.289178256450265,0.0,-0.0
215496093750.0,0.21654147324079923,0.0,-13.289178256450265,0.0,-0.0
215523437500.0,0.21654147324079923,0.0,-13.289178256450265,0.0,-0.0
215550781250.0,0.21654147324079923,0.0,-13.289178256450265,0.0,-0.0
215578125000.0,0.21654147324079923,0.0,-13.289178256450265,0.0,-0.0
215605468750.0,0.21654147324079923,0.0,-13.289178256450265,0.0,-0.0
215632812500.0,0.21654147324079923,0.0,-13.289178256450265,0.0,-0.0
215660156250.0,0.21654147324079923,0.0,-13.289178256450265,0.0,-0.0
215687500000.0,0.21654147324079923,0.0,-13.289178256450265,0.0,-0.0
215714843750.0,0.21654147324079923,0.0,-13.289178256450265,0.0,-0.0
215742187500.0,0.21654147324079923,0.0,-13.289178256450265,0.0,-0.0
215769531250.0,0.21654147324079923,0.0,-13.289178256450265,0.0,-0.0
215796875000.0,0.21654147324079923,0.0,-13.289178256450265,0.0,-0.0
215824218750.0,0.21654147324079923,0.0,-13.289178256450265,0.0,-0.0
215851562500.0,0.21654147324079923,0.0,-13.289178256450265,0.0,-0.0
215878906250.0,0.21654147324079923,0.0,-13.289178256450265,0.0,-0.0
215906250000.0,0.21654147324079923,0.0,-13.289178256450265,0.0,-0.0
215933593750.0,0.21654147324079923,0.0,-13.289178256450265,0.0,-0.0
215960937500.0,0.21654147324079923,0.0,-13.289178256450265,0.0,-0.0
215988281250.0,0.21654147324079923,0.0,-13.289178256450265,0.0,-0.0
216015625000.0,0.21654147324079923,0.0,-13.289178256450265,0.0,-0.0
216042968750.0,0.21654147324079923,0.0,-13.289178256450265,0.0,-0.0
216070312500.0,0.21654147324079923,0.0,-13.289178256450265,0.0,-0.0
216097656250.0,0.21654147324079923,0.0,-13.289178256450265,0.0,-0.0
216125000000.0,0.21654147324079923,0.0,-13.289178256450265,0.0,-0.0
216152343750.0,0.21654147324079923,0.0,-13.289178256450265,0.0,-0.0
216179687500.0,0.21654147324079923,0.0,-13.289178256450265,0.0,-0.0
216207031250.0,0.21654147324079923,0.0,-13.289178256450265,0.0,-0.0
216234375000.0,0.21654147324079923,0.0,-13.289178256450265,0.0,-0.0
216261718750.0,0.21654147324079923,0.0,-13.289178256450265,0.0,-0.0
216289062500.0,0.21654147324079923,0.0,-13.289178256450265,0.0,-0.0
216316406250.0,0.21654147324079923,0.0,-13.289178256450265,0.0,-0.0
216343750000.0,0.21654147324079923,0.0,-13.289178256450265,0.0,-0.0
216371093750.0,0.21654147324079923,0.0,-13.289178256450265,0.0,-0.0
216398437500.0,0.21654147324079923,0.0,-13.289178256450265,0.0,-0.0
216425781250.0,0.21654147324079923,0.0,-13.289178256450265,0.0,-0.0
216453125000.0,0.21654147324079923,0.0,-13.289178256450265,0.0,-0.0
216480468750.0,0.21654147324079923,0.0,-13.289178256450265,0.0,-0.0
216507812500.0,0.21654147324079923,0.0,-13.289178256450265,0.0,-0.0
216535156250.0,0.21654147324079923,0.0,-13.289178256450265,0.0,-0.0
216562500000.0,0.21654147324079923,0.0,-13.289178256450265,0.0,-0.0
216589843750.0,0.21654147324079923,0.0,-13.289178256450265,0.0,-0.0
216617187500.0,0.21654147324079923,0.0,-13.289178256450265,0.0,-0.0
216644531250.0,0.21654147324079923,0.0,-13.289178256450265,0.0,-0.0
216671875000.0,0.21654147324079923,0.0,-13.289178256450265,0.0,-0.0
216699218750.0,0.21654147324079923,0.0,-13.289178256450265,0.0,-0.0
216726562500.0,0.21654147324079923,0.0,-13.289178256450265,0.0,-0.0
216753906250.0,0.21654147324079923,0.0,-13.289178256450265,0.0,-0.0
216781250000.0,0.21654147324079923,0.0,-13.289178256450265,0.0,-0.0
216808593750.0,0.21654147324079923,0.0,-13.289178256450265,0.0,-0.0
216835937500.0,0.21654147324079923,0.0,-13.289178256450265,0.0,-0.0
216863281250.0,0.21654147324079923,0.0,-13.289178256450265,0.0,-0.0
216890625000.0,0.21654147324079923,0.0,-13.289178256450265,0.0,-0.0
216917968750.0,0.21654147324079923,0.0,-13.289178256450265,0.0,-0.0
216945312500.0,0.21654147324079923,0.0,-13.289178256450265,0.0,-0.0
216972656250.0,0.21654147324079923,0.0,-13.289178256450265,0.0,-0.0
217000000000.0,0.21654147324079923,0.0,-13.289178256450265,0.0,-0.0
217027343750.0,0.21654147324079923,0.0,-13.289178256450265,0.0,-0.0
217054687500.0,0.21654147324079923,0.0,-13.289178256450265,0.0,-0.0
217082031250.0,0.21654147324079923,0.0,-13.289178256450265,0.0,-0.0
217109375000.0,0.21654147324079923,0.0,-13.289178256450265,0.0,-0.0
217136718750.0,0.21654147324079923,0.0,-13.289178256450265,0.0,-0.0
217164062500.0,0.21654147324079923,0.0,-13.289178256450265,0.0,-0.0
217191406250.0,0.21654147324079923,0.0,-13.289178256450265,0.0,-0.0
217218750000.0,0.21654147324079923,0.0,-13.289178256450265,0.0,-0.0
217246093750.0,0.21654147324079923,0.0,-13.289178256450265,0.0,-0.0
217273437500.0,0.21654147324079923,0.0,-13.289178256450265,0.0,-0.0
217300781250.0,0.21654147324079923,0.0,-13.289178256450265,0.0,-0.0
217328125000.0,0.21654147324079923,0.0,-13.289178256450265,0.0,-0.0
217355468750.0,0.21654147324079923,0.0,-13.289178256450265,0.0,-0.0
217382812500.0,0.21654147324079923,0.0,-13.289178256450265,0.0,-0.0
217410156250.0,0.21654147324079923,0.0,-13.289178256450265,0.0,-0.0
217437500000.0,0.21654147324079923,0.0,-13.289178256450265,0.0,-0.0
217464843750.0,0.21654147324079923,0.0,-13.289178256450265,0.0,-0.0
217492187500.0,0.21654147324079923,0.0,-13.289178256450265,0.0,-0.0
217519531250.0,0.21654147324079923,0.0,-13.289178256450265,0.0,-0.0
217546875000.0,0.21654147324079923,0.0,-13.289178256450265,0.0,-0.0
217574218750.0,0.21654147324079923,0.0,-13.289178256450265,0.0,-0.0
217601562500.0,0.21654147324079923,0.0,-13.289178256450265,0.0,-0.0
217628906250.0,0.21654147324079923,0.0,-13.289178256450265,0.0,-0.0
217656250000.0,0.21654147324079923,0.0,-13.289178256450265,0.0,-0.0
217683593750.0,0.21654147324079923,0.0,-13.289178256450265,0.0,-0.0
217710937500.0,0.21654147324079923,0.0,-13.289178256450265,0.0,-0.0
217738281250.0,0.21654147324079923,0.0,-13.289178256450265,0.0,-0.0
217765625000.0,0.21654147324079923,0.0,-13.289178256450265,0.0,-0.0
217792968750.0,0.21654147324079923,0.0,-13.289178256450265,0.0,-0.0
217820312500.0,0.21654147324079923,0.0,-13.289178256450265,0.0,-0.0
217847656250.0,0.21654147324079923,0.0,-13.289178256450265,0.0,-0.0
217875000000.0,0.21654147324079923,0.0,-13.289178256450265,0.0,-0.0
217902343750.0,0.21654147324079923,0.0,-13.289178256450265,0.0,-0.0
217929687500.0,0.21654147324079923,0.0,-13.289178256450265,0.0,-0.0
217957031250.0,0.21654147324079923,0.0,-13.289178256450265,0.0,-0.0
217984375000.0,0.21654147324079923,0.0,-13.289178256450265,0.0,-0.0
218011718750.0,0.21654147324079923,0.0,-13.289178256450265,0.0,-0.0
218039062500.0,0.21654147324079923,0.0,-13.289178256450265,0.0,-0.0
218066406250.0,0.21654147324079923,0.0,-13.289178256450265,0.0,-0.0
218093750000.0,0.21654147324079923,0.0,-13.289178256450265,0.0,-0.0
218121093750.0,0.21654147324079923,0.0,-13.289178256450265,0.0,-0.0
218148437500.0,0.21654147324079923,0.0,-13.289178256450265,0.0,-0.0
218175781250.0,0.21654147324079923,0.0,-13.289178256450265,0.0,-0.0
218203125000.0,0.21654147324079923,0.0,-13.289178256450265,0.0,-0.0
218230468750.0,0.21654147324079923,0.0,-13.289178256450265,0.0,-0.0
218257812500.0,0.21654147324079923,0.0,-13.289178256450265,0.0,-0.0
218285156250.0,0.21654147324079923,0.0,-13.289178256450265,0.0,-0.0
218312500000.0,0.21654147324079923,0.0,-13.289178256450265,0.0,-0.0
218339843750.0,0.21654147324079923,0.0,-13.289178256450265,0.0,-0.0
218367187500.0,0.21654147324079923,0.0,-13.289178256450265,0.0,-0.0
218394531250.0,0.21654147324079923,0.0,-13.289178256450265,0.0,-0.0
218421875000.0,0.21654147324079923,0.0,-13.289178256450265,0.0,-0.0
218449218750.0,0.21654147324079923,0.0,-13.289178256450265,0.0,-0.0
218476562500.0,0.21654147324079923,0.0,-13.289178256450265,0.0,-0.0
218503906250.0,0.21654147324079923,0.0,-13.289178256450265,0.0,-0.0
218531250000.0,0.21654147324079923,0.0,-13.289178256450265,0.0,-0.0
218558593750.0,0.21654147324079923,0.0,-13.289178256450265,0.0,-0.0
218585937500.0,0.21654147324079923,0.0,-13.289178256450265,0.0,-0.0
218613281250.0,0.21654147324079923,0.0,-13.289178256450265,0.0,-0.0
218640625000.0,0.21654147324079923,0.0,-13.289178256450265,0.0,-0.0
218667968750.0,0.21654147324079923,0.0,-13.289178256450265,0.0,-0.0
218695312500.0,0.21654147324079923,0.0,-13.289178256450265,0.0,-0.0
218722656250.0,0.21654147324079923,0.0,-13.289178256450265,0.0,-0.0
218750000000.0,0.21654147324079923,0.0,-13.289178256450265,0.0,-0.0
218777343750.0,0.21654147324079923,0.0,-13.289178256450265,0.0,-0.0
218804687500.0,0.21654147324079923,0.0,-13.289178256450265,0.0,-0.0
218832031250.0,0.21654147324079923,0.0,-13.289178256450265,0.0,-0.0
218859375000.0,0.21654147324079923,0.0,-13.289178256450265,0.0,-0.0
218886718750.0,0.21654147324079923,0.0,-13.289178256450265,0.0,-0.0
218914062500.0,0.21654147324079923,0.0,-13.289178256450265,0.0,-0.0
218941406250.0,0.21654147324079923,0.0,-13.289178256450265,0.0,-0.0
218968750000.0,0.21654147324079923,0.0,-13.289178256450265,0.0,-0.0
218996093750.0,0.21654147324079923,0.0,-13.289178256450265,0.0,-0.0
219023437500.0,0.21654147324079923,0.0,-13.289178256450265,0.0,-0.0
219050781250.0,0.21654147324079923,0.0,-13.289178256450265,0.0,-0.0
219078125000.0,0.21654147324079923,0.0,-13.289178256450265,0.0,-0.0
219105468750.0,0.21654147324079923,0.0,-13.289178256450265,0.0,-0.0
219132812500.0,0.21654147324079923,0.0,-13.289178256450265,0.0,-0.0
219160156250.0,0.21654147324079923,0.0,-13.289178256450265,0.0,-0.0
219187500000.0,0.21654147324079923,0.0,-13.289178256450265,0.0,-0.0
219214843750.0,0.21654147324079923,0.0,-13.289178256450265,0.0,-0.0
219242187500.0,0.21654147324079923,0.0,-13.289178256450265,0.0,-0.0
219269531250.0,0.21654147324079923,0.0,-13.289178256450265,0.0,-0.0
219296875000.0,0.21654147324079923,0.0,-13.289178256450265,0.0,-0.0
219324218750.0,0.21654147324079923,0.0,-13.289178256450265,0.0,-0.0
219351562500.0,0.21654147324079923,0.0,-13.289178256450265,0.0,-0.0
219378906250.0,0.21654147324079923,0.0,-13.289178256450265,0.0,-0.0
219406250000.0,0.21654147324079923,0.0,-13.289178256450265,0.0,-0.0
219433593750.0,0.21654147324079923,0.0,-13.289178256450265,0.0,-0.0
219460937500.0,0.21654147324079923,0.0,-13.289178256450265,0.0,-0.0
219488281250.0,0.21654147324079923,0.0,-13.289178256450265,0.0,-0.0
219515625000.0,0.21654147324079923,0.0,-13.289178256450265,0.0,-0.0
219542968750.0,0.21654147324079923,0.0,-13.289178256450265,0.0,-0.0
219570312500.0,0.21654147324079923,0.0,-13.289178256450265,0.0,-0.0
219597656250.0,0.21654147324079923,0.0,-13.289178256450265,0.0,-0.0
219625000000.0,0.21654147324079923,0.0,-13.289178256450265,0.0,-0.0
219652343750.0,0.21654147324079923,0.0,-13.289178256450265,0.0,-0.0
219679687500.0,0.21654147324079923,0.0,-13.289178256450265,0.0,-0.0
219707031250.0,0.21654147324079923,0.0,-13.289178256450265,0.0,-0.0
219734375000.0,0.21654147324079923,0.0,-13.289178256450265,0.0,-0.0
219761718750.0,0.21654147324079923,0.0,-13.289178256450265,0.0,-0.0
219789062500.0,0.21654147324079923,0.0,-13.289178256450265,0.0,-0.0
219816406250.0,0.21654147324079923,0.0,-13.289178256450265,0.0,-0.0
219843750000.0,0.21654147324079923,0.0,-13.289178256450265,0.0,-0.0
219871093750.0,0.21654147324079923,0.0,-13.289178256450265,0.0,-0.0
219898437500.0,0.21654147324079923,0.0,-13.289178256450265,0.0,-0.0
219925781250.0,0.21654147324079923,0.0,-13.289178256450265,0.0,-0.0
219953125000.0,0.21654147324079923,0.0,-13.289178256450265,0.0,-0.0
219980468750.0,0.21654147324079923,0.0,-13.289178256450265,0.0,-0.0
220007812500.0,0.21654147324079923,0.0,-13.289178256450265,0.0,-0.0
220035156250.0,0.21654147324079923,0.0,-13.289178256450265,0.0,-0.0
220062500000.0,0.21654147324079923,0.0,-13.289178256450265,0.0,-0.0
220089843750.0,0.21654147324079923,0.0,-13.289178256450265,0.0,-0.0
220117187500.0,0.21654147324079923,0.0,-13.289178256450265,0.0,-0.0
220144531250.0,0.21654147324079923,0.0,-13.289178256450265,0.0,-0.0
220171875000.0,0.21654147324079923,0.0,-13.289178256450265,0.0,-0.0
220199218750.0,0.21654147324079923,0.0,-13.289178256450265,0.0,-0.0
220226562500.0,0.21654147324079923,0.0,-13.289178256450265,0.0,-0.0
220253906250.0,0.21654147324079923,0.0,-13.289178256450265,0.0,-0.0
220281250000.0,0.21654147324079923,0.0,-13.289178256450265,0.0,-0.0
220308593750.0,0.21654147324079923,0.0,-13.289178256450265,0.0,-0.0
220335937500.0,0.21654147324079923,0.0,-13.289178256450265,0.0,-0.0
220363281250.0,0.21654147324079923,0.0,-13.289178256450265,0.0,-0.0
220390625000.0,0.21654147324079923,0.0,-13.289178256450265,0.0,-0.0
220417968750.0,0.21654147324079923,0.0,-13.289178256450265,0.0,-0.0
220445312500.0,0.21654147324079923,0.0,-13.289178256450265,0.0,-0.0
220472656250.0,0.21654147324079923,0.0,-13.289178256450265,0.0,-0.0
220500000000.0,0.21654147324079923,0.0,-13.289178256450265,0.0,-0.0
220527343750.0,0.21654147324079923,0.0,-13.289178256450265,0.0,-0.0
220554687500.0,0.21654147324079923,0.0,-13.289178256450265,0.0,-0.0
220582031250.0,0.21654147324079923,0.0,-13.289178256450265,0.0,-0.0
220609375000.0,0.21654147324079923,0.0,-13.289178256450265,0.0,-0.0
220636718750.0,0.21654147324079923,0.0,-13.289178256450265,0.0,-0.0
220664062500.0,0.21654147324079923,0.0,-13.289178256450265,0.0,-0.0
220691406250.0,0.21654147324079923,0.0,-13.289178256450265,0.0,-0.0
220718750000.0,0.21654147324079923,0.0,-13.289178256450265,0.0,-0.0
220746093750.0,0.21654147324079923,0.0,-13.289178256450265,0.0,-0.0
220773437500.0,0.21654147324079923,0.0,-13.289178256450265,0.0,-0.0
220800781250.0,0.21654147324079923,0.0,-13.289178256450265,0.0,-0.0
220828125000.0,0.21654147324079923,0.0,-13.289178256450265,0.0,-0.0
220855468750.0,0.21654147324079923,0.0,-13.289178256450265,0.0,-0.0
220882812500.0,0.21654147324079923,0.0,-13.289178256450265,0.0,-0.0
220910156250.0,0.21654147324079923,0.0,-13.289178256450265,0.0,-0.0
220937500000.0,0.21654147324079923,0.0,-13.289178256450265,0.0,-0.0
220964843750.0,0.21654147324079923,0.0,-13.289178256450265,0.0,-0.0
220992187500.0,0.21654147324079923,0.0,-13.289178256450265,0.0,-0.0
221019531250.0,0.21654147324079923,0.0,-13.289178256450265,0.0,-0.0
221046875000.0,0.21654147324079923,0.0,-13.289178256450265,0.0,-0.0
221074218750.0,0.21654147324079923,0.0,-13.289178256450265,0.0,-0.0
221101562500.0,0.21654147324079923,0.0,-13.289178256450265,0.0,-0.0
221128906250.0,0.21654147324079923,0.0,-13.289178256450265,0.0,-0.0
221156250000.0,0.21654147324079923,0.0,-13.289178256450265,0.0,-0.0
221183593750.0,0.21654147324079923,0.0,-13.289178256450265,0.0,-0.0
221210937500.0,0.21654147324079923,0.0,-13.289178256450265,0.0,-0.0
221238281250.0,0.21654147324079923,0.0,-13.289178256450265,0.0,-0.0
221265625000.0,0.21654147324079923,0.0,-13.289178256450265,0.0,-0.0
221292968750.0,0.21654147324079923,0.0,-13.289178256450265,0.0,-0.0
221320312500.0,0.21654147324079923,0.0,-13.289178256450265,0.0,-0.0
221347656250.0,0.21654147324079923,0.0,-13.289178256450265,0.0,-0.0
221375000000.0,0.21654147324079923,0.0,-13.289178256450265,0.0,-0.0
221402343750.0,0.21654147324079923,0.0,-13.289178256450265,0.0,-0.0
221429687500.0,0.21654147324079923,0.0,-13.289178256450265,0.0,-0.0
221457031250.0,0.21654147324079923,0.0,-13.289178256450265,0.0,-0.0
221484375000.0,0.21654147324079923,0.0,-13.289178256450265,0.0,-0.0
221511718750.0,0.21654147324079923,0.0,-13.289178256450265,0.0,-0.0
221539062500.0,0.21654147324079923,0.0,-13.289178256450265,0.0,-0.0
221566406250.0,0.21654147324079923,0.0,-13.289178256450265,0.0,-0.0
221593750000.0,0.21654147324079923,0.0,-13.289178256450265,0.0,-0.0
221621093750.0,0.21654147324079923,0.0,-13.289178256450265,0.0,-0.0
221648437500.0,0.21654147324079923,0.0,-13.289178256450265,0.0,-0.0
221675781250.0,0.21654147324079923,0.0,-13.289178256450265,0.0,-0.0
221703125000.0,0.21654147324079923,0.0,-13.289178256450265,0.0,-0.0
221730468750.0,0.21654147324079923,0.0,-13.289178256450265,0.0,-0.0
221757812500.0,0.21654147324079923,0.0,-13.289178256450265,0.0,-0.0
221785156250.0,0.21654147324079923,0.0,-13.289178256450265,0.0,-0.0
221812500000.0,0.21654147324079923,0.0,-13.289178256450265,0.0,-0.0
221839843750.0,0.21654147324079923,0.0,-13.289178256450265,0.0,-0.0
221867187500.0,0.21654147324079923,0.0,-13.289178256450265,0.0,-0.0
221894531250.0,0.21654147324079923,0.0,-13.289178256450265,0.0,-0.0
221921875000.0,0.21654147324079923,0.0,-13.289178256450265,0.0,-0.0
221949218750.0,0.21654147324079923,0.0,-13.289178256450265,0.0,-0.0
221976562500.0,0.21654147324079923,0.0,-13.289178256450265,0.0,-0.0
222003906250.0,0.21654147324079923,0.0,-13.289178256450265,0.0,-0.0
222031250000.0,0.21654147324079923,0.0,-13.289178256450265,0.0,-0.0
222058593750.0,0.21654147324079923,0.0,-13.289178256450265,0.0,-0.0
222085937500.0,0.21654147324079923,0.0,-13.289178256450265,0.0,-0.0
222113281250.0,0.21654147324079923,0.0,-13.289178256450265,0.0,-0.0
222140625000.0,0.21654147324079923,0.0,-13.289178256450265,0.0,-0.0
222167968750.0,0.21654147324079923,0.0,-13.289178256450265,0.0,-0.0
222195312500.0,0.21654147324079923,0.0,-13.289178256450265,0.0,-0.0
222222656250.0,0.21654147324079923,0.0,-13.289178256450265,0.0,-0.0
222250000000.0,0.21654147324079923,0.0,-13.289178256450265,0.0,-0.0
222277343750.0,0.21654147324079923,0.0,-13.289178256450265,0.0,-0.0
222304687500.0,0.21654147324079923,0.0,-13.289178256450265,0.0,-0.0
222332031250.0,0.21654147324079923,0.0,-13.289178256450265,0.0,-0.0
222359375000.0,0.21654147324079923,0.0,-13.289178256450265,0.0,-0.0
222386718750.0,0.21654147324079923,0.0,-13.289178256450265,0.0,-0.0
222414062500.0,0.21654147324079923,0.0,-13.289178256450265,0.0,-0.0
222441406250.0,0.21654147324079923,0.0,-13.289178256450265,0.0,-0.0
222468750000.0,0.21654147324079923,0.0,-13.289178256450265,0.0,-0.0
222496093750.0,0.21654147324079923,0.0,-13.289178256450265,0.0,-0.0
222523437500.0,0.21654147324079923,0.0,-13.289178256450265,0.0,-0.0
222550781250.0,0.21654147324079923,0.0,-13.289178256450265,0.0,-0.0
222578125000.0,0.21654147324079923,0.0,-13.289178256450265,0.0,-0.0
222605468750.0,0.21654147324079923,0.0,-13.289178256450265,0.0,-0.0
222632812500.0,0.21654147324079923,0.0,-13.289178256450265,0.0,-0.0
222660156250.0,0.21654147324079923,0.0,-13.289178256450265,0.0,-0.0
222687500000.0,0.21654147324079923,0.0,-13.289178256450265,0.0,-0.0
222714843750.0,0.21654147324079923,0.0,-13.289178256450265,0.0,-0.0
222742187500.0,0.21654147324079923,0.0,-13.289178256450265,0.0,-0.0
222769531250.0,0.21654147324079923,0.0,-13.289178256450265,0.0,-0.0
222796875000.0,0.21654147324079923,0.0,-13.289178256450265,0.0,-0.0
222824218750.0,0.21654147324079923,0.0,-13.289178256450265,0.0,-0.0
222851562500.0,0.21654147324079923,0.0,-13.289178256450265,0.0,-0.0
222878906250.0,0.21654147324079923,0.0,-13.289178256450265,0.0,-0.0
222906250000.0,0.21654147324079923,0.0,-13.289178256450265,0.0,-0.0
222933593750.0,0.21654147324079923,0.0,-13.289178256450265,0.0,-0.0
222960937500.0,0.21654147324079923,0.0,-13.289178256450265,0.0,-0.0
222988281250.0,0.21654147324079923,0.0,-13.289178256450265,0.0,-0.0
223015625000.0,0.21654147324079923,0.0,-13.289178256450265,0.0,-0.0
223042968750.0,0.21654147324079923,0.0,-13.289178256450265,0.0,-0.0
223070312500.0,0.21654147324079923,0.0,-13.289178256450265,0.0,-0.0
223097656250.0,0.21654147324079923,0.0,-13.289178256450265,0.0,-0.0
223125000000.0,0.21654147324079923,0.0,-13.289178256450265,0.0,-0.0
223152343750.0,0.21654147324079923,0.0,-13.289178256450265,0.0,-0.0
223179687500.0,0.21654147324079923,0.0,-13.289178256450265,0.0,-0.0
223207031250.0,0.21654147324079923,0.0,-13.289178256450265,0.0,-0.0
223234375000.0,0.21654147324079923,0.0,-13.289178256450265,0.0,-0.0
223261718750.0,0.21654147324079923,0.0,-13.289178256450265,0.0,-0.0
223289062500.0,0.21654147324079923,0.0,-13.289178256450265,0.0,-0.0
223316406250.0,0.21654147324079923,0.0,-13.289178256450265,0.0,-0.0
223343750000.0,0.21654147324079923,0.0,-13.289178256450265,0.0,-0.0
223371093750.0,0.21654147324079923,0.0,-13.289178256450265,0.0,-0.0
223398437500.0,0.21654147324079923,0.0,-13.289178256450265,0.0,-0.0
223425781250.0,0.21654147324079923,0.0,-13.289178256450265,0.0,-0.0
223453125000.0,0.21654147324079923,0.0,-13.289178256450265,0.0,-0.0
223480468750.0,0.21654147324079923,0.0,-13.289178256450265,0.0,-0.0
223507812500.0,0.21654147324079923,0.0,-13.289178256450265,0.0,-0.0
223535156250.0,0.21654147324079923,0.0,-13.289178256450265,0.0,-0.0
223562500000.0,0.21654147324079923,0.0,-13.289178256450265,0.0,-0.0
223589843750.0,0.21654147324079923,0.0,-13.289178256450265,0.0,-0.0
223617187500.0,0.21654147324079923,0.0,-13.289178256450265,0.0,-0.0
223644531250.0,0.21654147324079923,0.0,-13.289178256450265,0.0,-0.0
223671875000.0,0.21654147324079923,0.0,-13.289178256450265,0.0,-0.0
223699218750.0,0.21654147324079923,0.0,-13.289178256450265,0.0,-0.0
223726562500.0,0.21654147324079923,0.0,-13.289178256450265,0.0,-0.0
223753906250.0,0.21654147324079923,0.0,-13.289178256450265,0.0,-0.0
223781250000.0,0.21654147324079923,0.0,-13.289178256450265,0.0,-0.0
223808593750.0,0.21654147324079923,0.0,-13.289178256450265,0.0,-0.0
223835937500.0,0.21654147324079923,0.0,-13.289178256450265,0.0,-0.0
223863281250.0,0.21654147324079923,0.0,-13.289178256450265,0.0,-0.0
223890625000.0,0.21654147324079923,0.0,-13.289178256450265,0.0,-0.0
223917968750.0,0.21654147324079923,0.0,-13.289178256450265,0.0,-0.0
223945312500.0,0.21654147324079923,0.0,-13.289178256450265,0.0,-0.0
223972656250.0,0.21654147324079923,0.0,-13.289178256450265,0.0,-0.0
224000000000.0,0.21654147324079923,0.0,-13.289178256450265,0.0,-0.0
